2026-06-12 16:38:37 [warn]: Firebase Admin SDK: credentials not configured — running in degraded mode (cookie-based quota only).
2026-06-12 16:38:37 [warn]: Stripe: secret key not configured — payment features disabled.
2026-06-12 16:38:37 [warn]: ⚠️  yt-dlp NOT FOUND — install via: pip install yt-dlp
2026-06-12 16:38:37 [warn]:    Video extraction will fail until yt-dlp is installed.
2026-06-12 16:38:37 [warn]: ⚠️  FFmpeg NOT FOUND — install from: https://ffmpeg.org/download.html
2026-06-12 16:38:37 [warn]:    Merged 4K downloads will fail until FFmpeg is installed.
2026-06-12 16:38:37 [info]: 
🚀 Video Downloader API running at http://localhost:3000
2026-06-12 16:38:37 [info]:    Environment: development
2026-06-12 16:38:37 [info]:    Open http://localhost:3000 in your browser

2026-06-12 16:39:06 [debug]: GET /api/health 200 6ms — ::1
2026-06-12 16:39:26 [info]: [yt-dlp] Extracting info: https://www.youtube.com/watch?v=jNQXAC9IVRw
2026-06-12 16:39:26 [error]: [/api/extract] Error for URL "https://www.youtube.com/watch?v=jNQXAC9IVRw": yt-dlp is not installed or not in PATH. Please install yt-dlp: https://github.com/yt-dlp/yt-dlp
2026-06-12 16:39:26 [warn]: POST / 422 9ms — ::1
2026-06-12 16:39:26 [error]: [yt-dlp] Exit code -4058: 
2026-06-12 16:39:37 [debug]: GET / 200 6ms — ::1
2026-06-12 16:39:50 [warn]: URL validation failed: Unsupported platform. Supported: YouTube, Twitter/X, Instagram, TikTok, Facebook, Vimeo, Dailymotion, Reddit, Twitch, SoundCloud, Bilibili, and more. | Input: https://evil.com/hack
2026-06-12 16:39:50 [warn]: POST / 400 2ms — ::1
2026-06-12 16:42:17 [warn]: Firebase Admin SDK: credentials not configured — running in degraded mode (cookie-based quota only).
2026-06-12 16:42:17 [warn]: Stripe: secret key not configured — payment features disabled.
2026-06-12 16:42:17 [warn]: ⚠️  yt-dlp NOT FOUND — install via: pip install yt-dlp
2026-06-12 16:42:17 [warn]:    Video extraction will fail until yt-dlp is installed.
2026-06-12 16:42:17 [warn]: ⚠️  FFmpeg NOT FOUND — install from: https://ffmpeg.org/download.html
2026-06-12 16:42:17 [warn]:    Merged 4K downloads will fail until FFmpeg is installed.
2026-06-12 16:42:17 [info]: 
🚀 Video Downloader API running at http://localhost:3000
2026-06-12 16:42:17 [info]:    Environment: development
2026-06-12 16:42:17 [info]:    Open http://localhost:3000 in your browser

2026-06-12 16:47:37 [debug]: GET / 200 34ms — ::1
2026-06-12 16:47:37 [debug]: GET /css/styles.css 200 31ms — ::1
2026-06-12 16:47:37 [debug]: GET /js/api.js 200 23ms — ::1
2026-06-12 16:47:37 [debug]: GET /js/auth.js 200 26ms — ::1
2026-06-12 16:47:37 [debug]: GET /js/ui.js 200 28ms — ::1
2026-06-12 16:47:37 [debug]: GET /js/app.js 200 28ms — ::1
2026-06-12 16:47:38 [debug]: GET /favicon.ico 200 12ms — ::1
2026-06-12 16:48:25 [info]: [yt-dlp] Extracting info: https://youtube.com/shorts/5N5YSWqeu3k?si=VK7kU1wg7YRzp7K6
2026-06-12 16:48:25 [error]: [/api/extract] Error for URL "https://youtube.com/shorts/5N5YSWqeu3k?si=VK7kU1wg7YRzp7K6": yt-dlp is not installed or not in PATH. Please install yt-dlp: https://github.com/yt-dlp/yt-dlp
2026-06-12 16:48:25 [warn]: POST / 422 27ms — ::1
2026-06-12 16:48:25 [error]: [yt-dlp] Exit code -4058: 
2026-06-12 16:48:29 [info]: [yt-dlp] Extracting info: https://youtube.com/shorts/5N5YSWqeu3k?si=VK7kU1wg7YRzp7K6
2026-06-12 16:48:29 [error]: [/api/extract] Error for URL "https://youtube.com/shorts/5N5YSWqeu3k?si=VK7kU1wg7YRzp7K6": yt-dlp is not installed or not in PATH. Please install yt-dlp: https://github.com/yt-dlp/yt-dlp
2026-06-12 16:48:30 [warn]: POST / 422 21ms — ::1
2026-06-12 16:48:30 [error]: [yt-dlp] Exit code -4058: 
2026-06-12 16:52:55 [warn]: Firebase Admin SDK: credentials not configured — running in degraded mode (cookie-based quota only).
2026-06-12 16:52:55 [warn]: Stripe: secret key not configured — payment features disabled.
2026-06-12 16:52:56 [info]: ✅ yt-dlp found: v2026.06.09
2026-06-12 16:52:56 [warn]: ⚠️  FFmpeg NOT FOUND — install from: https://ffmpeg.org/download.html
2026-06-12 16:52:56 [warn]:    Merged 4K downloads will fail until FFmpeg is installed.
2026-06-12 16:52:56 [info]: 
🚀 Video Downloader API running at http://localhost:3000
2026-06-12 16:52:56 [info]:    Environment: development
2026-06-12 16:52:56 [info]:    Open http://localhost:3000 in your browser

2026-06-12 16:53:52 [warn]: Firebase Admin SDK: credentials not configured — running in degraded mode (cookie-based quota only).
2026-06-12 16:53:52 [warn]: Stripe: secret key not configured — payment features disabled.
2026-06-12 16:53:54 [info]: ✅ yt-dlp found: v2026.06.09
2026-06-12 16:53:54 [warn]: ⚠️  FFmpeg NOT FOUND — install from: https://ffmpeg.org/download.html
2026-06-12 16:53:54 [warn]:    Merged 4K downloads will fail until FFmpeg is installed.
2026-06-12 16:53:54 [info]: 
🚀 Video Downloader API running at http://localhost:3000
2026-06-12 16:53:54 [info]:    Environment: development
2026-06-12 16:53:54 [info]:    Open http://localhost:3000 in your browser

2026-06-12 16:55:04 [info]: [yt-dlp] Extracting info: https://www.youtube.com/watch?v=jNQXAC9IVRw
2026-06-12 16:55:08 [info]: [yt-dlp] Extracted "Me at the zoo" — 11 formats found.
2026-06-12 16:55:08 [debug]: Quota recorded for ::1: 1/3
2026-06-12 16:55:08 [debug]: POST / 200 4211ms — ::1
2026-06-12 16:58:25 [info]: [yt-dlp] Extracting info: https://youtube.com/shorts/5N5YSWqeu3k?si=VK7kU1wg7YRzp7K6
2026-06-12 16:58:30 [info]: [yt-dlp] Extracted "RAAJ MERA (Official Music)| DIVIT | RAP 2026 #RaajMera #HindiSong  #NewSong2026 #TrendingSong #music" — 29 formats found.
2026-06-12 16:58:30 [debug]: Quota recorded for ::1: 2/3
2026-06-12 16:58:30 [debug]: POST / 200 4842ms — ::1
2026-06-12 17:00:22 [error]: [Stripe] create-checkout error: Payment system is not configured. Please add your Stripe keys to .env.
2026-06-12 17:00:22 [error]: POST /create-checkout 500 44ms — ::1
2026-06-12 17:03:21 [info]: [yt-dlp] Extracting info: https://youtu.be/YyepU5ztLf4?si=6wwTjRI5yKhx9oUP
2026-06-12 17:03:26 [info]: [yt-dlp] Extracted "Shararat | Dhurandhar | Ranveer, Aditya Dhar, Shashwat, Jasmine, Madhubanti, Ayesha, Krystle" — 31 formats found.
2026-06-12 17:03:26 [debug]: Quota recorded for ::1: 3/3
2026-06-12 17:03:26 [debug]: POST / 200 5534ms — ::1
2026-06-12 17:06:49 [warn]: Firebase Admin SDK: credentials not configured — running in degraded mode (cookie-based quota only).
2026-06-12 17:06:49 [warn]: Stripe: secret key not configured — payment features disabled.
2026-06-12 17:06:50 [info]: ✅ yt-dlp found: v2026.06.09
2026-06-12 17:06:50 [warn]: ⚠️  FFmpeg NOT FOUND — install from: https://ffmpeg.org/download.html
2026-06-12 17:06:50 [warn]:    Merged 4K downloads will fail until FFmpeg is installed.
2026-06-12 17:06:50 [info]: 
🚀 Video Downloader API running at http://localhost:3000
2026-06-12 17:06:50 [info]:    Environment: development
2026-06-12 17:06:50 [info]:    Open http://localhost:3000 in your browser

2026-06-12 17:07:03 [warn]: Firebase Admin SDK: credentials not configured — running in degraded mode (cookie-based quota only).
2026-06-12 17:07:03 [warn]: Stripe: secret key not configured — payment features disabled.
2026-06-12 17:07:04 [info]: ✅ yt-dlp found: v2026.06.09
2026-06-12 17:07:04 [warn]: ⚠️  FFmpeg NOT FOUND — install from: https://ffmpeg.org/download.html
2026-06-12 17:07:04 [warn]:    Merged 4K downloads will fail until FFmpeg is installed.
2026-06-12 17:07:04 [info]: 
🚀 Video Downloader API running at http://localhost:3000
2026-06-12 17:07:04 [info]:    Environment: development
2026-06-12 17:07:04 [info]:    Open http://localhost:3000 in your browser

2026-06-12 17:07:17 [warn]: Firebase Admin SDK: credentials not configured — running in degraded mode (cookie-based quota only).
2026-06-12 17:07:17 [warn]: Stripe: secret key not configured — payment features disabled.
2026-06-12 17:07:18 [info]: ✅ yt-dlp found: v2026.06.09
2026-06-12 17:07:18 [warn]: ⚠️  FFmpeg NOT FOUND — install from: https://ffmpeg.org/download.html
2026-06-12 17:07:18 [warn]:    Merged 4K downloads will fail until FFmpeg is installed.
2026-06-12 17:07:18 [info]: 
🚀 Video Downloader API running at http://localhost:3000
2026-06-12 17:07:18 [info]:    Environment: development
2026-06-12 17:07:18 [info]:    Open http://localhost:3000 in your browser

2026-06-12 17:07:27 [warn]: Firebase Admin SDK: credentials not configured — running in degraded mode (cookie-based quota only).
2026-06-12 17:07:27 [warn]: Stripe: secret key not configured — payment features disabled.
2026-06-12 17:07:28 [info]: ✅ yt-dlp found: v2026.06.09
2026-06-12 17:07:28 [warn]: ⚠️  FFmpeg NOT FOUND — install from: https://ffmpeg.org/download.html
2026-06-12 17:07:28 [warn]:    Merged 4K downloads will fail until FFmpeg is installed.
2026-06-12 17:07:28 [info]: 
🚀 Video Downloader API running at http://localhost:3000
2026-06-12 17:07:28 [info]:    Environment: development
2026-06-12 17:07:28 [info]:    Open http://localhost:3000 in your browser

2026-06-12 17:07:39 [warn]: Firebase Admin SDK: credentials not configured — running in degraded mode (cookie-based quota only).
2026-06-12 17:07:39 [warn]: Stripe: secret key not configured — payment features disabled.
2026-06-12 17:07:41 [info]: ✅ yt-dlp found: v2026.06.09
2026-06-12 17:07:41 [warn]: ⚠️  FFmpeg NOT FOUND — install from: https://ffmpeg.org/download.html
2026-06-12 17:07:41 [warn]:    Merged 4K downloads will fail until FFmpeg is installed.
2026-06-12 17:07:41 [info]: 
🚀 Video Downloader API running at http://localhost:3000
2026-06-12 17:07:41 [info]:    Environment: development
2026-06-12 17:07:41 [info]:    Open http://localhost:3000 in your browser

2026-06-12 17:07:55 [info]: [yt-dlp] Extracting info: https://www.youtube.com/watch?v=jNQXAC9IVRw
2026-06-12 17:07:59 [info]: [yt-dlp] Extracted "Me at the zoo" — 11 formats found.
2026-06-12 17:07:59 [debug]: Quota recorded for ::1: 1/3
2026-06-12 17:07:59 [debug]: POST / 200 3841ms — ::1
2026-06-12 17:07:59 [info]: [Proxy] → https://rr4---sn-g5qpoxu-w5pe.googlevideo.com/videoplayback?expire=1781285878&ei=lu8raqXWOMmwjuMPvej... filename="test.mp4"
2026-06-12 17:08:31 [error]: [Proxy] Stream error: aborted
2026-06-12 17:10:16 [warn]: Firebase Admin SDK: credentials not configured — running in degraded mode (cookie-based quota only).
2026-06-12 17:10:16 [warn]: Stripe: secret key not configured — payment features disabled.
2026-06-12 17:10:17 [info]: ✅ yt-dlp found: v2026.06.09
2026-06-12 17:10:17 [warn]: ⚠️  FFmpeg NOT FOUND — install from: https://ffmpeg.org/download.html
2026-06-12 17:10:17 [warn]:    Merged 4K downloads will fail until FFmpeg is installed.
2026-06-12 17:10:17 [info]: 
🚀 Video Downloader API running at http://localhost:3000
2026-06-12 17:10:17 [info]:    Environment: development
2026-06-12 17:10:17 [info]:    Open http://localhost:3000 in your browser

2026-06-12 17:18:56 [debug]: GET / 304 10ms — ::1
2026-06-12 17:18:56 [debug]: GET /favicon.ico 304 7ms — ::1
2026-06-12 17:19:01 [debug]: GET / 200 7ms — ::1
2026-06-12 17:19:01 [debug]: GET /css/styles.css 200 8ms — ::1
2026-06-12 17:19:01 [debug]: GET /js/api.js 200 10ms — ::1
2026-06-12 17:19:01 [debug]: GET /js/auth.js 200 13ms — ::1
2026-06-12 17:19:01 [debug]: GET /js/ui.js 200 16ms — ::1
2026-06-12 17:19:01 [debug]: GET /js/app.js 200 17ms — ::1
2026-06-12 17:19:02 [debug]: GET /favicon.ico 200 5ms — ::1
2026-06-12 17:19:08 [info]: [yt-dlp] Extracting info: https://youtu.be/YyepU5ztLf4?si=6wwTjRI5yKhx9oUP
2026-06-12 17:19:12 [info]: [yt-dlp] Extracted "Shararat | Dhurandhar | Ranveer, Aditya Dhar, Shashwat, Jasmine, Madhubanti, Ayesha, Krystle" — 31 formats found.
2026-06-12 17:19:12 [debug]: Quota recorded for ::1: 1/3
2026-06-12 17:19:12 [debug]: POST / 200 4261ms — ::1
2026-06-12 17:20:43 [info]: [yt-dlp] Extracting info: https://www.youtube.com/watch?v=jNQXAC9IVRw
2026-06-12 17:20:46 [info]: [yt-dlp] Extracted "Me at the zoo" — 11 formats found.
2026-06-12 17:20:46 [debug]: Quota recorded for ::1: 2/3
2026-06-12 17:20:46 [debug]: POST / 200 3665ms — ::1
2026-06-12 17:20:46 [info]: [Proxy] → https://rr4---sn-g5qpoxu-w5pe.googlevideo.com/videoplayback?expire=1781286646&ei=lvIrarvOGs_BssUPmcq... filename="test.mp4"
2026-06-12 17:20:48 [debug]: GET / 200 1175ms — ::1
2026-06-12 17:21:16 [warn]: Firebase Admin SDK: credentials not configured — running in degraded mode (cookie-based quota only).
2026-06-12 17:21:16 [warn]: Stripe: secret key not configured — payment features disabled.
2026-06-12 17:21:17 [info]: ✅ yt-dlp found: v2026.06.09
2026-06-12 17:21:17 [warn]: ⚠️  FFmpeg NOT FOUND — install from: https://ffmpeg.org/download.html
2026-06-12 17:21:17 [warn]:    Merged 4K downloads will fail until FFmpeg is installed.
2026-06-12 17:21:17 [info]: 
🚀 Video Downloader API running at http://localhost:3000
2026-06-12 17:21:17 [info]:    Environment: development
2026-06-12 17:21:17 [info]:    Open http://localhost:3000 in your browser

2026-06-12 17:21:22 [warn]: Firebase Admin SDK: credentials not configured — running in degraded mode (cookie-based quota only).
2026-06-12 17:21:22 [warn]: Stripe: secret key not configured — payment features disabled.
2026-06-12 17:21:23 [info]: ✅ yt-dlp found: v2026.06.09
2026-06-12 17:21:23 [warn]: ⚠️  FFmpeg NOT FOUND — install from: https://ffmpeg.org/download.html
2026-06-12 17:21:23 [warn]:    Merged 4K downloads will fail until FFmpeg is installed.
2026-06-12 17:21:23 [info]: 
🚀 Video Downloader API running at http://localhost:3000
2026-06-12 17:21:23 [info]:    Environment: development
2026-06-12 17:21:23 [info]:    Open http://localhost:3000 in your browser

2026-06-12 17:22:24 [debug]: GET / 200 14ms — ::1
2026-06-12 17:22:24 [debug]: GET /js/api.js 200 16ms — ::1
2026-06-12 17:22:24 [debug]: GET /css/styles.css 200 22ms — ::1
2026-06-12 17:22:24 [debug]: GET /js/auth.js 200 19ms — ::1
2026-06-12 17:22:24 [debug]: GET /js/ui.js 200 10ms — ::1
2026-06-12 17:22:24 [debug]: GET /js/app.js 200 12ms — ::1
2026-06-12 17:22:25 [debug]: GET /favicon.ico 200 7ms — ::1
2026-06-12 17:22:28 [info]: [yt-dlp] Extracting info: https://youtu.be/YyepU5ztLf4?si=6wwTjRI5yKhx9oUP
2026-06-12 17:22:32 [info]: [yt-dlp] Extracted "Shararat | Dhurandhar | Ranveer, Aditya Dhar, Shashwat, Jasmine, Madhubanti, Ayesha, Krystle" — 31 formats found.
2026-06-12 17:22:32 [debug]: Quota recorded for ::1: 1/3
2026-06-12 17:22:32 [debug]: POST / 200 4230ms — ::1
2026-06-12 17:23:10 [debug]: GET / 200 4ms — ::1
2026-06-12 17:23:10 [debug]: GET /css/styles.css 200 4ms — ::1
2026-06-12 17:23:10 [debug]: GET /js/api.js 200 7ms — ::1
2026-06-12 17:23:10 [debug]: GET /js/auth.js 200 7ms — ::1
2026-06-12 17:23:10 [debug]: GET /js/ui.js 200 7ms — ::1
2026-06-12 17:23:10 [debug]: GET /js/app.js 200 15ms — ::1
2026-06-12 17:23:11 [debug]: GET /favicon.ico 200 4ms — ::1
2026-06-12 17:23:14 [info]: [yt-dlp] Extracting info: https://youtu.be/YyepU5ztLf4?si=6wwTjRI5yKhx9oUP
2026-06-12 17:23:19 [info]: [yt-dlp] Extracted "Shararat | Dhurandhar | Ranveer, Aditya Dhar, Shashwat, Jasmine, Madhubanti, Ayesha, Krystle" — 31 formats found.
2026-06-12 17:23:19 [debug]: Quota recorded for ::1: 2/3
2026-06-12 17:23:19 [debug]: POST / 200 4105ms — ::1
2026-06-12 17:24:17 [info]: [yt-dlp] Extracting info: https://youtu.be/YyepU5ztLf4?si=6wwTjRI5yKhx9oUP
2026-06-12 17:24:22 [info]: [yt-dlp] Extracted "Shararat | Dhurandhar | Ranveer, Aditya Dhar, Shashwat, Jasmine, Madhubanti, Ayesha, Krystle" — 31 formats found.
2026-06-12 17:24:22 [debug]: Quota recorded for ::1: 3/3
2026-06-12 17:24:22 [debug]: POST / 200 4200ms — ::1
2026-06-12 17:27:00 [warn]: Firebase Admin SDK: credentials not configured — running in degraded mode (cookie-based quota only).
2026-06-12 17:27:00 [warn]: Stripe: secret key not configured — payment features disabled.
2026-06-12 17:27:01 [info]: ✅ yt-dlp found: v2026.06.09
2026-06-12 17:27:01 [warn]: ⚠️  FFmpeg NOT FOUND — install from: https://ffmpeg.org/download.html
2026-06-12 17:27:01 [warn]:    Merged 4K downloads will fail until FFmpeg is installed.
2026-06-12 17:27:01 [info]: 
🚀 Video Downloader API running at http://localhost:3000
2026-06-12 17:27:01 [info]:    Environment: development
2026-06-12 17:27:01 [info]:    Open http://localhost:3000 in your browser

2026-06-12 17:27:09 [warn]: Firebase Admin SDK: credentials not configured — running in degraded mode (cookie-based quota only).
2026-06-12 17:27:09 [warn]: Stripe: secret key not configured — payment features disabled.
2026-06-12 17:27:10 [info]: ✅ yt-dlp found: v2026.06.09
2026-06-12 17:27:10 [warn]: ⚠️  FFmpeg NOT FOUND — install from: https://ffmpeg.org/download.html
2026-06-12 17:27:10 [warn]:    Merged 4K downloads will fail until FFmpeg is installed.
2026-06-12 17:27:10 [info]: 
🚀 Video Downloader API running at http://localhost:3000
2026-06-12 17:27:10 [info]:    Environment: development
2026-06-12 17:27:10 [info]:    Open http://localhost:3000 in your browser

2026-06-12 17:27:26 [warn]: Firebase Admin SDK: credentials not configured — running in degraded mode (cookie-based quota only).
2026-06-12 17:27:27 [warn]: Stripe: secret key not configured — payment features disabled.
2026-06-12 17:27:28 [info]: ✅ yt-dlp found: v2026.06.09
2026-06-12 17:27:28 [warn]: ⚠️  FFmpeg NOT FOUND — install from: https://ffmpeg.org/download.html
2026-06-12 17:27:28 [warn]:    Merged 4K downloads will fail until FFmpeg is installed.
2026-06-12 17:27:28 [info]: 
🚀 Video Downloader API running at http://localhost:3000
2026-06-12 17:27:28 [info]:    Environment: development
2026-06-12 17:27:28 [info]:    Open http://localhost:3000 in your browser

2026-06-12 17:27:35 [warn]: Firebase Admin SDK: credentials not configured — running in degraded mode (cookie-based quota only).
2026-06-12 17:27:35 [warn]: Stripe: secret key not configured — payment features disabled.
2026-06-12 17:27:36 [info]: ✅ yt-dlp found: v2026.06.09
2026-06-12 17:27:36 [warn]: ⚠️  FFmpeg NOT FOUND — install from: https://ffmpeg.org/download.html
2026-06-12 17:27:36 [warn]:    Merged 4K downloads will fail until FFmpeg is installed.
2026-06-12 17:27:36 [info]: 
🚀 Video Downloader API running at http://localhost:3000
2026-06-12 17:27:36 [info]:    Environment: development
2026-06-12 17:27:36 [info]:    Open http://localhost:3000 in your browser

2026-06-12 17:27:55 [warn]: Firebase Admin SDK: credentials not configured — running in degraded mode (cookie-based quota only).
2026-06-12 17:27:55 [warn]: Stripe: secret key not configured — payment features disabled.
2026-06-12 17:27:56 [info]: ✅ yt-dlp found: v2026.06.09
2026-06-12 17:27:56 [warn]: ⚠️  FFmpeg NOT FOUND — install from: https://ffmpeg.org/download.html
2026-06-12 17:27:56 [warn]:    Merged 4K downloads will fail until FFmpeg is installed.
2026-06-12 17:27:56 [info]: 
🚀 Video Downloader API running at http://localhost:3000
2026-06-12 17:27:56 [info]:    Environment: development
2026-06-12 17:27:56 [info]:    Open http://localhost:3000 in your browser

2026-06-12 17:28:13 [warn]: Firebase Admin SDK: credentials not configured — running in degraded mode (cookie-based quota only).
2026-06-12 17:28:13 [warn]: Stripe: secret key not configured — payment features disabled.
2026-06-12 17:28:14 [info]: ✅ yt-dlp found: v2026.06.09
2026-06-12 17:28:14 [warn]: ⚠️  FFmpeg NOT FOUND — install from: https://ffmpeg.org/download.html
2026-06-12 17:28:14 [warn]:    Merged 4K downloads will fail until FFmpeg is installed.
2026-06-12 17:28:14 [info]: 
🚀 Video Downloader API running at http://localhost:3000
2026-06-12 17:28:14 [info]:    Environment: development
2026-06-12 17:28:14 [info]:    Open http://localhost:3000 in your browser

2026-06-12 17:28:21 [warn]: Firebase Admin SDK: credentials not configured — running in degraded mode (cookie-based quota only).
2026-06-12 17:28:21 [warn]: Stripe: secret key not configured — payment features disabled.
2026-06-12 17:28:22 [info]: ✅ yt-dlp found: v2026.06.09
2026-06-12 17:28:22 [warn]: ⚠️  FFmpeg NOT FOUND — install from: https://ffmpeg.org/download.html
2026-06-12 17:28:22 [warn]:    Merged 4K downloads will fail until FFmpeg is installed.
2026-06-12 17:28:22 [info]: 
🚀 Video Downloader API running at http://localhost:3000
2026-06-12 17:28:22 [info]:    Environment: development
2026-06-12 17:28:22 [info]:    Open http://localhost:3000 in your browser

2026-06-12 17:28:40 [warn]: Firebase Admin SDK: credentials not configured — running in degraded mode (cookie-based quota only).
2026-06-12 17:28:40 [warn]: Stripe: secret key not configured — payment features disabled.
2026-06-12 17:28:41 [info]: ✅ yt-dlp found: v2026.06.09
2026-06-12 17:28:41 [warn]: ⚠️  FFmpeg NOT FOUND — install from: https://ffmpeg.org/download.html
2026-06-12 17:28:41 [warn]:    Merged 4K downloads will fail until FFmpeg is installed.
2026-06-12 17:28:41 [info]: 
🚀 Video Downloader API running at http://localhost:3000
2026-06-12 17:28:41 [info]:    Environment: development
2026-06-12 17:28:41 [info]:    Open http://localhost:3000 in your browser

2026-06-12 17:29:31 [debug]: GET / 304 10ms — ::1
2026-06-12 17:29:31 [debug]: GET /favicon.ico 304 6ms — ::1
2026-06-12 17:29:40 [debug]: GET / 200 11ms — ::1
2026-06-12 17:29:40 [debug]: GET /css/styles.css 200 11ms — ::1
2026-06-12 17:29:40 [debug]: GET /js/auth.js 200 14ms — ::1
2026-06-12 17:29:40 [debug]: GET /js/api.js 200 13ms — ::1
2026-06-12 17:29:40 [debug]: GET /js/ui.js 200 14ms — ::1
2026-06-12 17:29:40 [debug]: GET /js/app.js 200 19ms — ::1
2026-06-12 17:29:42 [debug]: GET /favicon.ico 200 5ms — ::1
2026-06-12 17:30:03 [info]: [yt-dlp] Extracting info: https://youtu.be/YyepU5ztLf4?si=6wwTjRI5yKhx9oUP
2026-06-12 17:30:07 [info]: [yt-dlp] Extracted "Shararat | Dhurandhar | Ranveer, Aditya Dhar, Shashwat, Jasmine, Madhubanti, Ayesha, Krystle" — 31 formats found.
2026-06-12 17:30:07 [debug]: Quota recorded for ::1: 1/3
2026-06-12 17:30:07 [debug]: POST / 200 4106ms — ::1
2026-06-12 17:36:57 [warn]: Firebase Admin SDK: credentials not configured — running in degraded mode (cookie-based quota only).
2026-06-12 17:36:57 [warn]: Stripe: secret key not configured — payment features disabled.
2026-06-12 17:36:58 [info]: ✅ yt-dlp found: v2026.06.09
2026-06-12 17:36:58 [warn]: ⚠️  FFmpeg NOT FOUND — install from: https://ffmpeg.org/download.html
2026-06-12 17:36:58 [warn]:    Merged 4K downloads will fail until FFmpeg is installed.
2026-06-12 17:36:58 [info]: 
🚀 Video Downloader API running at http://localhost:3000
2026-06-12 17:36:58 [info]:    Environment: development
2026-06-12 17:36:58 [info]:    Open http://localhost:3000 in your browser

2026-06-12 17:37:06 [warn]: Firebase Admin SDK: credentials not configured — running in degraded mode (cookie-based quota only).
2026-06-12 17:37:06 [warn]: Stripe: secret key not configured — payment features disabled.
2026-06-12 17:37:07 [info]: ✅ yt-dlp found: v2026.06.09
2026-06-12 17:37:07 [warn]: ⚠️  FFmpeg NOT FOUND — install from: https://ffmpeg.org/download.html
2026-06-12 17:37:07 [warn]:    Merged 4K downloads will fail until FFmpeg is installed.
2026-06-12 17:37:07 [info]: 
🚀 Video Downloader API running at http://localhost:3000
2026-06-12 17:37:07 [info]:    Environment: development
2026-06-12 17:37:07 [info]:    Open http://localhost:3000 in your browser

2026-06-12 17:37:15 [warn]: Firebase Admin SDK: credentials not configured — running in degraded mode (cookie-based quota only).
2026-06-12 17:37:15 [warn]: Stripe: secret key not configured — payment features disabled.
2026-06-12 17:37:16 [info]: ✅ yt-dlp found: v2026.06.09
2026-06-12 17:37:16 [warn]: ⚠️  FFmpeg NOT FOUND — install from: https://ffmpeg.org/download.html
2026-06-12 17:37:16 [warn]:    Merged 4K downloads will fail until FFmpeg is installed.
2026-06-12 17:37:16 [info]: 
🚀 Video Downloader API running at http://localhost:3000
2026-06-12 17:37:16 [info]:    Environment: development
2026-06-12 17:37:16 [info]:    Open http://localhost:3000 in your browser

2026-06-12 17:37:25 [warn]: Firebase Admin SDK: credentials not configured — running in degraded mode (cookie-based quota only).
2026-06-12 17:37:25 [warn]: Stripe: secret key not configured — payment features disabled.
2026-06-12 17:37:26 [info]: ✅ yt-dlp found: v2026.06.09
2026-06-12 17:37:26 [warn]: ⚠️  FFmpeg NOT FOUND — install from: https://ffmpeg.org/download.html
2026-06-12 17:37:26 [warn]:    Merged 4K downloads will fail until FFmpeg is installed.
2026-06-12 17:37:26 [info]: 
🚀 Video Downloader API running at http://localhost:3000
2026-06-12 17:37:26 [info]:    Environment: development
2026-06-12 17:37:26 [info]:    Open http://localhost:3000 in your browser

2026-06-12 17:38:00 [warn]: Firebase Admin SDK: credentials not configured — running in degraded mode (cookie-based quota only).
2026-06-12 17:38:00 [warn]: Stripe: secret key not configured — payment features disabled.
2026-06-12 17:38:01 [info]: ✅ yt-dlp found: v2026.06.09
2026-06-12 17:38:01 [warn]: ⚠️  FFmpeg NOT FOUND — install from: https://ffmpeg.org/download.html
2026-06-12 17:38:01 [warn]:    Merged 4K downloads will fail until FFmpeg is installed.
2026-06-12 17:38:01 [info]: 
🚀 Video Downloader API running at http://localhost:3000
2026-06-12 17:38:01 [info]:    Environment: development
2026-06-12 17:38:01 [info]:    Open http://localhost:3000 in your browser

2026-06-12 17:38:42 [warn]: Firebase Admin SDK: credentials not configured — running in degraded mode (cookie-based quota only).
2026-06-12 17:38:42 [warn]: Stripe: secret key not configured — payment features disabled.
2026-06-12 17:38:43 [info]: ✅ yt-dlp found: v2026.06.09
2026-06-12 17:38:43 [warn]: ⚠️  FFmpeg NOT FOUND — install from: https://ffmpeg.org/download.html
2026-06-12 17:38:43 [warn]:    Merged 4K downloads will fail until FFmpeg is installed.
2026-06-12 17:38:43 [info]: 
🚀 Video Downloader API running at http://localhost:3000
2026-06-12 17:38:43 [info]:    Environment: development
2026-06-12 17:38:43 [info]:    Open http://localhost:3000 in your browser

2026-06-12 17:40:38 [info]: [Proxy] → https://rr4---sn-g5qpoxu-w5pe.googlevideo.com/videoplayback?expire=1781286646&ei=lvIrarvOGs_BssUPmcq... filename="TestVideo.mp4"
2026-06-12 17:40:42 [error]: [Proxy] Error: Remote server returned status 403
2026-06-12 17:40:42 [error]: GET / 502 3597ms — ::1
2026-06-12 17:44:40 [debug]: GET / 200 11ms — ::1
2026-06-12 17:44:40 [debug]: GET /css/styles.css 200 8ms — ::1
2026-06-12 17:44:40 [debug]: GET /js/api.js 200 14ms — ::1
2026-06-12 17:44:40 [debug]: GET /js/auth.js 200 14ms — ::1
2026-06-12 17:44:40 [debug]: GET /js/ui.js 200 9ms — ::1
2026-06-12 17:44:40 [debug]: GET /js/app.js 200 11ms — ::1
2026-06-12 17:44:41 [debug]: GET /favicon.ico 200 6ms — ::1
2026-06-12 17:44:58 [info]: [yt-dlp] Extracting info: https://youtu.be/YyepU5ztLf4?si=6wwTjRI5yKhx9oUP
2026-06-12 17:45:02 [info]: [yt-dlp] Extracted "Shararat | Dhurandhar | Ranveer, Aditya Dhar, Shashwat, Jasmine, Madhubanti, Ayesha, Krystle" — 31 formats found.
2026-06-12 17:45:02 [debug]: Quota recorded for ::1: 1/3
2026-06-12 17:45:02 [debug]: POST / 200 4108ms — ::1
2026-06-12 17:48:19 [warn]: Firebase Admin SDK: credentials not configured — running in degraded mode (cookie-based quota only).
2026-06-12 17:48:19 [warn]: Stripe: secret key not configured — payment features disabled.
2026-06-12 17:48:20 [info]: ✅ yt-dlp found: v2026.06.09
2026-06-12 17:48:20 [warn]: ⚠️  FFmpeg NOT FOUND — install from: https://ffmpeg.org/download.html
2026-06-12 17:48:20 [warn]:    Merged 4K downloads will fail until FFmpeg is installed.
2026-06-12 17:48:20 [info]: 
🚀 Video Downloader API running at http://localhost:3000
2026-06-12 17:48:20 [info]:    Environment: development
2026-06-12 17:48:20 [info]:    Open http://localhost:3000 in your browser

2026-06-12 17:48:32 [warn]: Firebase Admin SDK: credentials not configured — running in degraded mode (cookie-based quota only).
2026-06-12 17:48:32 [warn]: Stripe: secret key not configured — payment features disabled.
2026-06-12 17:48:33 [info]: ✅ yt-dlp found: v2026.06.09
2026-06-12 17:48:33 [warn]: ⚠️  FFmpeg NOT FOUND — install from: https://ffmpeg.org/download.html
2026-06-12 17:48:33 [warn]:    Merged 4K downloads will fail until FFmpeg is installed.
2026-06-12 17:48:33 [info]: 
🚀 Video Downloader API running at http://localhost:3000
2026-06-12 17:48:33 [info]:    Environment: development
2026-06-12 17:48:33 [info]:    Open http://localhost:3000 in your browser

2026-06-12 17:48:49 [info]: [Proxy] → https://example.com/AAAAAAAAAAAAAAAAAAAAAAAAAAAAAAAAAAAAAAAAAAAAAAAAAAAAAAAAAAAAAAAAAAAAAAAAAAAAAAAA... filename="Test.mp4"
2026-06-12 17:48:49 [error]: [Proxy] Error: Remote server returned status 404
2026-06-12 17:48:49 [error]: GET / 502 165ms — ::1
2026-06-12 17:50:39 [debug]: GET / 200 9ms — ::1
2026-06-12 17:50:39 [debug]: GET /css/styles.css 200 5ms — ::1
2026-06-12 17:50:39 [debug]: GET /js/api.js 200 10ms — ::1
2026-06-12 17:50:39 [debug]: GET /js/auth.js 200 9ms — ::1
2026-06-12 17:50:39 [debug]: GET /js/ui.js 200 8ms — ::1
2026-06-12 17:50:39 [debug]: GET /js/app.js 200 8ms — ::1
2026-06-12 17:50:39 [debug]: GET /favicon.ico 200 6ms — ::1
2026-06-12 17:50:48 [info]: [yt-dlp] Extracting info: https://youtu.be/YyepU5ztLf4?si=6wwTjRI5yKhx9oUP
2026-06-12 17:50:52 [info]: [yt-dlp] Extracted "Shararat | Dhurandhar | Ranveer, Aditya Dhar, Shashwat, Jasmine, Madhubanti, Ayesha, Krystle" — 31 formats found.
2026-06-12 17:50:52 [debug]: Quota recorded for ::1: 1/3
2026-06-12 17:50:52 [debug]: POST / 200 4118ms — ::1
2026-06-12 17:54:11 [warn]: Firebase Admin SDK: credentials not configured — running in degraded mode (cookie-based quota only).
2026-06-12 17:54:11 [warn]: Stripe: secret key not configured — payment features disabled.
2026-06-12 17:54:12 [info]: ✅ yt-dlp found: v2026.06.09
2026-06-12 17:54:12 [warn]: ⚠️  FFmpeg NOT FOUND — install from: https://ffmpeg.org/download.html
2026-06-12 17:54:12 [warn]:    Merged 4K downloads will fail until FFmpeg is installed.
2026-06-12 17:54:12 [info]: 
🚀 Video Downloader API running at http://localhost:3000
2026-06-12 17:54:12 [info]:    Environment: development
2026-06-12 17:54:12 [info]:    Open http://localhost:3000 in your browser

2026-06-12 17:54:45 [warn]: Firebase Admin SDK: credentials not configured — running in degraded mode (cookie-based quota only).
2026-06-12 17:54:45 [warn]: Stripe: secret key not configured — payment features disabled.
2026-06-12 17:54:45 [info]: ✅ yt-dlp found: v2026.06.09
2026-06-12 17:54:45 [warn]: ⚠️  FFmpeg NOT FOUND — install from: https://ffmpeg.org/download.html
2026-06-12 17:54:45 [warn]:    Merged 4K downloads will fail until FFmpeg is installed.
2026-06-12 17:54:45 [info]: 
🚀 Video Downloader API running at http://localhost:3000
2026-06-12 17:54:45 [info]:    Environment: development
2026-06-12 17:54:45 [info]:    Open http://localhost:3000 in your browser

2026-06-12 17:54:55 [warn]: Firebase Admin SDK: credentials not configured — running in degraded mode (cookie-based quota only).
2026-06-12 17:54:55 [warn]: Stripe: secret key not configured — payment features disabled.
2026-06-12 17:54:56 [info]: ✅ yt-dlp found: v2026.06.09
2026-06-12 17:54:56 [warn]: ⚠️  FFmpeg NOT FOUND — install from: https://ffmpeg.org/download.html
2026-06-12 17:54:56 [warn]:    Merged 4K downloads will fail until FFmpeg is installed.
2026-06-12 17:54:56 [info]: 
🚀 Video Downloader API running at http://localhost:3000
2026-06-12 17:54:56 [info]:    Environment: development
2026-06-12 17:54:56 [info]:    Open http://localhost:3000 in your browser

2026-06-12 17:55:11 [warn]: Firebase Admin SDK: credentials not configured — running in degraded mode (cookie-based quota only).
2026-06-12 17:55:11 [warn]: Stripe: secret key not configured — payment features disabled.
2026-06-12 17:55:12 [info]: ✅ yt-dlp found: v2026.06.09
2026-06-12 17:55:12 [warn]: ⚠️  FFmpeg NOT FOUND — install from: https://ffmpeg.org/download.html
2026-06-12 17:55:12 [warn]:    Merged 4K downloads will fail until FFmpeg is installed.
2026-06-12 17:55:12 [info]: 
🚀 Video Downloader API running at http://localhost:3000
2026-06-12 17:55:12 [info]:    Environment: development
2026-06-12 17:55:12 [info]:    Open http://localhost:3000 in your browser

2026-06-12 17:55:23 [warn]: Firebase Admin SDK: credentials not configured — running in degraded mode (cookie-based quota only).
2026-06-12 17:55:23 [warn]: Stripe: secret key not configured — payment features disabled.
2026-06-12 17:55:24 [info]: ✅ yt-dlp found: v2026.06.09
2026-06-12 17:55:24 [warn]: ⚠️  FFmpeg NOT FOUND — install from: https://ffmpeg.org/download.html
2026-06-12 17:55:24 [warn]:    Merged 4K downloads will fail until FFmpeg is installed.
2026-06-12 17:55:24 [info]: 
🚀 Video Downloader API running at http://localhost:3000
2026-06-12 17:55:24 [info]:    Environment: development
2026-06-12 17:55:24 [info]:    Open http://localhost:3000 in your browser

2026-06-12 17:55:44 [debug]: GET / 200 14ms — ::1
2026-06-12 17:55:45 [debug]: GET /css/styles.css 200 8ms — ::1
2026-06-12 17:55:45 [debug]: GET /js/api.js 200 8ms — ::1
2026-06-12 17:55:45 [debug]: GET /js/app.js 200 10ms — ::1
2026-06-12 17:55:45 [debug]: GET /js/auth.js 200 9ms — ::1
2026-06-12 17:55:45 [debug]: GET /js/ui.js 200 10ms — ::1
2026-06-12 17:55:45 [debug]: GET /favicon.ico 200 7ms — ::1
2026-06-12 17:55:48 [info]: [yt-dlp] Extracting info: https://youtu.be/YyepU5ztLf4?si=6wwTjRI5yKhx9oUP
2026-06-12 17:55:51 [info]: [yt-dlp] Extracted "Shararat | Dhurandhar | Ranveer, Aditya Dhar, Shashwat, Jasmine, Madhubanti, Ayesha, Krystle" — 31 formats found.
2026-06-12 17:55:51 [debug]: Quota recorded for ::1: 1/3
2026-06-12 17:55:51 [debug]: POST / 200 3681ms — ::1
2026-06-15 23:07:26 [warn]: Firebase Admin SDK: credentials not configured — running in degraded mode (cookie-based quota only).
2026-06-15 23:07:26 [warn]: Stripe: secret key not configured — payment features disabled.
2026-06-15 23:07:28 [info]: ✅ yt-dlp found: v2026.06.09
2026-06-15 23:07:28 [warn]: ⚠️  FFmpeg NOT FOUND — install from: https://ffmpeg.org/download.html
2026-06-15 23:07:28 [warn]:    Merged 4K downloads will fail until FFmpeg is installed.
2026-06-15 23:07:28 [info]: 
🚀 Video Downloader API running at http://localhost:3000
2026-06-15 23:07:28 [info]:    Environment: development
2026-06-15 23:07:28 [info]:    Open http://localhost:3000 in your browser

2026-06-15 23:07:46 [info]: [Proxy] → https://example.com/... filename="Test.mp4"
2026-06-15 23:07:47 [debug]: POST / 200 1391ms — ::1
2026-06-15 23:08:05 [info]: [Proxy] → https://example.com/... filename="Test.mp4"
2026-06-15 23:08:06 [debug]: POST / 200 946ms — ::1
2026-06-15 23:15:32 [debug]: GET / 304 12ms — ::1
2026-06-15 23:15:33 [debug]: GET /js/api.js 304 6ms — ::1
2026-06-15 23:15:33 [debug]: GET /css/styles.css 304 5ms — ::1
2026-06-15 23:15:33 [debug]: GET /js/app.js 304 8ms — ::1
2026-06-15 23:15:33 [debug]: GET /js/auth.js 304 8ms — ::1
2026-06-15 23:15:33 [debug]: GET /js/ui.js 304 7ms — ::1
2026-06-15 23:15:33 [debug]: GET /favicon.ico 304 9ms — ::1
2026-06-15 23:15:57 [info]: [yt-dlp] Extracting info: https://youtu.be/v5jVX0QYwQo?si=P6oOU2rWlPRH4kzL
2026-06-15 23:16:02 [info]: [yt-dlp] Extracted "Shararat - 8K Video | Dhurandhar | Ranveer Singh, Shashwat S, Jasmine, Madhubanti, Ayesha, Krystle" — 32 formats found.
2026-06-15 23:16:02 [debug]: Quota recorded for ::1: 1/3
2026-06-15 23:16:02 [debug]: POST / 200 5106ms — ::1
2026-06-15 23:16:21 [debug]: GET / 304 2ms — ::1
2026-06-15 23:16:21 [debug]: GET /favicon.ico 304 4ms — ::1
2026-06-15 23:16:22 [debug]: GET / 304 3ms — ::1
2026-06-15 23:16:22 [debug]: GET /favicon.ico 304 4ms — ::1
2026-06-15 23:16:22 [debug]: GET / 304 1ms — ::1
2026-06-15 23:16:23 [debug]: GET /favicon.ico 304 3ms — ::1
2026-06-15 23:16:23 [debug]: GET / 304 2ms — ::1
2026-06-15 23:16:23 [debug]: GET /favicon.ico 304 2ms — ::1
2026-06-15 23:16:23 [debug]: GET / 304 2ms — ::1
2026-06-15 23:16:23 [debug]: GET /favicon.ico 304 3ms — ::1
2026-06-15 23:16:23 [debug]: GET / 304 2ms — ::1
2026-06-15 23:16:23 [debug]: GET /favicon.ico 304 2ms — ::1
2026-06-15 23:16:23 [debug]: GET / 304 2ms — ::1
2026-06-15 23:16:23 [debug]: GET /favicon.ico 304 3ms — ::1
2026-06-15 23:16:26 [debug]: GET / 304 3ms — ::1
2026-06-15 23:16:26 [debug]: GET /favicon.ico 304 4ms — ::1
2026-06-15 23:16:30 [info]: [yt-dlp] Extracting info: https://youtu.be/v5jVX0QYwQo?si=P6oOU2rWlPRH4kzL
2026-06-15 23:16:35 [info]: [yt-dlp] Extracted "Shararat - 8K Video | Dhurandhar | Ranveer Singh, Shashwat S, Jasmine, Madhubanti, Ayesha, Krystle" — 32 formats found.
2026-06-15 23:16:35 [debug]: Quota recorded for ::1: 2/3
2026-06-15 23:16:35 [debug]: POST / 200 4341ms — ::1
2026-06-15 23:18:27 [debug]: GET / 200 30ms — ::1
2026-06-15 23:18:27 [debug]: GET /css/styles.css 200 72ms — ::1
2026-06-15 23:18:27 [debug]: GET /js/auth.js 200 70ms — ::1
2026-06-15 23:18:27 [debug]: GET /js/app.js 200 70ms — ::1
2026-06-15 23:18:27 [debug]: GET /js/api.js 200 76ms — ::1
2026-06-15 23:18:27 [debug]: GET /js/ui.js 200 76ms — ::1
2026-06-15 23:18:28 [debug]: GET /favicon.ico 200 4ms — ::1
2026-06-15 23:18:30 [debug]: GET / 304 2ms — ::1
2026-06-15 23:18:31 [debug]: GET /favicon.ico 304 3ms — ::1
2026-06-15 23:18:31 [debug]: GET / 304 2ms — ::1
2026-06-15 23:18:31 [debug]: GET /favicon.ico 304 3ms — ::1
2026-06-15 23:18:31 [debug]: GET / 304 2ms — ::1
2026-06-15 23:18:31 [debug]: GET /favicon.ico 304 3ms — ::1
2026-06-15 23:19:05 [info]: [yt-dlp] Extracting info: https://youtu.be/v5jVX0QYwQo?si=bJTRd0bQ_jnAbCKS
2026-06-15 23:19:11 [info]: [yt-dlp] Extracted "Shararat - 8K Video | Dhurandhar | Ranveer Singh, Shashwat S, Jasmine, Madhubanti, Ayesha, Krystle" — 32 formats found.
2026-06-15 23:19:11 [debug]: Quota recorded for ::1: 3/3
2026-06-15 23:19:11 [debug]: POST / 200 5648ms — ::1
2026-06-15 23:19:36 [info]: Quota exceeded for IP ::1: 3/3
2026-06-15 23:19:36 [warn]: POST / 429 6ms — ::1
2026-06-15 23:19:45 [info]: Quota exceeded for IP ::1: 3/3
2026-06-15 23:19:45 [warn]: POST / 429 2ms — ::1
2026-06-15 23:19:58 [debug]: GET /favicon.ico 304 3ms — ::1
2026-06-15 23:20:16 [info]: Quota exceeded for IP ::1: 3/3
2026-06-15 23:20:16 [warn]: POST / 429 1ms — ::1
2026-06-15 23:22:57 [warn]: Firebase Admin SDK: credentials not configured — running in degraded mode (cookie-based quota only).
2026-06-15 23:22:57 [warn]: Stripe: secret key not configured — payment features disabled.
2026-06-15 23:22:58 [info]: ✅ yt-dlp found: v2026.06.09
2026-06-15 23:22:58 [warn]: ⚠️  FFmpeg NOT FOUND — install from: https://ffmpeg.org/download.html
2026-06-15 23:22:58 [warn]:    Merged 4K downloads will fail until FFmpeg is installed.
2026-06-15 23:22:58 [info]: 
🚀 Video Downloader API running at http://localhost:3000
2026-06-15 23:22:58 [info]:    Environment: development
2026-06-15 23:22:58 [info]:    Open http://localhost:3000 in your browser

2026-06-15 23:24:38 [debug]: GET /favicon.ico 200 22ms — ::1
2026-06-15 23:24:55 [info]: [yt-dlp] Extracting info: https://youtu.be/v5jVX0QYwQo?si=y31d9cXNJWl5Utvp
2026-06-15 23:24:59 [info]: [yt-dlp] Extracted "Shararat - 8K Video | Dhurandhar | Ranveer Singh, Shashwat S, Jasmine, Madhubanti, Ayesha, Krystle" — 32 formats found.
2026-06-15 23:24:59 [debug]: Quota recorded for ::1: 1/3000
2026-06-15 23:24:59 [debug]: POST / 200 4322ms — ::1
2026-06-15 23:30:33 [warn]: Firebase Admin SDK: credentials not configured — running in degraded mode (cookie-based quota only).
2026-06-15 23:30:33 [warn]: Stripe: secret key not configured — payment features disabled.
2026-06-15 23:30:34 [info]: ✅ yt-dlp found: v2026.06.09
2026-06-15 23:30:34 [warn]: ⚠️  FFmpeg NOT FOUND — install from: https://ffmpeg.org/download.html
2026-06-15 23:30:34 [warn]:    Merged 4K downloads will fail until FFmpeg is installed.
2026-06-15 23:30:34 [info]: 
🚀 Video Downloader API running at http://localhost:3000
2026-06-15 23:30:34 [info]:    Environment: development
2026-06-15 23:30:34 [info]:    Open http://localhost:3000 in your browser

2026-06-15 23:31:48 [warn]: Firebase Admin SDK: credentials not configured — running in degraded mode (cookie-based quota only).
2026-06-15 23:31:48 [warn]: Stripe: secret key not configured — payment features disabled.
2026-06-15 23:31:49 [info]: ✅ yt-dlp found: v2026.06.09
2026-06-15 23:31:49 [warn]: ⚠️  FFmpeg NOT FOUND — install from: https://ffmpeg.org/download.html
2026-06-15 23:31:49 [warn]:    Merged 4K downloads will fail until FFmpeg is installed.
2026-06-15 23:31:49 [info]: 
🚀 Video Downloader API running at http://localhost:3000
2026-06-15 23:31:49 [info]:    Environment: development
2026-06-15 23:31:49 [info]:    Open http://localhost:3000 in your browser

2026-06-15 23:32:01 [warn]: Firebase Admin SDK: credentials not configured — running in degraded mode (cookie-based quota only).
2026-06-15 23:32:01 [warn]: Stripe: secret key not configured — payment features disabled.
2026-06-15 23:32:02 [info]: ✅ yt-dlp found: v2026.06.09
2026-06-15 23:32:02 [warn]: ⚠️  FFmpeg NOT FOUND — install from: https://ffmpeg.org/download.html
2026-06-15 23:32:02 [warn]:    Merged 4K downloads will fail until FFmpeg is installed.
2026-06-15 23:32:02 [info]: 
🚀 Video Downloader API running at http://localhost:3000
2026-06-15 23:32:02 [info]:    Environment: development
2026-06-15 23:32:02 [info]:    Open http://localhost:3000 in your browser

2026-06-15 23:32:16 [warn]: Firebase Admin SDK: credentials not configured — running in degraded mode (cookie-based quota only).
2026-06-15 23:32:16 [warn]: Stripe: secret key not configured — payment features disabled.
2026-06-15 23:32:17 [info]: ✅ yt-dlp found: v2026.06.09
2026-06-15 23:32:17 [warn]: ⚠️  FFmpeg NOT FOUND — install from: https://ffmpeg.org/download.html
2026-06-15 23:32:17 [warn]:    Merged 4K downloads will fail until FFmpeg is installed.
2026-06-15 23:32:17 [info]: 
🚀 Video Downloader API running at http://localhost:3000
2026-06-15 23:32:17 [info]:    Environment: development
2026-06-15 23:32:17 [info]:    Open http://localhost:3000 in your browser

2026-06-15 23:34:29 [debug]: GET / 200 24ms — ::1
2026-06-15 23:34:29 [debug]: GET /css/styles.css 200 9ms — ::1
2026-06-15 23:34:29 [debug]: GET /js/api.js 200 15ms — ::1
2026-06-15 23:34:29 [debug]: GET /js/app.js 200 15ms — ::1
2026-06-15 23:34:29 [debug]: GET /js/auth.js 200 15ms — ::1
2026-06-15 23:34:29 [debug]: GET /js/ui.js 200 18ms — ::1
2026-06-15 23:34:29 [debug]: GET /favicon.ico 200 18ms — ::1
2026-06-15 23:34:30 [debug]: GET / 304 4ms — ::1
2026-06-15 23:34:30 [debug]: GET /favicon.ico 304 3ms — ::1
2026-06-15 23:34:30 [debug]: GET / 304 2ms — ::1
2026-06-15 23:34:30 [debug]: GET /favicon.ico 304 3ms — ::1
2026-06-15 23:34:30 [debug]: GET / 304 2ms — ::1
2026-06-15 23:34:30 [debug]: GET /favicon.ico 304 3ms — ::1
2026-06-15 23:34:55 [info]: [yt-dlp] Extracting info: https://youtu.be/v5jVX0QYwQo?si=y31d9cXNJWl5Utvp
2026-06-15 23:35:00 [info]: [yt-dlp] Extracted "Shararat - 8K Video | Dhurandhar | Ranveer Singh, Shashwat S, Jasmine, Madhubanti, Ayesha, Krystle" — 32 formats found.
2026-06-15 23:35:00 [debug]: Quota recorded for ::1: 1/3000
2026-06-15 23:35:00 [debug]: POST / 200 4882ms — ::1
2026-06-15 23:36:26 [debug]: GET / 304 2ms — ::1
2026-06-15 23:36:26 [debug]: GET /favicon.ico 304 3ms — ::1
2026-06-15 23:36:29 [info]: [yt-dlp] Extracting info: https://youtu.be/v5jVX0QYwQo?si=y31d9cXNJWl5Utvp
2026-06-15 23:36:41 [info]: [yt-dlp] Extracted "Shararat - 8K Video | Dhurandhar | Ranveer Singh, Shashwat S, Jasmine, Madhubanti, Ayesha, Krystle" — 32 formats found.
2026-06-15 23:36:41 [debug]: Quota recorded for ::1: 2/3000
2026-06-15 23:36:41 [debug]: POST / 200 12024ms — ::1
2026-06-15 23:47:28 [warn]: Firebase Admin SDK: credentials not configured — running in degraded mode (cookie-based quota only).
2026-06-15 23:47:28 [warn]: Stripe: secret key not configured — payment features disabled.
2026-06-15 23:47:30 [info]: ✅ yt-dlp found: v2026.06.09
2026-06-15 23:47:30 [warn]: ⚠️  FFmpeg NOT FOUND — install from: https://ffmpeg.org/download.html
2026-06-15 23:47:30 [warn]:    Merged 4K downloads will fail until FFmpeg is installed.
2026-06-15 23:47:30 [info]: 
🚀 Video Downloader API running at http://localhost:3000
2026-06-15 23:47:30 [info]:    Environment: development
2026-06-15 23:47:30 [info]:    Open http://localhost:3000 in your browser

2026-06-15 23:47:44 [warn]: Firebase Admin SDK: credentials not configured — running in degraded mode (cookie-based quota only).
2026-06-15 23:47:44 [warn]: Stripe: secret key not configured — payment features disabled.
2026-06-15 23:47:45 [info]: ✅ yt-dlp found: v2026.06.09
2026-06-15 23:47:45 [warn]: ⚠️  FFmpeg NOT FOUND — install from: https://ffmpeg.org/download.html
2026-06-15 23:47:45 [warn]:    Merged 4K downloads will fail until FFmpeg is installed.
2026-06-15 23:47:45 [info]: 
🚀 Video Downloader API running at http://localhost:3000
2026-06-15 23:47:45 [info]:    Environment: development
2026-06-15 23:47:45 [info]:    Open http://localhost:3000 in your browser

2026-06-15 23:47:54 [warn]: Firebase Admin SDK: credentials not configured — running in degraded mode (cookie-based quota only).
2026-06-15 23:47:54 [warn]: Stripe: secret key not configured — payment features disabled.
2026-06-15 23:47:55 [info]: ✅ yt-dlp found: v2026.06.09
2026-06-15 23:47:55 [warn]: ⚠️  FFmpeg NOT FOUND — install from: https://ffmpeg.org/download.html
2026-06-15 23:47:55 [warn]:    Merged 4K downloads will fail until FFmpeg is installed.
2026-06-15 23:47:55 [info]: 
🚀 Video Downloader API running at http://localhost:3000
2026-06-15 23:47:55 [info]:    Environment: development
2026-06-15 23:47:55 [info]:    Open http://localhost:3000 in your browser

2026-06-15 23:48:00 [warn]: Firebase Admin SDK: credentials not configured — running in degraded mode (cookie-based quota only).
2026-06-15 23:48:09 [warn]: Stripe: secret key not configured — payment features disabled.
2026-06-15 23:48:10 [info]: ✅ yt-dlp found: v2026.06.09
2026-06-15 23:48:10 [warn]: ⚠️  FFmpeg NOT FOUND — install from: https://ffmpeg.org/download.html
2026-06-15 23:48:10 [warn]:    Merged 4K downloads will fail until FFmpeg is installed.
2026-06-15 23:48:10 [info]: 
🚀 Video Downloader API running at http://localhost:3000
2026-06-15 23:48:10 [info]:    Environment: development
2026-06-15 23:48:10 [info]:    Open http://localhost:3000 in your browser

2026-06-15 23:48:18 [warn]: Firebase Admin SDK: credentials not configured — running in degraded mode (cookie-based quota only).
2026-06-15 23:48:18 [warn]: Stripe: secret key not configured — payment features disabled.
2026-06-15 23:48:19 [info]: ✅ yt-dlp found: v2026.06.09
2026-06-15 23:48:19 [warn]: ⚠️  FFmpeg NOT FOUND — install from: https://ffmpeg.org/download.html
2026-06-15 23:48:19 [warn]:    Merged 4K downloads will fail until FFmpeg is installed.
2026-06-15 23:48:19 [info]: 
🚀 Video Downloader API running at http://localhost:3000
2026-06-15 23:48:19 [info]:    Environment: development
2026-06-15 23:48:19 [info]:    Open http://localhost:3000 in your browser

2026-06-15 23:50:06 [debug]: GET / 200 15ms — ::1
2026-06-15 23:50:06 [debug]: GET /css/styles.css 200 5ms — ::1
2026-06-15 23:50:06 [debug]: GET /js/api.js 200 9ms — ::1
2026-06-15 23:50:06 [debug]: GET /js/auth.js 200 9ms — ::1
2026-06-15 23:50:06 [debug]: GET /js/ui.js 200 8ms — ::1
2026-06-15 23:50:06 [debug]: GET /js/app.js 200 9ms — ::1
2026-06-15 23:50:07 [debug]: GET /favicon.ico 200 7ms — ::1
2026-06-15 23:50:19 [info]: [yt-dlp] Extracting info: https://youtu.be/v5jVX0QYwQo?si=y31d9cXNJWl5Utvp
2026-06-15 23:50:24 [info]: [yt-dlp] Extracted "Shararat - 8K Video | Dhurandhar | Ranveer Singh, Shashwat S, Jasmine, Madhubanti, Ayesha, Krystle" — 32 formats found.
2026-06-15 23:50:24 [debug]: Quota recorded for ::1: 1/3000
2026-06-15 23:50:24 [debug]: POST / 200 4377ms — ::1
2026-06-15 23:52:51 [info]: [Proxy] → https://example.com/... filename="Test.mp4"
2026-06-15 23:52:56 [debug]: POST / 200 4417ms — ::1
2026-06-15 23:53:32 [debug]: GET / 304 4ms — ::1
2026-06-15 23:53:32 [debug]: GET /favicon.ico 304 4ms — ::1
2026-06-15 23:53:33 [debug]: GET / 304 2ms — ::1
2026-06-15 23:53:33 [debug]: GET /favicon.ico 304 3ms — ::1
2026-06-15 23:53:33 [debug]: GET / 304 2ms — ::1
2026-06-15 23:53:33 [debug]: GET /favicon.ico 304 3ms — ::1
2026-06-15 23:53:33 [debug]: GET / 304 2ms — ::1
2026-06-15 23:53:33 [debug]: GET /favicon.ico 304 2ms — ::1
2026-06-15 23:53:33 [debug]: GET / 304 2ms — ::1
2026-06-15 23:53:33 [debug]: GET /favicon.ico 304 2ms — ::1
2026-06-15 23:53:33 [debug]: GET / 304 1ms — ::1
2026-06-15 23:53:33 [debug]: GET /favicon.ico 304 2ms — ::1
2026-06-15 23:53:34 [debug]: GET / 304 3ms — ::1
2026-06-15 23:53:34 [debug]: GET /favicon.ico 304 7ms — ::1
2026-06-15 23:53:38 [info]: [yt-dlp] Extracting info: https://youtu.be/v5jVX0QYwQo?si=y31d9cXNJWl5Utvp
2026-06-15 23:53:46 [info]: [yt-dlp] Extracted "Shararat - 8K Video | Dhurandhar | Ranveer Singh, Shashwat S, Jasmine, Madhubanti, Ayesha, Krystle" — 32 formats found.
2026-06-15 23:53:46 [debug]: Quota recorded for ::1: 2/3000
2026-06-15 23:53:46 [debug]: POST / 200 7332ms — ::1
2026-06-15 23:59:07 [debug]: GET / 304 4ms — ::1
2026-06-15 23:59:08 [debug]: GET /favicon.ico 304 3ms — ::1
2026-06-15 23:59:13 [info]: [yt-dlp] Extracting info: https://youtu.be/nx-mGN2Fz5M?si=hGB8zCMYrIFSta_f
2026-06-15 23:59:16 [info]: [yt-dlp] Extracted "Reality of Khan Sir | Who is Really After Him? | Dhruv Rathee" — 27 formats found.
2026-06-15 23:59:16 [debug]: Quota recorded for ::1: 3/3000
2026-06-15 23:59:16 [debug]: POST / 200 3514ms — ::1
2026-06-16 00:00:26 [warn]: Firebase Admin SDK: credentials not configured — running in degraded mode (cookie-based quota only).
2026-06-16 00:00:26 [warn]: Stripe: secret key not configured — payment features disabled.
2026-06-16 00:00:28 [info]: ✅ yt-dlp found: v2026.06.09
2026-06-16 00:00:28 [info]: ✅ FFmpeg found: ffmpeg version 6.1.1-essentials_build-www.gyan.dev Copyright (c) 2000-2023 the FFmpeg developers
2026-06-16 00:00:28 [info]: 
🚀 Video Downloader API running at http://localhost:3000
2026-06-16 00:00:28 [info]:    Environment: development
2026-06-16 00:00:28 [info]:    Open http://localhost:3000 in your browser

2026-06-16 00:01:13 [debug]: GET / 304 16ms — ::1
2026-06-16 00:01:13 [debug]: GET /favicon.ico 304 7ms — ::1
2026-06-16 00:01:17 [info]: [yt-dlp] Extracting info: https://youtu.be/nx-mGN2Fz5M?si=hGB8zCMYrIFSta_f
2026-06-16 00:01:21 [info]: [yt-dlp] Extracted "Reality of Khan Sir | Who is Really After Him? | Dhruv Rathee" — 27 formats found.
2026-06-16 00:01:21 [debug]: Quota recorded for ::1: 1/3000
2026-06-16 00:01:21 [debug]: POST / 200 3455ms — ::1
2026-06-16 00:02:34 [debug]: GET /favicon.ico 304 5ms — ::1
2026-06-16 00:03:05 [info]: [yt-dlp] Extracting info: https://youtu.be/v5jVX0QYwQo?si=P6oOU2rWlPRH4kzL
2026-06-16 00:03:09 [info]: [yt-dlp] Extracted "Shararat - 8K Video | Dhurandhar | Ranveer Singh, Shashwat S, Jasmine, Madhubanti, Ayesha, Krystle" — 32 formats found.
2026-06-16 00:03:09 [debug]: Quota recorded for ::1: 2/3000
2026-06-16 00:03:09 [debug]: POST / 200 3856ms — ::1
2026-06-16 00:20:33 [debug]: GET /favicon.ico 200 8ms — ::1
2026-06-16 00:21:41 [info]: [yt-dlp] Extracting info: https://youtu.be/nx-mGN2Fz5M?si=hGB8zCMYrIFSta_f
2026-06-16 00:21:45 [info]: [yt-dlp] Extracted "Reality of Khan Sir | Who is Really After Him? | Dhruv Rathee" — 27 formats found.
2026-06-16 00:21:45 [debug]: Quota recorded for ::1: 3/3000
2026-06-16 00:21:45 [debug]: POST / 200 4049ms — ::1
2026-06-16 00:23:13 [debug]: GET / 304 2ms — ::1
2026-06-16 00:23:13 [debug]: GET /favicon.ico 304 3ms — ::1
2026-06-16 00:23:13 [debug]: GET / 304 2ms — ::1
2026-06-16 00:23:13 [debug]: GET /favicon.ico 304 3ms — ::1
2026-06-16 00:23:13 [debug]: GET / 304 2ms — ::1
2026-06-16 00:23:14 [debug]: GET /favicon.ico 304 4ms — ::1
2026-06-16 00:23:14 [debug]: GET / 304 2ms — ::1
2026-06-16 00:23:14 [debug]: GET /favicon.ico 304 4ms — ::1
2026-06-16 00:23:14 [debug]: GET / 304 1ms — ::1
2026-06-16 00:23:14 [debug]: GET /favicon.ico 304 2ms — ::1
2026-06-16 00:23:14 [debug]: GET / 304 1ms — ::1
2026-06-16 00:23:14 [debug]: GET /favicon.ico 304 3ms — ::1
2026-06-16 00:23:17 [debug]: GET / 200 5ms — ::1
2026-06-16 00:23:17 [debug]: GET /css/styles.css 200 15ms — ::1
2026-06-16 00:23:17 [debug]: GET /js/api.js 200 14ms — ::1
2026-06-16 00:23:17 [debug]: GET /js/auth.js 200 15ms — ::1
2026-06-16 00:23:17 [debug]: GET /js/ui.js 200 15ms — ::1
2026-06-16 00:23:17 [debug]: GET /js/app.js 200 15ms — ::1
2026-06-16 00:23:17 [debug]: GET / 200 5ms — ::1
2026-06-16 00:23:17 [debug]: GET /css/styles.css 200 8ms — ::1
2026-06-16 00:23:17 [debug]: GET /js/api.js 200 8ms — ::1
2026-06-16 00:23:17 [debug]: GET /js/auth.js 200 9ms — ::1
2026-06-16 00:23:17 [debug]: GET /js/ui.js 200 9ms — ::1
2026-06-16 00:23:17 [debug]: GET /js/app.js 200 10ms — ::1
2026-06-16 00:23:18 [debug]: GET /favicon.ico 200 6ms — ::1
2026-06-16 00:23:18 [debug]: GET / 200 3ms — ::1
2026-06-16 00:23:18 [debug]: GET /css/styles.css 200 8ms — ::1
2026-06-16 00:23:18 [debug]: GET /js/api.js 200 9ms — ::1
2026-06-16 00:23:18 [debug]: GET /js/auth.js 200 10ms — ::1
2026-06-16 00:23:18 [debug]: GET /js/ui.js 200 9ms — ::1
2026-06-16 00:23:18 [debug]: GET /js/app.js 200 9ms — ::1
2026-06-16 00:23:18 [debug]: GET /favicon.ico 200 4ms — ::1
2026-06-16 00:23:22 [info]: [yt-dlp] Extracting info: https://youtu.be/nx-mGN2Fz5M?si=hGB8zCMYrIFSta_f
2026-06-16 00:23:26 [info]: [yt-dlp] Extracted "Reality of Khan Sir | Who is Really After Him? | Dhruv Rathee" — 27 formats found.
2026-06-16 00:23:26 [debug]: Quota recorded for ::1: 4/3000
2026-06-16 00:23:26 [debug]: POST / 200 3515ms — ::1
2026-06-16 01:05:07 [warn]: Firebase Admin SDK: credentials not configured — running in degraded mode (cookie-based quota only).
2026-06-16 01:05:07 [warn]: Stripe: secret key not configured — payment features disabled.
2026-06-16 01:05:08 [info]: ✅ yt-dlp found: v2026.06.09
2026-06-16 01:05:08 [info]: ✅ FFmpeg found: ffmpeg version 6.1.1-essentials_build-www.gyan.dev Copyright (c) 2000-2023 the FFmpeg developers
2026-06-16 01:05:08 [info]: 
🚀 Video Downloader API running at http://localhost:3000
2026-06-16 01:05:08 [info]:    Environment: development
2026-06-16 01:05:08 [info]:    Open http://localhost:3000 in your browser

2026-06-16 01:05:57 [debug]: GET /favicon.ico 304 15ms — ::1
2026-06-16 01:06:19 [info]: [yt-dlp] Extracting info: https://youtu.be/v5jVX0QYwQo?si=P6oOU2rWlPRH4kz
2026-06-16 01:06:23 [info]: [yt-dlp] Extracted "Shararat - 8K Video | Dhurandhar | Ranveer Singh, Shashwat S, Jasmine, Madhubanti, Ayesha, Krystle" — 32 formats found.
2026-06-16 01:06:23 [debug]: Quota recorded for ::1: 1/3000
2026-06-16 01:06:23 [debug]: POST / 200 3965ms — ::1
2026-06-16 01:07:05 [error]: [Stripe] create-checkout error: Payment system is not configured. Please add your Stripe keys to .env.
2026-06-16 01:07:05 [error]: POST /create-checkout 500 5ms — ::1
2026-06-16 01:11:06 [info]: [Proxy] → https://example.com/huge-url-test... filename="test_video.mp4"
2026-06-16 01:11:06 [error]: [Proxy] Error: Remote server returned status 404
2026-06-16 01:11:06 [error]: POST / 502 314ms — ::1
2026-06-16 01:11:31 [warn]: Firebase Admin SDK: credentials not configured — running in degraded mode (cookie-based quota only).
2026-06-16 01:11:31 [warn]: Stripe: secret key not configured — payment features disabled.
2026-06-16 01:11:32 [info]: ✅ yt-dlp found: v2026.06.09
2026-06-16 01:11:32 [info]: ✅ FFmpeg found: ffmpeg version 6.1.1-essentials_build-www.gyan.dev Copyright (c) 2000-2023 the FFmpeg developers
2026-06-16 01:11:32 [info]: 
🚀 Video Downloader API running at http://localhost:3000
2026-06-16 01:11:32 [info]:    Environment: development
2026-06-16 01:11:32 [info]:    Open http://localhost:3000 in your browser

2026-06-16 01:11:46 [warn]: Firebase Admin SDK: credentials not configured — running in degraded mode (cookie-based quota only).
2026-06-16 01:11:46 [warn]: Stripe: secret key not configured — payment features disabled.
2026-06-16 01:11:47 [info]: ✅ yt-dlp found: v2026.06.09
2026-06-16 01:11:47 [info]: ✅ FFmpeg found: ffmpeg version 6.1.1-essentials_build-www.gyan.dev Copyright (c) 2000-2023 the FFmpeg developers
2026-06-16 01:11:47 [info]: 
🚀 Video Downloader API running at http://localhost:3000
2026-06-16 01:11:47 [info]:    Environment: development
2026-06-16 01:11:47 [info]:    Open http://localhost:3000 in your browser

2026-06-16 01:12:00 [warn]: Firebase Admin SDK: credentials not configured — running in degraded mode (cookie-based quota only).
2026-06-16 01:12:00 [warn]: Stripe: secret key not configured — payment features disabled.
2026-06-16 01:12:01 [info]: ✅ yt-dlp found: v2026.06.09
2026-06-16 01:12:01 [info]: ✅ FFmpeg found: ffmpeg version 6.1.1-essentials_build-www.gyan.dev Copyright (c) 2000-2023 the FFmpeg developers
2026-06-16 01:12:01 [info]: 
🚀 Video Downloader API running at http://localhost:3000
2026-06-16 01:12:01 [info]:    Environment: development
2026-06-16 01:12:01 [info]:    Open http://localhost:3000 in your browser

2026-06-16 01:12:45 [debug]: GET / 200 13ms — ::1
2026-06-16 01:12:45 [debug]: GET /css/styles.css 200 14ms — ::1
2026-06-16 01:12:45 [debug]: GET /js/api.js 200 11ms — ::1
2026-06-16 01:12:45 [debug]: GET /js/ui.js 200 13ms — ::1
2026-06-16 01:12:45 [debug]: GET /js/auth.js 200 12ms — ::1
2026-06-16 01:12:45 [debug]: GET /js/app.js 200 15ms — ::1
2026-06-16 01:12:45 [debug]: GET /favicon.ico 304 6ms — ::1
2026-06-16 01:12:49 [debug]: GET / 200 3ms — ::1
2026-06-16 01:12:49 [debug]: GET /css/styles.css 200 9ms — ::1
2026-06-16 01:12:49 [debug]: GET /js/auth.js 200 9ms — ::1
2026-06-16 01:12:49 [debug]: GET /js/api.js 200 12ms — ::1
2026-06-16 01:12:49 [debug]: GET /js/ui.js 200 11ms — ::1
2026-06-16 01:12:49 [debug]: GET /js/app.js 200 13ms — ::1
2026-06-16 01:12:49 [debug]: GET / 200 2ms — ::1
2026-06-16 01:12:50 [debug]: GET /css/styles.css 200 8ms — ::1
2026-06-16 01:12:50 [debug]: GET /js/api.js 200 13ms — ::1
2026-06-16 01:12:50 [debug]: GET /js/auth.js 200 13ms — ::1
2026-06-16 01:12:50 [debug]: GET /js/ui.js 200 13ms — ::1
2026-06-16 01:12:50 [debug]: GET /js/app.js 200 14ms — ::1
2026-06-16 01:12:50 [debug]: GET / 200 5ms — ::1
2026-06-16 01:12:50 [debug]: GET /css/styles.css 200 3ms — ::1
2026-06-16 01:12:50 [debug]: GET /js/api.js 200 3ms — ::1
2026-06-16 01:12:50 [debug]: GET /js/auth.js 200 5ms — ::1
2026-06-16 01:12:50 [debug]: GET /js/ui.js 200 6ms — ::1
2026-06-16 01:12:50 [debug]: GET /js/app.js 200 6ms — ::1
2026-06-16 01:12:50 [debug]: GET / 200 3ms — ::1
2026-06-16 01:12:50 [debug]: GET /css/styles.css 200 5ms — ::1
2026-06-16 01:12:50 [debug]: GET /js/api.js 200 5ms — ::1
2026-06-16 01:12:50 [debug]: GET /js/auth.js 200 5ms — ::1
2026-06-16 01:12:50 [debug]: GET /js/ui.js 200 7ms — ::1
2026-06-16 01:12:50 [debug]: GET /js/app.js 200 8ms — ::1
2026-06-16 01:12:50 [debug]: GET / 304 1ms — ::1
2026-06-16 01:12:50 [debug]: GET /favicon.ico 200 5ms — ::1
2026-06-16 01:12:50 [debug]: GET / 200 3ms — ::1
2026-06-16 01:12:51 [debug]: GET /css/styles.css 200 5ms — ::1
2026-06-16 01:12:51 [debug]: GET /js/api.js 200 6ms — ::1
2026-06-16 01:12:51 [debug]: GET /js/auth.js 200 7ms — ::1
2026-06-16 01:12:51 [debug]: GET /js/ui.js 200 3ms — ::1
2026-06-16 01:12:51 [debug]: GET /js/app.js 200 3ms — ::1
2026-06-16 01:12:51 [debug]: GET /favicon.ico 200 3ms — ::1
2026-06-16 01:12:51 [debug]: GET / 200 3ms — ::1
2026-06-16 01:12:51 [debug]: GET /css/styles.css 200 2ms — ::1
2026-06-16 01:12:51 [debug]: GET /js/api.js 200 3ms — ::1
2026-06-16 01:12:51 [debug]: GET /js/auth.js 200 5ms — ::1
2026-06-16 01:12:51 [debug]: GET /js/ui.js 200 7ms — ::1
2026-06-16 01:12:51 [debug]: GET /js/app.js 200 8ms — ::1
2026-06-16 01:12:51 [debug]: GET / 200 2ms — ::1
2026-06-16 01:12:51 [debug]: GET /css/styles.css 200 4ms — ::1
2026-06-16 01:12:51 [debug]: GET /js/api.js 200 4ms — ::1
2026-06-16 01:12:51 [debug]: GET /js/auth.js 200 7ms — ::1
2026-06-16 01:12:51 [debug]: GET /js/ui.js 200 7ms — ::1
2026-06-16 01:12:51 [debug]: GET /js/app.js 200 7ms — ::1
2026-06-16 01:12:51 [debug]: GET / 200 2ms — ::1
2026-06-16 01:12:51 [debug]: GET /css/styles.css 200 3ms — ::1
2026-06-16 01:12:51 [debug]: GET /js/api.js 200 4ms — ::1
2026-06-16 01:12:51 [debug]: GET /js/auth.js 200 4ms — ::1
2026-06-16 01:12:51 [debug]: GET /js/ui.js 200 3ms — ::1
2026-06-16 01:12:51 [debug]: GET /js/app.js 200 4ms — ::1
2026-06-16 01:12:51 [debug]: GET / 200 3ms — ::1
2026-06-16 01:12:51 [debug]: GET /css/styles.css 200 2ms — ::1
2026-06-16 01:12:51 [debug]: GET /js/api.js 200 6ms — ::1
2026-06-16 01:12:51 [debug]: GET /js/auth.js 200 7ms — ::1
2026-06-16 01:12:51 [debug]: GET /js/ui.js 200 8ms — ::1
2026-06-16 01:12:51 [debug]: GET /js/app.js 200 9ms — ::1
2026-06-16 01:12:51 [debug]: GET / 200 3ms — ::1
2026-06-16 01:12:52 [debug]: GET /css/styles.css 200 3ms — ::1
2026-06-16 01:12:52 [debug]: GET /js/api.js 200 7ms — ::1
2026-06-16 01:12:52 [debug]: GET /js/auth.js 200 7ms — ::1
2026-06-16 01:12:52 [debug]: GET /js/ui.js 200 7ms — ::1
2026-06-16 01:12:52 [debug]: GET /js/app.js 200 7ms — ::1
2026-06-16 01:12:52 [debug]: GET /favicon.ico 200 3ms — ::1
2026-06-16 01:13:45 [debug]: GET / 304 2ms — ::1
2026-06-16 01:13:45 [debug]: GET /favicon.ico 304 3ms — ::1
2026-06-16 01:13:45 [debug]: GET / 304 3ms — ::1
2026-06-16 01:13:46 [debug]: GET /favicon.ico 304 2ms — ::1
2026-06-16 01:13:46 [debug]: GET / 304 1ms — ::1
2026-06-16 01:13:46 [debug]: GET /favicon.ico 304 2ms — ::1
2026-06-16 01:13:46 [debug]: GET / 304 1ms — ::1
2026-06-16 01:13:46 [debug]: GET /favicon.ico 304 1ms — ::1
2026-06-16 01:14:20 [debug]: GET / 304 1ms — ::1
2026-06-16 01:14:20 [debug]: GET /favicon.ico 304 2ms — ::1
2026-06-16 01:14:20 [debug]: GET / 304 1ms — ::1
2026-06-16 01:14:20 [debug]: GET /favicon.ico 304 2ms — ::1
2026-06-16 01:14:20 [debug]: GET / 304 2ms — ::1
2026-06-16 01:14:21 [debug]: GET /favicon.ico 304 2ms — ::1
2026-06-16 01:14:21 [debug]: GET / 304 1ms — ::1
2026-06-16 01:14:21 [debug]: GET /favicon.ico 304 2ms — ::1
2026-06-16 01:14:21 [debug]: GET / 304 2ms — ::1
2026-06-16 01:14:21 [debug]: GET /favicon.ico 304 2ms — ::1
2026-06-16 01:14:27 [debug]: GET / 304 2ms — ::1
2026-06-16 01:14:27 [debug]: GET /favicon.ico 304 2ms — ::1
2026-06-16 01:16:51 [warn]: Firebase Admin SDK: credentials not configured — running in degraded mode (cookie-based quota only).
2026-06-16 01:16:51 [warn]: Stripe: secret key not configured — payment features disabled.
2026-06-16 01:16:52 [info]: ✅ yt-dlp found: v2026.06.09
2026-06-16 01:16:52 [info]: ✅ FFmpeg found: ffmpeg version 6.1.1-essentials_build-www.gyan.dev Copyright (c) 2000-2023 the FFmpeg developers
2026-06-16 01:16:52 [info]: 
🚀 Video Downloader API running at http://localhost:3000
2026-06-16 01:16:52 [info]:    Environment: development
2026-06-16 01:16:52 [info]:    Open http://localhost:3000 in your browser

2026-06-16 01:17:28 [debug]: GET / 200 14ms — ::1
2026-06-16 01:17:28 [debug]: GET /css/styles.css 200 11ms — ::1
2026-06-16 01:17:28 [debug]: GET /js/api.js 200 11ms — ::1
2026-06-16 01:17:28 [debug]: GET /js/auth.js 200 12ms — ::1
2026-06-16 01:17:28 [debug]: GET /js/ui.js 200 10ms — ::1
2026-06-16 01:17:28 [debug]: GET /js/app.js 200 10ms — ::1
2026-06-16 01:17:29 [debug]: GET /favicon.ico 200 7ms — ::1
2026-06-16 01:17:29 [debug]: GET / 200 3ms — ::1
2026-06-16 01:17:29 [debug]: GET /css/styles.css 200 8ms — ::1
2026-06-16 01:17:29 [debug]: GET /js/api.js 200 7ms — ::1
2026-06-16 01:17:29 [debug]: GET /js/auth.js 200 7ms — ::1
2026-06-16 01:17:29 [debug]: GET /js/ui.js 200 7ms — ::1
2026-06-16 01:17:29 [debug]: GET /js/app.js 200 8ms — ::1
2026-06-16 01:17:29 [debug]: GET /favicon.ico 200 4ms — ::1
2026-06-16 01:17:46 [info]: [yt-dlp] Extracting info: https://youtu.be/nx-mGN2Fz5M?si=RyRW6_uuDtsvM-MX
2026-06-16 01:17:49 [info]: [yt-dlp] Extracted "Reality of Khan Sir | Who is Really After Him? | Dhruv Rathee" — 27 formats found.
2026-06-16 01:17:49 [debug]: Quota recorded for ::1: 1/3000
2026-06-16 01:17:49 [debug]: POST / 200 3261ms — ::1
2026-06-16 01:24:02 [warn]: Firebase Admin SDK: credentials not configured — running in degraded mode (cookie-based quota only).
2026-06-16 01:24:02 [warn]: Stripe: secret key not configured — payment features disabled.
2026-06-16 01:24:03 [info]: ✅ yt-dlp found: v2026.06.09
2026-06-16 01:24:03 [info]: ✅ FFmpeg found: ffmpeg version 6.1.1-essentials_build-www.gyan.dev Copyright (c) 2000-2023 the FFmpeg developers
2026-06-16 01:24:03 [info]: 
🚀 Video Downloader API running at http://localhost:3000
2026-06-16 01:24:03 [info]:    Environment: development
2026-06-16 01:24:03 [info]:    Open http://localhost:3000 in your browser

2026-06-16 01:24:16 [warn]: Firebase Admin SDK: credentials not configured — running in degraded mode (cookie-based quota only).
2026-06-16 01:24:16 [warn]: Stripe: secret key not configured — payment features disabled.
2026-06-16 01:24:17 [info]: ✅ yt-dlp found: v2026.06.09
2026-06-16 01:24:17 [info]: ✅ FFmpeg found: ffmpeg version 6.1.1-essentials_build-www.gyan.dev Copyright (c) 2000-2023 the FFmpeg developers
2026-06-16 01:24:17 [info]: 
🚀 Video Downloader API running at http://localhost:3000
2026-06-16 01:24:17 [info]:    Environment: development
2026-06-16 01:24:17 [info]:    Open http://localhost:3000 in your browser

2026-06-16 01:24:38 [warn]: Firebase Admin SDK: credentials not configured — running in degraded mode (cookie-based quota only).
2026-06-16 01:24:38 [warn]: Stripe: secret key not configured — payment features disabled.
2026-06-16 01:24:39 [info]: ✅ yt-dlp found: v2026.06.09
2026-06-16 01:24:39 [info]: ✅ FFmpeg found: ffmpeg version 6.1.1-essentials_build-www.gyan.dev Copyright (c) 2000-2023 the FFmpeg developers
2026-06-16 01:24:40 [info]: 
🚀 Video Downloader API running at http://localhost:3000
2026-06-16 01:24:40 [info]:    Environment: development
2026-06-16 01:24:40 [info]:    Open http://localhost:3000 in your browser

2026-06-16 01:24:52 [warn]: Firebase Admin SDK: credentials not configured — running in degraded mode (cookie-based quota only).
2026-06-16 01:24:52 [warn]: Stripe: secret key not configured — payment features disabled.
2026-06-16 01:24:53 [info]: ✅ yt-dlp found: v2026.06.09
2026-06-16 01:24:53 [info]: ✅ FFmpeg found: ffmpeg version 6.1.1-essentials_build-www.gyan.dev Copyright (c) 2000-2023 the FFmpeg developers
2026-06-16 01:24:53 [info]: 
🚀 Video Downloader API running at http://localhost:3000
2026-06-16 01:24:53 [info]:    Environment: development
2026-06-16 01:24:53 [info]:    Open http://localhost:3000 in your browser

2026-06-16 01:25:19 [warn]: Firebase Admin SDK: credentials not configured — running in degraded mode (cookie-based quota only).
2026-06-16 01:25:19 [warn]: Stripe: secret key not configured — payment features disabled.
2026-06-16 01:25:20 [info]: ✅ yt-dlp found: v2026.06.09
2026-06-16 01:25:20 [info]: ✅ FFmpeg found: ffmpeg version 6.1.1-essentials_build-www.gyan.dev Copyright (c) 2000-2023 the FFmpeg developers
2026-06-16 01:25:20 [info]: 
🚀 Video Downloader API running at http://localhost:3000
2026-06-16 01:25:20 [info]:    Environment: development
2026-06-16 01:25:20 [info]:    Open http://localhost:3000 in your browser

2026-06-16 01:25:30 [warn]: Firebase Admin SDK: credentials not configured — running in degraded mode (cookie-based quota only).
2026-06-16 01:25:30 [warn]: Stripe: secret key not configured — payment features disabled.
2026-06-16 01:25:31 [info]: ✅ yt-dlp found: v2026.06.09
2026-06-16 01:25:31 [info]: ✅ FFmpeg found: ffmpeg version 6.1.1-essentials_build-www.gyan.dev Copyright (c) 2000-2023 the FFmpeg developers
2026-06-16 01:25:31 [info]: 
🚀 Video Downloader API running at http://localhost:3000
2026-06-16 01:25:31 [info]:    Environment: development
2026-06-16 01:25:31 [info]:    Open http://localhost:3000 in your browser

2026-06-16 01:25:43 [warn]: Firebase Admin SDK: credentials not configured — running in degraded mode (cookie-based quota only).
2026-06-16 01:25:43 [warn]: Stripe: secret key not configured — payment features disabled.
2026-06-16 01:25:44 [info]: ✅ yt-dlp found: v2026.06.09
2026-06-16 01:25:44 [info]: ✅ FFmpeg found: ffmpeg version 6.1.1-essentials_build-www.gyan.dev Copyright (c) 2000-2023 the FFmpeg developers
2026-06-16 01:25:44 [info]: 
🚀 Video Downloader API running at http://localhost:3000
2026-06-16 01:25:44 [info]:    Environment: development
2026-06-16 01:25:44 [info]:    Open http://localhost:3000 in your browser

2026-06-16 01:28:05 [debug]: GET / 200 13ms — ::1
2026-06-16 01:28:05 [debug]: GET /css/styles.css 200 15ms — ::1
2026-06-16 01:28:05 [debug]: GET /js/api.js 200 12ms — ::1
2026-06-16 01:28:05 [debug]: GET /js/auth.js 200 12ms — ::1
2026-06-16 01:28:05 [debug]: GET /js/ui.js 200 13ms — ::1
2026-06-16 01:28:05 [debug]: GET /js/app.js 200 13ms — ::1
2026-06-16 01:28:06 [debug]: GET /favicon.ico 200 9ms — ::1
2026-06-16 01:28:08 [debug]: GET / 200 2ms — ::1
2026-06-16 01:28:08 [debug]: GET /css/styles.css 200 10ms — ::1
2026-06-16 01:28:08 [debug]: GET /js/api.js 200 10ms — ::1
2026-06-16 01:28:08 [debug]: GET /js/auth.js 200 9ms — ::1
2026-06-16 01:28:08 [debug]: GET /js/ui.js 200 14ms — ::1
2026-06-16 01:28:08 [debug]: GET /js/app.js 200 14ms — ::1
2026-06-16 01:28:08 [debug]: GET /favicon.ico 200 4ms — ::1
2026-06-16 01:28:09 [debug]: GET / 200 3ms — ::1
2026-06-16 01:28:09 [debug]: GET /css/styles.css 200 5ms — ::1
2026-06-16 01:28:09 [debug]: GET /js/api.js 200 6ms — ::1
2026-06-16 01:28:09 [debug]: GET /js/auth.js 200 8ms — ::1
2026-06-16 01:28:09 [debug]: GET /js/ui.js 200 6ms — ::1
2026-06-16 01:28:09 [debug]: GET /js/app.js 200 7ms — ::1
2026-06-16 01:28:09 [debug]: GET /favicon.ico 200 3ms — ::1
2026-06-16 01:28:23 [info]: [yt-dlp] Extracting info: https://youtu.be/nx-mGN2Fz5M?si=RyRW6_uuDtsvM-MX
2026-06-16 01:28:26 [info]: [yt-dlp] Extracted "Reality of Khan Sir | Who is Really After Him? | Dhruv Rathee" — 27 formats found.
2026-06-16 01:28:26 [debug]: Quota recorded for ::1: 1/3000
2026-06-16 01:28:26 [debug]: POST / 200 3293ms — ::1
2026-06-16 01:29:49 [debug]: GET /favicon.ico 200 4ms — ::1
2026-06-16 01:30:11 [info]: [yt-dlp] Extracting info: https://youtu.be/nx-mGN2Fz5M?si=RyRW6_uuDtsvM-MX
2026-06-16 01:30:14 [info]: [yt-dlp] Extracted "Reality of Khan Sir | Who is Really After Him? | Dhruv Rathee" — 27 formats found.
2026-06-16 01:30:14 [debug]: Quota recorded for ::1: 2/3000
2026-06-16 01:30:14 [debug]: POST / 200 3166ms — ::1
2026-06-16 01:30:52 [debug]: GET / 200 3ms — ::1
2026-06-16 01:30:52 [debug]: GET /css/styles.css 200 2ms — ::1
2026-06-16 01:30:52 [debug]: GET /js/api.js 200 8ms — ::1
2026-06-16 01:30:52 [debug]: GET /js/auth.js 200 10ms — ::1
2026-06-16 01:30:52 [debug]: GET /js/ui.js 200 9ms — ::1
2026-06-16 01:30:52 [debug]: GET /js/app.js 200 8ms — ::1
2026-06-16 01:30:52 [debug]: GET /favicon.ico 304 3ms — ::1
2026-06-16 01:30:52 [debug]: GET / 304 1ms — ::1
2026-06-16 01:30:52 [debug]: GET /favicon.ico 304 2ms — ::1
2026-06-16 01:30:52 [debug]: GET / 304 1ms — ::1
2026-06-16 01:30:52 [debug]: GET /favicon.ico 304 2ms — ::1
2026-06-16 01:30:52 [debug]: GET / 304 1ms — ::1
2026-06-16 01:30:52 [debug]: GET /favicon.ico 304 3ms — ::1
2026-06-16 01:30:53 [debug]: GET / 304 2ms — ::1
2026-06-16 01:30:53 [debug]: GET /favicon.ico 304 3ms — ::1
2026-06-16 01:30:53 [debug]: GET / 304 1ms — ::1
2026-06-16 01:30:53 [debug]: GET /favicon.ico 304 2ms — ::1
2026-06-16 01:30:53 [debug]: GET / 304 2ms — ::1
2026-06-16 01:30:53 [debug]: GET /favicon.ico 304 2ms — ::1
2026-06-16 01:30:53 [debug]: GET / 304 1ms — ::1
2026-06-16 01:30:53 [debug]: GET /favicon.ico 304 3ms — ::1
2026-06-16 01:30:53 [debug]: GET / 304 2ms — ::1
2026-06-16 01:30:53 [debug]: GET /favicon.ico 304 3ms — ::1
2026-06-16 01:31:05 [info]: [yt-dlp] Extracting info: https://youtu.be/nx-mGN2Fz5M?si=RyRW6_uuDtsvM-MX
2026-06-16 01:31:08 [info]: [yt-dlp] Extracted "Reality of Khan Sir | Who is Really After Him? | Dhruv Rathee" — 27 formats found.
2026-06-16 01:31:08 [debug]: Quota recorded for ::1: 3/3000
2026-06-16 01:31:08 [debug]: POST / 200 3035ms — ::1
2026-06-16 01:36:42 [info]: [yt-dlp] Extracting info: https://youtu.be/nx-mGN2Fz5M?si=RyRW6_uuDtsvM-MX
2026-06-16 01:36:46 [info]: [yt-dlp] Extracted "Reality of Khan Sir | Who is Really After Him? | Dhruv Rathee" — 27 formats found.
2026-06-16 01:36:46 [debug]: Quota recorded for ::1: 4/3000
2026-06-16 01:36:46 [debug]: POST / 200 3766ms — ::1
2026-06-16 01:37:00 [info]: [yt-dlp] Extracting info: https://youtu.be/nx-mGN2Fz5M?si=RyRW6_uuDtsvM-MX
2026-06-16 01:37:04 [info]: [yt-dlp] Extracted "Reality of Khan Sir | Who is Really After Him? | Dhruv Rathee" — 27 formats found.
2026-06-16 01:37:04 [debug]: Quota recorded for ::1: 5/3000
2026-06-16 01:37:04 [debug]: POST / 200 3827ms — ::1
2026-06-16 01:40:38 [warn]: Firebase Admin SDK: credentials not configured — running in degraded mode (cookie-based quota only).
2026-06-16 01:40:38 [warn]: Stripe: secret key not configured — payment features disabled.
2026-06-16 01:40:40 [info]: ✅ yt-dlp found: v2026.06.09
2026-06-16 01:40:40 [info]: ✅ FFmpeg found: ffmpeg version 6.1.1-essentials_build-www.gyan.dev Copyright (c) 2000-2023 the FFmpeg developers
2026-06-16 01:40:40 [info]: 
🚀 Video Downloader API running at http://localhost:3000
2026-06-16 01:40:40 [info]:    Environment: development
2026-06-16 01:40:40 [info]:    Open http://localhost:3000 in your browser

2026-06-16 01:40:56 [warn]: Firebase Admin SDK: credentials not configured — running in degraded mode (cookie-based quota only).
2026-06-16 01:40:56 [warn]: Stripe: secret key not configured — payment features disabled.
2026-06-16 01:40:57 [info]: ✅ yt-dlp found: v2026.06.09
2026-06-16 01:40:57 [info]: ✅ FFmpeg found: ffmpeg version 6.1.1-essentials_build-www.gyan.dev Copyright (c) 2000-2023 the FFmpeg developers
2026-06-16 01:40:57 [info]: 
🚀 Video Downloader API running at http://localhost:3000
2026-06-16 01:40:57 [info]:    Environment: development
2026-06-16 01:40:57 [info]:    Open http://localhost:3000 in your browser

2026-06-16 01:41:12 [warn]: Firebase Admin SDK: credentials not configured — running in degraded mode (cookie-based quota only).
2026-06-16 01:41:12 [warn]: Stripe: secret key not configured — payment features disabled.
2026-06-16 01:41:13 [info]: ✅ yt-dlp found: v2026.06.09
2026-06-16 01:41:13 [info]: ✅ FFmpeg found: ffmpeg version 6.1.1-essentials_build-www.gyan.dev Copyright (c) 2000-2023 the FFmpeg developers
2026-06-16 01:41:13 [info]: 
🚀 Video Downloader API running at http://localhost:3000
2026-06-16 01:41:13 [info]:    Environment: development
2026-06-16 01:41:13 [info]:    Open http://localhost:3000 in your browser

2026-06-16 01:43:42 [debug]: GET / 200 17ms — ::1
2026-06-16 01:43:42 [debug]: GET /css/styles.css 200 14ms — ::1
2026-06-16 01:43:42 [debug]: GET /js/api.js 200 14ms — ::1
2026-06-16 01:43:42 [debug]: GET /js/auth.js 200 13ms — ::1
2026-06-16 01:43:42 [debug]: GET /js/ui.js 200 12ms — ::1
2026-06-16 01:43:42 [debug]: GET /js/app.js 200 14ms — ::1
2026-06-16 01:43:43 [debug]: GET /favicon.ico 200 9ms — ::1
2026-06-16 01:43:44 [debug]: GET / 200 8ms — ::1
2026-06-16 01:43:44 [debug]: GET /css/styles.css 200 15ms — ::1
2026-06-16 01:43:44 [debug]: GET /js/api.js 200 9ms — ::1
2026-06-16 01:43:44 [debug]: GET /js/auth.js 200 9ms — ::1
2026-06-16 01:43:44 [debug]: GET /js/ui.js 200 13ms — ::1
2026-06-16 01:43:44 [debug]: GET /js/app.js 200 14ms — ::1
2026-06-16 01:43:44 [debug]: GET /favicon.ico 200 7ms — ::1
2026-06-16 01:43:59 [info]: [yt-dlp] Extracting info: https://youtu.be/nx-mGN2Fz5M?si=RyRW6_uuDtsvM-MX
2026-06-16 01:44:02 [info]: [yt-dlp] Extracted "Reality of Khan Sir | Who is Really After Him? | Dhruv Rathee" — 27 formats found.
2026-06-16 01:44:02 [debug]: Quota recorded for ::1: 1/3000
2026-06-16 01:44:02 [debug]: POST / 200 3244ms — ::1
2026-06-16 01:46:31 [debug]: GET / 304 2ms — ::1
2026-06-16 01:46:32 [debug]: GET /favicon.ico 304 6ms — ::1
2026-06-16 01:46:32 [debug]: GET / 304 2ms — ::1
2026-06-16 01:46:32 [debug]: GET /favicon.ico 304 3ms — ::1
2026-06-16 01:46:32 [debug]: GET / 304 1ms — ::1
2026-06-16 01:46:32 [debug]: GET /favicon.ico 304 2ms — ::1
2026-06-16 01:46:32 [debug]: GET / 304 3ms — ::1
2026-06-16 01:46:32 [debug]: GET /favicon.ico 304 2ms — ::1
2026-06-16 01:46:32 [debug]: GET / 304 2ms — ::1
2026-06-16 01:46:32 [debug]: GET /favicon.ico 304 4ms — ::1
2026-06-16 01:46:32 [debug]: GET / 304 2ms — ::1
2026-06-16 01:46:33 [debug]: GET /favicon.ico 304 4ms — ::1
2026-06-16 01:46:33 [debug]: GET / 304 2ms — ::1
2026-06-16 01:46:33 [debug]: GET /favicon.ico 304 4ms — ::1
2026-06-16 01:46:33 [debug]: GET / 304 2ms — ::1
2026-06-16 01:46:33 [debug]: GET /favicon.ico 304 3ms — ::1
2026-06-16 01:46:33 [debug]: GET / 304 2ms — ::1
2026-06-16 01:46:33 [debug]: GET /favicon.ico 304 3ms — ::1
2026-06-16 01:46:33 [debug]: GET / 304 2ms — ::1
2026-06-16 01:46:33 [debug]: GET /favicon.ico 304 3ms — ::1
2026-06-16 01:46:38 [debug]: GET / 200 4ms — ::1
2026-06-16 01:46:38 [debug]: GET /css/styles.css 200 7ms — ::1
2026-06-16 01:46:38 [debug]: GET /js/api.js 200 8ms — ::1
2026-06-16 01:46:38 [debug]: GET /js/auth.js 200 9ms — ::1
2026-06-16 01:46:38 [debug]: GET /js/ui.js 200 10ms — ::1
2026-06-16 01:46:38 [debug]: GET /js/app.js 200 8ms — ::1
2026-06-16 01:46:38 [debug]: GET /favicon.ico 200 4ms — ::1
2026-06-16 01:46:38 [debug]: GET / 200 2ms — ::1
2026-06-16 01:46:38 [debug]: GET /css/styles.css 200 7ms — ::1
2026-06-16 01:46:38 [debug]: GET /js/api.js 200 10ms — ::1
2026-06-16 01:46:38 [debug]: GET /js/auth.js 200 10ms — ::1
2026-06-16 01:46:38 [debug]: GET /js/ui.js 200 12ms — ::1
2026-06-16 01:46:38 [debug]: GET /js/app.js 200 14ms — ::1
2026-06-16 01:46:38 [debug]: GET /favicon.ico 200 3ms — ::1
2026-06-16 01:46:38 [debug]: GET / 200 4ms — ::1
2026-06-16 01:46:39 [debug]: GET /css/styles.css 200 7ms — ::1
2026-06-16 01:46:39 [debug]: GET /js/api.js 200 9ms — ::1
2026-06-16 01:46:39 [debug]: GET /js/auth.js 200 8ms — ::1
2026-06-16 01:46:39 [debug]: GET /js/ui.js 200 11ms — ::1
2026-06-16 01:46:39 [debug]: GET /js/app.js 200 14ms — ::1
2026-06-16 01:46:39 [debug]: GET /favicon.ico 200 3ms — ::1
2026-06-16 01:46:39 [debug]: GET / 200 3ms — ::1
2026-06-16 01:46:39 [debug]: GET /css/styles.css 200 9ms — ::1
2026-06-16 01:46:39 [debug]: GET /js/api.js 200 10ms — ::1
2026-06-16 01:46:39 [debug]: GET /js/auth.js 200 10ms — ::1
2026-06-16 01:46:39 [debug]: GET /js/ui.js 200 12ms — ::1
2026-06-16 01:46:39 [debug]: GET /js/app.js 200 14ms — ::1
2026-06-16 01:46:39 [debug]: GET /favicon.ico 200 5ms — ::1
2026-06-16 01:46:39 [debug]: GET / 200 4ms — ::1
2026-06-16 01:46:39 [debug]: GET /css/styles.css 200 9ms — ::1
2026-06-16 01:46:39 [debug]: GET /js/api.js 200 10ms — ::1
2026-06-16 01:46:39 [debug]: GET /js/ui.js 200 12ms — ::1
2026-06-16 01:46:39 [debug]: GET /js/auth.js 200 16ms — ::1
2026-06-16 01:46:39 [debug]: GET /js/app.js 200 17ms — ::1
2026-06-16 01:46:39 [debug]: GET / 200 4ms — ::1
2026-06-16 01:46:39 [debug]: GET /css/styles.css 200 11ms — ::1
2026-06-16 01:46:39 [debug]: GET /js/api.js 200 12ms — ::1
2026-06-16 01:46:39 [debug]: GET /js/auth.js 200 11ms — ::1
2026-06-16 01:46:39 [debug]: GET /js/ui.js 200 12ms — ::1
2026-06-16 01:46:39 [debug]: GET /js/app.js 200 12ms — ::1
2026-06-16 01:46:40 [debug]: GET /favicon.ico 200 5ms — ::1
2026-06-16 01:46:40 [debug]: GET / 200 4ms — ::1
2026-06-16 01:46:40 [debug]: GET /css/styles.css 200 13ms — ::1
2026-06-16 01:46:40 [debug]: GET /js/api.js 200 13ms — ::1
2026-06-16 01:46:40 [debug]: GET /js/auth.js 200 15ms — ::1
2026-06-16 01:46:40 [debug]: GET /js/ui.js 200 16ms — ::1
2026-06-16 01:46:40 [debug]: GET /js/app.js 200 17ms — ::1
2026-06-16 01:46:40 [debug]: GET / 200 4ms — ::1
2026-06-16 01:46:40 [debug]: GET /css/styles.css 200 10ms — ::1
2026-06-16 01:46:40 [debug]: GET /js/auth.js 200 10ms — ::1
2026-06-16 01:46:40 [debug]: GET /js/api.js 200 13ms — ::1
2026-06-16 01:46:40 [debug]: GET /js/ui.js 200 13ms — ::1
2026-06-16 01:46:40 [debug]: GET /js/app.js 200 13ms — ::1
2026-06-16 01:46:40 [debug]: GET / 200 3ms — ::1
2026-06-16 01:46:40 [debug]: GET /css/styles.css 200 12ms — ::1
2026-06-16 01:46:40 [debug]: GET /js/api.js 200 12ms — ::1
2026-06-16 01:46:40 [debug]: GET /js/auth.js 200 12ms — ::1
2026-06-16 01:46:40 [debug]: GET /js/ui.js 200 14ms — ::1
2026-06-16 01:46:40 [debug]: GET /js/app.js 200 16ms — ::1
2026-06-16 01:46:41 [debug]: GET /favicon.ico 200 4ms — ::1
2026-06-16 01:46:41 [debug]: GET / 200 3ms — ::1
2026-06-16 01:46:41 [debug]: GET /css/styles.css 200 9ms — ::1
2026-06-16 01:46:41 [debug]: GET /js/api.js 200 9ms — ::1
2026-06-16 01:46:41 [debug]: GET /js/ui.js 200 10ms — ::1
2026-06-16 01:46:41 [debug]: GET /js/auth.js 200 11ms — ::1
2026-06-16 01:46:41 [debug]: GET /js/app.js 200 13ms — ::1
2026-06-16 01:46:41 [debug]: GET / 200 3ms — ::1
2026-06-16 01:46:41 [debug]: GET /css/styles.css 200 8ms — ::1
2026-06-16 01:46:41 [debug]: GET /js/api.js 200 9ms — ::1
2026-06-16 01:46:41 [debug]: GET /js/auth.js 200 10ms — ::1
2026-06-16 01:46:41 [debug]: GET /js/app.js 200 10ms — ::1
2026-06-16 01:46:41 [debug]: GET /js/ui.js 200 15ms — ::1
2026-06-16 01:46:41 [debug]: GET / 200 4ms — ::1
2026-06-16 01:46:41 [debug]: GET /css/styles.css 200 8ms — ::1
2026-06-16 01:46:41 [debug]: GET /js/api.js 200 9ms — ::1
2026-06-16 01:46:41 [debug]: GET /js/auth.js 200 11ms — ::1
2026-06-16 01:46:41 [debug]: GET /js/ui.js 200 11ms — ::1
2026-06-16 01:46:41 [debug]: GET /js/app.js 200 13ms — ::1
2026-06-16 01:46:41 [debug]: GET / 200 5ms — ::1
2026-06-16 01:46:41 [debug]: GET /css/styles.css 200 11ms — ::1
2026-06-16 01:46:41 [debug]: GET /js/api.js 200 11ms — ::1
2026-06-16 01:46:41 [debug]: GET /js/auth.js 200 11ms — ::1
2026-06-16 01:46:41 [debug]: GET /js/ui.js 200 11ms — ::1
2026-06-16 01:46:41 [debug]: GET /js/app.js 200 11ms — ::1
2026-06-16 01:46:42 [debug]: GET /favicon.ico 200 6ms — ::1
2026-06-16 01:46:42 [debug]: GET / 200 2ms — ::1
2026-06-16 01:46:42 [debug]: GET /css/styles.css 200 9ms — ::1
2026-06-16 01:46:42 [debug]: GET /js/auth.js 200 10ms — ::1
2026-06-16 01:46:42 [debug]: GET /js/api.js 200 14ms — ::1
2026-06-16 01:46:42 [debug]: GET /js/ui.js 200 13ms — ::1
2026-06-16 01:46:42 [debug]: GET /js/app.js 200 17ms — ::1
2026-06-16 01:46:42 [debug]: GET /favicon.ico 200 3ms — ::1
2026-06-16 01:46:42 [debug]: GET / 200 3ms — ::1
2026-06-16 01:46:42 [debug]: GET /js/api.js 200 12ms — ::1
2026-06-16 01:46:42 [debug]: GET /css/styles.css 200 16ms — ::1
2026-06-16 01:46:42 [debug]: GET /js/auth.js 200 15ms — ::1
2026-06-16 01:46:42 [debug]: GET /js/ui.js 200 16ms — ::1
2026-06-16 01:46:42 [debug]: GET /js/app.js 200 16ms — ::1
2026-06-16 01:46:42 [debug]: GET /favicon.ico 200 4ms — ::1
2026-06-16 01:46:43 [debug]: GET / 200 4ms — ::1
2026-06-16 01:46:43 [debug]: GET /js/api.js 200 8ms — ::1
2026-06-16 01:46:43 [debug]: GET /js/auth.js 200 9ms — ::1
2026-06-16 01:46:43 [debug]: GET /css/styles.css 200 16ms — ::1
2026-06-16 01:46:43 [debug]: GET /js/ui.js 200 14ms — ::1
2026-06-16 01:46:43 [debug]: GET /js/app.js 200 16ms — ::1
2026-06-16 01:46:43 [debug]: GET /favicon.ico 200 4ms — ::1
2026-06-16 01:46:44 [debug]: GET / 200 5ms — ::1
2026-06-16 01:46:44 [debug]: GET /css/styles.css 200 12ms — ::1
2026-06-16 01:46:44 [debug]: GET /js/api.js 200 10ms — ::1
2026-06-16 01:46:44 [debug]: GET /js/auth.js 200 9ms — ::1
2026-06-16 01:46:44 [debug]: GET /js/ui.js 200 12ms — ::1
2026-06-16 01:46:44 [debug]: GET /js/app.js 200 15ms — ::1
2026-06-16 01:46:44 [debug]: GET /favicon.ico 200 4ms — ::1
2026-06-16 01:46:45 [debug]: GET / 200 4ms — ::1
2026-06-16 01:46:45 [debug]: GET /css/styles.css 200 14ms — ::1
2026-06-16 01:48:33 [warn]: Firebase Admin SDK: credentials not configured — running in degraded mode (cookie-based quota only).
2026-06-16 01:48:33 [warn]: Stripe: secret key not configured — payment features disabled.
2026-06-16 01:48:34 [info]: ✅ yt-dlp found: v2026.06.09
2026-06-16 01:48:34 [info]: ✅ FFmpeg found: ffmpeg version 6.1.1-essentials_build-www.gyan.dev Copyright (c) 2000-2023 the FFmpeg developers
2026-06-16 01:48:34 [info]: 
🚀 Video Downloader API running at http://localhost:3000
2026-06-16 01:48:34 [info]:    Environment: development
2026-06-16 01:48:34 [info]:    Open http://localhost:3000 in your browser

2026-06-16 01:52:17 [warn]: Firebase Admin SDK: credentials not configured — running in degraded mode (cookie-based quota only).
2026-06-16 01:52:17 [warn]: Stripe: secret key not configured — payment features disabled.
2026-06-16 01:52:17 [info]: ✅ yt-dlp found: v2026.06.09
2026-06-16 01:52:17 [info]: ✅ FFmpeg found: ffmpeg version 6.1.1-essentials_build-www.gyan.dev Copyright (c) 2000-2023 the FFmpeg developers
2026-06-16 01:52:17 [info]: 
🚀 Video Downloader API running at http://localhost:3000
2026-06-16 01:52:17 [info]:    Environment: development
2026-06-16 01:52:17 [info]:    Open http://localhost:3000 in your browser

2026-06-16 01:52:19 [debug]: GET / 200 9ms — ::1
2026-06-16 01:52:19 [debug]: GET /css/styles.css 200 6ms — ::1
2026-06-16 01:52:19 [debug]: GET /js/api.js 200 8ms — ::1
2026-06-16 01:52:19 [debug]: GET /js/auth.js 200 8ms — ::1
2026-06-16 01:52:19 [debug]: GET /js/ui.js 200 8ms — ::1
2026-06-16 01:52:19 [debug]: GET /js/app.js 200 8ms — ::1
2026-06-16 01:52:19 [debug]: GET /favicon.ico 200 10ms — ::1
2026-06-16 01:52:31 [info]: [yt-dlp] Extracting info: https://youtu.be/nx-mGN2Fz5M?si=RyRW6_uuDtsvM-MX
2026-06-16 01:52:34 [info]: [yt-dlp] Extracted "Reality of Khan Sir | Who is Really After Him? | Dhruv Rathee" — 27 formats found.
2026-06-16 01:52:34 [debug]: Quota recorded for ::1: 1/3000
2026-06-16 01:52:34 [debug]: POST / 200 3209ms — ::1
2026-06-16 01:54:58 [warn]: Firebase Admin SDK: credentials not configured — running in degraded mode (cookie-based quota only).
2026-06-16 01:54:58 [warn]: Stripe: secret key not configured — payment features disabled.
2026-06-16 01:54:59 [info]: ✅ yt-dlp found: v2026.06.09
2026-06-16 01:54:59 [info]: ✅ FFmpeg found: ffmpeg version 6.1.1-essentials_build-www.gyan.dev Copyright (c) 2000-2023 the FFmpeg developers
2026-06-16 01:54:59 [info]: 
🚀 Video Downloader API running at http://localhost:3000
2026-06-16 01:54:59 [info]:    Environment: development
2026-06-16 01:54:59 [info]:    Open http://localhost:3000 in your browser

2026-06-16 01:55:11 [warn]: Firebase Admin SDK: credentials not configured — running in degraded mode (cookie-based quota only).
2026-06-16 01:55:11 [warn]: Stripe: secret key not configured — payment features disabled.
2026-06-16 01:55:12 [info]: ✅ yt-dlp found: v2026.06.09
2026-06-16 01:55:12 [info]: ✅ FFmpeg found: ffmpeg version 6.1.1-essentials_build-www.gyan.dev Copyright (c) 2000-2023 the FFmpeg developers
2026-06-16 01:55:12 [info]: 
🚀 Video Downloader API running at http://localhost:3000
2026-06-16 01:55:12 [info]:    Environment: development
2026-06-16 01:55:12 [info]:    Open http://localhost:3000 in your browser

2026-06-16 01:55:39 [warn]: Firebase Admin SDK: credentials not configured — running in degraded mode (cookie-based quota only).
2026-06-16 01:55:39 [warn]: Stripe: secret key not configured — payment features disabled.
2026-06-16 01:55:40 [info]: ✅ yt-dlp found: v2026.06.09
2026-06-16 01:55:40 [info]: ✅ FFmpeg found: ffmpeg version 6.1.1-essentials_build-www.gyan.dev Copyright (c) 2000-2023 the FFmpeg developers
2026-06-16 01:55:40 [info]: 
🚀 Video Downloader API running at http://localhost:3000
2026-06-16 01:55:40 [info]:    Environment: development
2026-06-16 01:55:40 [info]:    Open http://localhost:3000 in your browser

2026-06-16 01:56:00 [warn]: Firebase Admin SDK: credentials not configured — running in degraded mode (cookie-based quota only).
2026-06-16 01:56:00 [warn]: Stripe: secret key not configured — payment features disabled.
2026-06-16 01:56:01 [info]: ✅ yt-dlp found: v2026.06.09
2026-06-16 01:56:01 [info]: ✅ FFmpeg found: ffmpeg version 6.1.1-essentials_build-www.gyan.dev Copyright (c) 2000-2023 the FFmpeg developers
2026-06-16 01:56:01 [info]: 
🚀 Video Downloader API running at http://localhost:3000
2026-06-16 01:56:01 [info]:    Environment: development
2026-06-16 01:56:01 [info]:    Open http://localhost:3000 in your browser

2026-06-16 01:56:25 [warn]: Firebase Admin SDK: credentials not configured — running in degraded mode (cookie-based quota only).
2026-06-16 01:56:25 [warn]: Stripe: secret key not configured — payment features disabled.
2026-06-16 01:56:26 [info]: ✅ yt-dlp found: v2026.06.09
2026-06-16 01:56:26 [info]: ✅ FFmpeg found: ffmpeg version 6.1.1-essentials_build-www.gyan.dev Copyright (c) 2000-2023 the FFmpeg developers
2026-06-16 01:56:26 [info]: 
🚀 Video Downloader API running at http://localhost:3000
2026-06-16 01:56:26 [info]:    Environment: development
2026-06-16 01:56:26 [info]:    Open http://localhost:3000 in your browser

2026-06-16 01:57:26 [debug]: GET / 200 15ms — ::1
2026-06-16 01:57:26 [debug]: GET /css/styles.css 200 12ms — ::1
2026-06-16 01:57:26 [debug]: GET /js/app.js 200 10ms — ::1
2026-06-16 01:57:26 [debug]: GET /js/api.js 200 11ms — ::1
2026-06-16 01:57:26 [debug]: GET /js/auth.js 200 12ms — ::1
2026-06-16 01:57:26 [debug]: GET /js/ui.js 200 13ms — ::1
2026-06-16 01:57:26 [debug]: GET /favicon.ico 200 7ms — ::1
2026-06-16 01:57:32 [info]: [yt-dlp] Extracting info: https://youtu.be/nx-mGN2Fz5M?si=RyRW6_uuDtsvM-MX
2026-06-16 01:57:35 [info]: [yt-dlp] Extracted "Reality of Khan Sir | Who is Really After Him? | Dhruv Rathee" — 27 formats found.
2026-06-16 01:57:35 [debug]: Quota recorded for ::1: 1/3000
2026-06-16 01:57:35 [debug]: POST / 200 3415ms — ::1
2026-06-16 02:00:35 [warn]: Firebase Admin SDK: credentials not configured — running in degraded mode (cookie-based quota only).
2026-06-16 02:00:35 [warn]: Stripe: secret key not configured — payment features disabled.
2026-06-16 02:00:36 [info]: ✅ yt-dlp found: v2026.06.09
2026-06-16 02:00:36 [info]: ✅ FFmpeg found: ffmpeg version 6.1.1-essentials_build-www.gyan.dev Copyright (c) 2000-2023 the FFmpeg developers
2026-06-16 02:00:36 [info]: 
🚀 Video Downloader API running at http://localhost:3000
2026-06-16 02:00:36 [info]:    Environment: development
2026-06-16 02:00:36 [info]:    Open http://localhost:3000 in your browser

2026-06-16 02:02:37 [debug]: GET / 200 13ms — ::1
2026-06-16 02:02:37 [debug]: GET /css/styles.css 200 4ms — ::1
2026-06-16 02:02:37 [debug]: GET /js/api.js 200 3ms — ::1
2026-06-16 02:02:37 [debug]: GET /js/auth.js 200 2ms — ::1
2026-06-16 02:02:37 [debug]: GET /js/ui.js 200 3ms — ::1
2026-06-16 02:02:37 [debug]: GET /js/app.js 200 3ms — ::1
2026-06-16 02:02:38 [debug]: GET /favicon.ico 200 6ms — ::1
2026-06-16 02:02:56 [info]: [yt-dlp] Extracting info: https://youtu.be/nx-mGN2Fz5M?si=RyRW6_uuDtsvM-MX
2026-06-16 02:03:00 [info]: [yt-dlp] Extracted "Reality of Khan Sir | Who is Really After Him? | Dhruv Rathee" — 27 formats found.
2026-06-16 02:03:00 [debug]: Quota recorded for ::1: 1/3000
2026-06-16 02:03:00 [debug]: POST / 200 3176ms — ::1
2026-06-16 02:03:44 [debug]: GET /.well-known/appspecific/com.chrome.devtools.json 200 7ms — ::1
2026-06-16 02:05:31 [debug]: GET / 200 4ms — ::1
2026-06-16 02:05:32 [debug]: GET /favicon.ico 304 5ms — ::1
2026-06-16 02:05:48 [debug]: GET /.well-known/appspecific/com.chrome.devtools.json 304 2ms — ::1
2026-06-16 02:07:30 [debug]: GET / 200 3ms — ::1
2026-06-16 02:07:30 [debug]: GET /css/styles.css 200 2ms — ::1
2026-06-16 02:07:31 [debug]: GET /js/api.js 200 2ms — ::1
2026-06-16 02:07:31 [debug]: GET /js/auth.js 200 2ms — ::1
2026-06-16 02:07:31 [debug]: GET /js/ui.js 200 2ms — ::1
2026-06-16 02:07:31 [debug]: GET /js/app.js 200 2ms — ::1
2026-06-16 02:07:31 [debug]: GET /favicon.ico 200 4ms — ::1
2026-06-16 02:07:45 [info]: [yt-dlp] Extracting info: https://youtu.be/nx-mGN2Fz5M?si=RyRW6_uuDtsvM-MX
2026-06-16 02:07:49 [info]: [yt-dlp] Extracted "Reality of Khan Sir | Who is Really After Him? | Dhruv Rathee" — 27 formats found.
2026-06-16 02:07:49 [debug]: Quota recorded for ::1: 2/3000
2026-06-16 02:07:49 [debug]: POST / 200 3192ms — ::1
2026-06-16 02:11:37 [warn]: Firebase Admin SDK: credentials not configured — running in degraded mode (cookie-based quota only).
2026-06-16 02:11:37 [warn]: Stripe: secret key not configured — payment features disabled.
2026-06-16 02:11:38 [info]: ✅ yt-dlp found: v2026.06.09
2026-06-16 02:11:38 [info]: ✅ FFmpeg found: ffmpeg version 6.1.1-essentials_build-www.gyan.dev Copyright (c) 2000-2023 the FFmpeg developers
2026-06-16 02:11:38 [info]: 
🚀 Video Downloader API running at http://localhost:3000
2026-06-16 02:11:38 [info]:    Environment: development
2026-06-16 02:11:38 [info]:    Open http://localhost:3000 in your browser

2026-06-16 02:12:21 [debug]: GET /.well-known/appspecific/com.chrome.devtools.json 200 24ms — ::1
2026-06-16 02:12:50 [debug]: GET / 200 6ms — ::1
2026-06-16 02:12:50 [debug]: GET /css/styles.css 200 5ms — ::1
2026-06-16 02:12:50 [debug]: GET /js/api.js 200 13ms — ::1
2026-06-16 02:12:50 [debug]: GET /js/auth.js 200 12ms — ::1
2026-06-16 02:12:50 [debug]: GET /js/ui.js 200 11ms — ::1
2026-06-16 02:12:50 [debug]: GET /js/app.js 200 12ms — ::1
2026-06-16 02:12:50 [debug]: GET /.well-known/appspecific/com.chrome.devtools.json 304 4ms — ::1
2026-06-16 02:12:51 [debug]: GET /favicon.ico 200 5ms — ::1
2026-06-16 02:13:45 [info]: [yt-dlp] Extracting info: https://youtu.be/nx-mGN2Fz5M?si=RyRW6_uuDtsvM-MX
2026-06-16 02:13:48 [info]: [yt-dlp] Extracted "Reality of Khan Sir | Who is Really After Him? | Dhruv Rathee" — 27 formats found.
2026-06-16 02:13:48 [debug]: Quota recorded for ::1: 1/3000
2026-06-16 02:13:48 [debug]: POST / 200 3010ms — ::1
2026-06-16 02:16:07 [debug]: GET /.well-known/appspecific/com.chrome.devtools.json 304 5ms — ::1
2026-06-16 02:16:07 [debug]: GET /favicon.ico 304 3ms — ::1
2026-06-16 02:16:23 [info]: [yt-dlp] Extracting info: https://youtu.be/nx-mGN2Fz5M?si=RyRW6_uuDtsvM-MX
2026-06-16 02:16:26 [info]: [yt-dlp] Extracted "Reality of Khan Sir | Who is Really After Him? | Dhruv Rathee" — 27 formats found.
2026-06-16 02:16:26 [debug]: Quota recorded for ::1: 2/3000
2026-06-16 02:16:26 [debug]: POST / 200 3358ms — ::1
2026-06-16 02:21:12 [debug]: GET / 200 5ms — ::1
2026-06-16 02:21:13 [debug]: GET /css/styles.css 200 7ms — ::1
2026-06-16 02:21:13 [debug]: GET /js/api.js 200 11ms — ::1
2026-06-16 02:21:13 [debug]: GET /js/auth.js 200 12ms — ::1
2026-06-16 02:21:13 [debug]: GET /js/ui.js 200 12ms — ::1
2026-06-16 02:21:13 [debug]: GET /js/app.js 200 15ms — ::1
2026-06-16 02:21:13 [debug]: GET /.well-known/appspecific/com.chrome.devtools.json 200 3ms — ::1
2026-06-16 02:21:14 [debug]: GET /favicon.ico 200 4ms — ::1
2026-06-16 02:21:40 [info]: [yt-dlp] Extracting info: https://youtu.be/nx-mGN2Fz5M?si=RyRW6_uuDtsvM-MX
2026-06-16 02:21:44 [info]: [yt-dlp] Extracted "Reality of Khan Sir | Who is Really After Him? | Dhruv Rathee" — 27 formats found.
2026-06-16 02:21:44 [debug]: Quota recorded for ::1: 3/3000
2026-06-16 02:21:44 [debug]: POST / 200 3409ms — ::1
2026-06-16 02:21:48 [info]: [Download] Starting yt-dlp download: url=https://www.youtube.com/watch?v=nx-mGN2Fz5M fmt=18 file="Reality of Khan Sir _ Who is Really After Him_ _ Dhruv Rathee.mp4"
2026-06-16 02:22:10 [info]: [Download] Sending file: Reality of Khan Sir _ Who is Really After Him_ _ Dhruv Rathee.mp4 (60303527 bytes)
2026-06-16 02:22:11 [info]: [Download] File sent successfully: Reality of Khan Sir _ Who is Really After Him_ _ Dhruv Rathee.mp4
2026-06-16 02:22:11 [debug]: POST / 200 23047ms — ::1
2026-06-16 02:26:11 [debug]: GET /.well-known/appspecific/com.chrome.devtools.json 304 6ms — ::1
2026-06-16 02:26:12 [debug]: GET /favicon.ico 304 2ms — ::1
2026-06-16 02:26:34 [info]: [yt-dlp] Extracting info: https://youtu.be/1a5nyrMtRsk?si=7Ge7ePFcjalWSRgn
2026-06-16 02:26:38 [info]: [yt-dlp] Extracted "Dhurandhar - Title Track | Ranveer Singh, Shashwat Sachdev, Hanumankind, Jasmine Sandlas,Aditya Dhar" — 31 formats found.
2026-06-16 02:26:38 [debug]: Quota recorded for ::1: 4/3000
2026-06-16 02:26:38 [debug]: POST / 200 4074ms — ::1
2026-06-16 02:26:44 [info]: [Download] Starting yt-dlp download: url=https://www.youtube.com/watch?v=1a5nyrMtRsk fmt=18 file="Dhurandhar - Title Track _ Ranveer Singh, Shashwat Sachdev, Hanumankind, Jasmine Sandlas,Aditya Dhar.mp4"
2026-06-16 02:26:50 [info]: [Download] Sending file: Dhurandhar - Title Track _ Ranveer Singh, Shashwat Sachdev, Hanumankind, Jasmine Sandlas,Aditya Dhar.mp4 (9698621 bytes)
2026-06-16 02:26:50 [info]: [Download] File sent successfully: Dhurandhar - Title Track _ Ranveer Singh, Shashwat Sachdev, Hanumankind, Jasmine Sandlas,Aditya Dhar.mp4
2026-06-16 02:26:50 [debug]: POST / 200 6935ms — ::1
2026-06-16 02:28:00 [debug]: GET /favicon.ico 200 5ms — ::1
2026-06-16 02:28:12 [info]: [yt-dlp] Extracting info: https://youtu.be/1a5nyrMtRsk?si=7Ge7ePFcjalWSRgn
2026-06-16 02:28:16 [info]: [yt-dlp] Extracted "Dhurandhar - Title Track | Ranveer Singh, Shashwat Sachdev, Hanumankind, Jasmine Sandlas,Aditya Dhar" — 31 formats found.
2026-06-16 02:28:16 [debug]: Quota recorded for ::1: 5/3000
2026-06-16 02:28:16 [debug]: POST / 200 3607ms — ::1
2026-06-16 02:29:27 [debug]: GET /favicon.ico 304 3ms — ::1
2026-06-16 02:29:42 [info]: [yt-dlp] Extracting info: https://youtu.be/Tqsz6fjvhZM?si=saP1X83cWq3dUA-L
2026-06-16 02:29:45 [info]: [yt-dlp] Extracted "Hostel - Stand Up Comedy ft. Anubhav Singh Bassi" — 27 formats found.
2026-06-16 02:29:45 [debug]: Quota recorded for ::1: 6/3000
2026-06-16 02:29:45 [debug]: POST / 200 3263ms — ::1
2026-06-16 02:32:49 [debug]: GET /favicon.ico 304 3ms — ::1
2026-06-16 02:32:52 [debug]: GET / 200 2ms — ::1
2026-06-16 02:32:52 [debug]: GET /css/styles.css 200 6ms — ::1
2026-06-16 02:32:52 [debug]: GET /js/api.js 200 12ms — ::1
2026-06-16 02:32:52 [debug]: GET /js/auth.js 200 8ms — ::1
2026-06-16 02:32:52 [debug]: GET /js/ui.js 200 6ms — ::1
2026-06-16 02:32:52 [debug]: GET /js/app.js 200 7ms — ::1
2026-06-16 02:32:54 [debug]: GET / 200 2ms — ::1
2026-06-16 02:32:54 [debug]: GET /css/styles.css 200 7ms — ::1
2026-06-16 02:32:54 [debug]: GET /js/api.js 200 7ms — ::1
2026-06-16 02:32:54 [debug]: GET /js/auth.js 200 7ms — ::1
2026-06-16 02:32:54 [debug]: GET /js/ui.js 200 8ms — ::1
2026-06-16 02:32:54 [debug]: GET /js/app.js 200 8ms — ::1
2026-06-16 02:32:54 [debug]: GET / 200 2ms — ::1
2026-06-16 02:32:54 [debug]: GET /css/styles.css 200 6ms — ::1
2026-06-16 02:32:54 [debug]: GET /js/api.js 200 6ms — ::1
2026-06-16 02:32:54 [debug]: GET /js/auth.js 200 7ms — ::1
2026-06-16 02:32:54 [debug]: GET /js/ui.js 200 6ms — ::1
2026-06-16 02:32:54 [debug]: GET /js/app.js 200 7ms — ::1
2026-06-16 02:32:54 [debug]: GET / 200 3ms — ::1
2026-06-16 02:32:54 [debug]: GET /css/styles.css 200 6ms — ::1
2026-06-16 02:32:54 [debug]: GET /js/auth.js 200 7ms — ::1
2026-06-16 02:32:54 [debug]: GET /js/api.js 200 9ms — ::1
2026-06-16 02:32:54 [debug]: GET /js/ui.js 200 9ms — ::1
2026-06-16 02:32:54 [debug]: GET /js/app.js 200 9ms — ::1
2026-06-16 02:33:02 [debug]: GET /favicon.ico 200 2ms — ::1
2026-06-16 02:33:07 [info]: [yt-dlp] Extracting info: https://youtu.be/Tqsz6fjvhZM?si=saP1X83cWq3dUA-L
2026-06-16 02:33:12 [info]: [yt-dlp] Extracted "Hostel - Stand Up Comedy ft. Anubhav Singh Bassi" — 27 formats found.
2026-06-16 02:33:12 [debug]: Quota recorded for ::1: 7/3000
2026-06-16 02:33:12 [debug]: POST / 200 5795ms — ::1
2026-06-16 02:33:44 [info]: [Download] Starting yt-dlp download: url=https://www.youtube.com/watch?v=Tqsz6fjvhZM fmt=18 file="Hostel - Stand Up Comedy ft. Anubhav Singh Bassi.mp4"
2026-06-16 02:34:04 [info]: [Download] Sending file: Hostel - Stand Up Comedy ft. Anubhav Singh Bassi.mp4 (36864054 bytes)
2026-06-16 02:34:05 [info]: [Download] File sent successfully: Hostel - Stand Up Comedy ft. Anubhav Singh Bassi.mp4
2026-06-16 02:34:05 [debug]: POST / 200 21264ms — ::1
2026-06-16 02:34:33 [info]: [Download] Starting yt-dlp download: url=https://www.youtube.com/watch?v=Tqsz6fjvhZM fmt=18 file="Hostel - Stand Up Comedy ft. Anubhav Singh Bassi.mp4"
2026-06-16 02:34:53 [info]: [Download] Sending file: Hostel - Stand Up Comedy ft. Anubhav Singh Bassi.mp4 (36864054 bytes)
2026-06-16 02:34:54 [info]: [Download] File sent successfully: Hostel - Stand Up Comedy ft. Anubhav Singh Bassi.mp4
2026-06-16 02:34:54 [debug]: POST / 200 20033ms — ::1
2026-06-16 11:16:54 [debug]: GET / 304 6ms — ::1
2026-06-16 11:17:18 [debug]: GET /favicon.ico 304 4ms — ::1
2026-06-16 11:17:21 [info]: [yt-dlp] Extracting info: https://youtu.be/Ey8j_BlLvFM?si=GJFY0yL8hb4sbKQl
2026-06-16 11:17:26 [info]: [yt-dlp] Extracted "Race Highlights | 2026 Barcelona-Catalunya Grand Prix" — 27 formats found.
2026-06-16 11:17:26 [debug]: Quota recorded for ::1: 1/3000
2026-06-16 11:17:26 [debug]: POST / 200 5089ms — ::1
2026-06-16 11:17:29 [info]: [Download] Starting yt-dlp download: url=https://www.youtube.com/watch?v=Ey8j_BlLvFM fmt=18 file="Race Highlights _ 2026 Barcelona-Catalunya Grand Prix.mp4"
2026-06-16 11:17:41 [info]: [Download] Sending file: Race Highlights _ 2026 Barcelona-Catalunya Grand Prix.mp4 (43112124 bytes)
2026-06-16 11:17:42 [info]: [Download] File sent successfully: Race Highlights _ 2026 Barcelona-Catalunya Grand Prix.mp4
2026-06-16 11:17:42 [debug]: POST / 200 13302ms — ::1
2026-06-16 11:18:22 [info]: [Download] Starting yt-dlp download: url=https://www.youtube.com/watch?v=Ey8j_BlLvFM fmt=298 file="Race Highlights _ 2026 Barcelona-Catalunya Grand Prix_video.mp4"
2026-06-16 11:19:05 [info]: [Download] Sending file: Race Highlights _ 2026 Barcelona-Catalunya Grand Prix_video.mp4 (194177372 bytes)
2026-06-16 11:19:09 [info]: [Download] File sent successfully: Race Highlights _ 2026 Barcelona-Catalunya Grand Prix_video.mp4
2026-06-16 11:19:09 [debug]: POST / 200 46248ms — ::1
2026-06-16 11:29:26 [info]: [Download] Starting yt-dlp download: url=https://www.youtube.com/watch?v=Ey8j_BlLvFM fmt=251 file="Race Highlights _ 2026 Barcelona-Catalunya Grand Prix.webm"
2026-06-16 11:29:32 [info]: [Download] Sending file: Race Highlights _ 2026 Barcelona-Catalunya Grand Prix.webm (7818028 bytes)
2026-06-16 11:29:32 [info]: [Download] File sent successfully: Race Highlights _ 2026 Barcelona-Catalunya Grand Prix.webm
2026-06-16 11:29:32 [debug]: POST / 200 5531ms — ::1
2026-06-16 11:30:10 [info]: [Download] Starting yt-dlp download: url=https://www.youtube.com/watch?v=Ey8j_BlLvFM fmt=302 file="Race Highlights _ 2026 Barcelona-Catalunya Grand Prix_video.webm"
2026-06-16 11:30:39 [info]: [Download] Sending file: Race Highlights _ 2026 Barcelona-Catalunya Grand Prix_video.webm (135316781 bytes)
2026-06-16 11:30:42 [info]: [Download] File sent successfully: Race Highlights _ 2026 Barcelona-Catalunya Grand Prix_video.webm
2026-06-16 11:30:42 [debug]: POST / 200 32065ms — ::1
2026-06-16 11:31:28 [warn]: URL validation failed: URL must use http or https protocol. | Input: 2 X 1 36 BHARAT BENZ
2026-06-16 11:31:28 [warn]: POST / 400 5ms — ::1
2026-06-16 11:31:29 [warn]: URL validation failed: URL must use http or https protocol. | Input: 2 X 1 36 BHARAT BENZ
2026-06-16 11:31:29 [warn]: POST / 400 2ms — ::1
2026-06-16 11:31:35 [warn]: URL validation failed: URL must use http or https protocol. | Input: 2 X 1 36 BHARAT BENZ
2026-06-16 11:31:35 [warn]: POST / 400 1ms — ::1
2026-06-16 11:31:38 [info]: [yt-dlp] Extracting info: https://youtu.be/Ey8j_BlLvFM?si=GJFY0yL8hb4sbKQl
2026-06-16 11:31:43 [info]: [yt-dlp] Extracted "Race Highlights | 2026 Barcelona-Catalunya Grand Prix" — 27 formats found.
2026-06-16 11:31:43 [debug]: Quota recorded for ::1: 2/3000
2026-06-16 11:31:43 [debug]: POST / 200 4999ms — ::1
2026-06-16 11:31:48 [debug]: GET /favicon.ico 304 4ms — ::1
2026-06-16 11:31:52 [debug]: GET /favicon.ico 304 2ms — ::1
2026-06-16 11:36:51 [info]: [yt-dlp] Extracting info: https://www.instagram.com/reel/DZm0n_Zt86P/?igsh=c3ZraG1zYmJ4b2Jt
2026-06-16 11:36:54 [info]: [yt-dlp] Extracted "Video by sharanya_3176" — 11 formats found.
2026-06-16 11:36:54 [debug]: Quota recorded for ::1: 3/3000
2026-06-16 11:36:54 [debug]: POST / 200 3157ms — ::1
2026-06-16 11:37:13 [info]: [Download] Starting yt-dlp download: url=https://www.instagram.com/reel/DZm0n_Zt86P/?igsh=c3ZraG1zYmJ4b2Jt fmt=dash-1790221621958897a file="Video by sharanya_3176.m4a"
2026-06-16 11:37:17 [info]: [Download] Sending file: Video by sharanya_3176.m4a (1081506 bytes)
2026-06-16 11:37:17 [info]: [Download] File sent successfully: Video by sharanya_3176.m4a
2026-06-16 11:37:17 [debug]: POST / 200 3542ms — ::1
2026-06-16 11:37:46 [debug]: GET /favicon.ico 304 3ms — ::1
2026-06-16 11:37:50 [info]: [yt-dlp] Extracting info: https://www.instagram.com/reel/DZm0n_Zt86P/?igsh=c3ZraG1zYmJ4b2Jt
2026-06-16 11:37:54 [info]: [yt-dlp] Extracted "Video by sharanya_3176" — 11 formats found.
2026-06-16 11:37:54 [debug]: Quota recorded for ::1: 4/3000
2026-06-16 11:37:54 [debug]: POST / 200 3020ms — ::1
2026-06-16 11:38:24 [debug]: GET /favicon.ico 304 2ms — ::1
2026-06-16 11:38:26 [info]: [yt-dlp] Extracting info: https://www.instagram.com/reel/DYnCkDtyIVR/?igsh=bW0zcGNqc2t1dHM=
2026-06-16 11:38:29 [info]: [yt-dlp] Extracted "Video by highsignal.ai" — 10 formats found.
2026-06-16 11:38:29 [debug]: Quota recorded for ::1: 5/3000
2026-06-16 11:38:29 [debug]: POST / 200 3038ms — ::1
2026-06-16 11:39:00 [debug]: GET /favicon.ico 304 3ms — ::1
2026-06-16 12:20:53 [info]: [yt-dlp] Extracting info: https://www.reddit.com/user/playtombraider/comments/1tw4gm0/unleash_deadly_attacks_with_lara_crofts_iconic/?p=1&impressionid=5383930744898888310&utm_source=share&utm_medium=mweb3x&utm_name=mweb3xcss&utm_term=1&utm_content=share_button
2026-06-16 12:20:57 [info]: [yt-dlp] Extracted "Unleash deadly attacks with Lara Croft’s iconic dual pistols and othe..." — 20 formats found.
2026-06-16 12:20:57 [debug]: Quota recorded for ::1: 6/3000
2026-06-16 12:20:57 [debug]: POST / 200 4595ms — ::1
2026-06-16 12:21:18 [info]: [Download] Starting yt-dlp download: url=https://www.reddit.com/user/playtombraider/comments/1tw4gm0/unleash_deadly_attac fmt=dash-4 file="Unleash deadly attacks with Lara Croft’s iconic dual pistols and othe_._video.mp4"
2026-06-16 12:21:20 [info]: [Download] Starting yt-dlp download: url=https://www.reddit.com/user/playtombraider/comments/1tw4gm0/unleash_deadly_attac fmt=hls-1817 file="Unleash deadly attacks with Lara Croft’s iconic dual pistols and othe_._video.mp4"
2026-06-16 12:21:26 [info]: [Download] Sending file: Unleash deadly attacks with Lara Croft’s iconic dual pistols and othe_._video.mp4 (3300375 bytes)
2026-06-16 12:28:33 [warn]: Firebase Admin SDK: credentials not configured — running in degraded mode (cookie-based quota only).
2026-06-16 12:28:33 [warn]: Stripe: secret key not configured — payment features disabled.
2026-06-16 12:28:35 [info]: ✅ yt-dlp found: v2026.06.09
2026-06-16 12:28:35 [info]: ✅ FFmpeg found: ffmpeg version 6.1.1-essentials_build-www.gyan.dev Copyright (c) 2000-2023 the FFmpeg developers
2026-06-16 12:28:35 [info]: 
🚀 Video Downloader API running at http://localhost:3000
2026-06-16 12:28:35 [info]:    Environment: development
2026-06-16 12:28:35 [info]:    Open http://localhost:3000 in your browser

2026-06-16 12:28:55 [warn]: Firebase Admin SDK: credentials not configured — running in degraded mode (cookie-based quota only).
2026-06-16 12:28:55 [warn]: Stripe: secret key not configured — payment features disabled.
2026-06-16 12:28:56 [info]: ✅ yt-dlp found: v2026.06.09
2026-06-16 12:28:56 [info]: ✅ FFmpeg found: ffmpeg version 6.1.1-essentials_build-www.gyan.dev Copyright (c) 2000-2023 the FFmpeg developers
2026-06-16 12:28:56 [info]: 
🚀 Video Downloader API running at http://localhost:3000
2026-06-16 12:28:56 [info]:    Environment: development
2026-06-16 12:28:56 [info]:    Open http://localhost:3000 in your browser

2026-06-16 12:29:45 [debug]: GET / 200 35ms — ::1
2026-06-16 12:29:45 [debug]: GET /favicon.ico 304 3ms — ::1
2026-06-16 12:32:49 [info]: [yt-dlp] Extracting info: https://x.com/narendramodi/status/2066717403707564188
2026-06-16 12:32:53 [info]: [yt-dlp] Extracted "Narendra Modi - धैर्य, विवेक और दूरदर्शिता से किए गए कार्यों से ही सुख-समृद्धि के द्व..." — 11 formats found.
2026-06-16 12:32:53 [debug]: Quota recorded for ::1: 1/3000
2026-06-16 12:32:53 [debug]: POST / 200 3686ms — ::1
2026-06-16 12:32:57 [info]: [Download] Starting yt-dlp download: url=https://x.com/narendramodi/status/2066717403707564188 fmt=hls-765 file="Narendra Modi - धैर्य, विवेक और दूरदर्शिता से किए गए कार्यों से ही सुख-समृद्धि के द्व_._video.mp4"
2026-06-16 12:33:04 [info]: [Download] Sending file: Narendra Modi - धैर्य, विवेक और दूरदर्शिता से किए गए कार्यों से ही सुख-समृद्धि के द्व_._video.mp4 (5936376 bytes)
2026-06-16 12:33:49 [warn]: Firebase Admin SDK: credentials not configured — running in degraded mode (cookie-based quota only).
2026-06-16 12:33:49 [warn]: Stripe: secret key not configured — payment features disabled.
2026-06-16 12:33:49 [info]: ✅ yt-dlp found: v2026.06.09
2026-06-16 12:33:49 [info]: ✅ FFmpeg found: ffmpeg version 6.1.1-essentials_build-www.gyan.dev Copyright (c) 2000-2023 the FFmpeg developers
2026-06-16 12:33:49 [info]: 
🚀 Video Downloader API running at http://localhost:3000
2026-06-16 12:33:49 [info]:    Environment: development
2026-06-16 12:33:49 [info]:    Open http://localhost:3000 in your browser

2026-06-16 12:33:59 [warn]: Firebase Admin SDK: credentials not configured — running in degraded mode (cookie-based quota only).
2026-06-16 12:33:59 [warn]: Stripe: secret key not configured — payment features disabled.
2026-06-16 12:34:00 [info]: ✅ yt-dlp found: v2026.06.09
2026-06-16 12:34:00 [info]: ✅ FFmpeg found: ffmpeg version 6.1.1-essentials_build-www.gyan.dev Copyright (c) 2000-2023 the FFmpeg developers
2026-06-16 12:34:00 [info]: 
🚀 Video Downloader API running at http://localhost:3000
2026-06-16 12:34:00 [info]:    Environment: development
2026-06-16 12:34:00 [info]:    Open http://localhost:3000 in your browser

2026-06-16 12:34:09 [debug]: GET / 200 8ms — ::1
2026-06-16 12:34:09 [debug]: GET /css/styles.css 200 7ms — ::1
2026-06-16 12:34:09 [debug]: GET /js/ui.js 200 5ms — ::1
2026-06-16 12:34:09 [debug]: GET /js/auth.js 200 51ms — ::1
2026-06-16 12:34:09 [debug]: GET /js/api.js 200 64ms — ::1
2026-06-16 12:34:09 [debug]: GET /js/app.js 200 61ms — ::1
2026-06-16 12:34:09 [debug]: GET /favicon.ico 200 4ms — ::1
2026-06-16 12:35:02 [warn]: Firebase Admin SDK: credentials not configured — running in degraded mode (cookie-based quota only).
2026-06-16 12:35:02 [warn]: Stripe: secret key not configured — payment features disabled.
2026-06-16 12:35:03 [info]: ✅ yt-dlp found: v2026.06.09
2026-06-16 12:35:03 [info]: ✅ FFmpeg found: ffmpeg version 6.1.1-essentials_build-www.gyan.dev Copyright (c) 2000-2023 the FFmpeg developers
2026-06-16 12:35:03 [info]: 
🚀 Video Downloader API running at http://localhost:3000
2026-06-16 12:35:03 [info]:    Environment: development
2026-06-16 12:35:03 [info]:    Open http://localhost:3000 in your browser

2026-06-16 12:35:21 [warn]: Firebase Admin SDK: credentials not configured — running in degraded mode (cookie-based quota only).
2026-06-16 12:35:21 [warn]: Stripe: secret key not configured — payment features disabled.
2026-06-16 12:35:22 [info]: ✅ yt-dlp found: v2026.06.09
2026-06-16 12:35:22 [info]: ✅ FFmpeg found: ffmpeg version 6.1.1-essentials_build-www.gyan.dev Copyright (c) 2000-2023 the FFmpeg developers
2026-06-16 12:35:22 [info]: 
🚀 Video Downloader API running at http://localhost:3000
2026-06-16 12:35:22 [info]:    Environment: development
2026-06-16 12:35:22 [info]:    Open http://localhost:3000 in your browser

2026-06-16 12:37:46 [info]: [yt-dlp] Extracting info: https://www.reddit.com/r/IndiaTodayLIVE/comments/1u72q7k/during_his_visit_to_slovakia_prime_minister/?utm_source=share&utm_medium=mweb3x&utm_name=mweb3xcss&utm_term=1&utm_content=share_button
2026-06-16 12:37:52 [info]: [yt-dlp] Extracted "During his visit to Slovakia, Prime Minister Narendra Modi shared a l..." — 20 formats found.
2026-06-16 12:37:52 [debug]: Quota recorded for ::1: 1/3000
2026-06-16 12:37:52 [debug]: POST / 200 5456ms — ::1
2026-06-16 12:38:33 [info]: [yt-dlp] Extracting info: https://www.instagram.com/reel/DZm0n_Zt86P/?igsh=c3ZraG1zYmJ4b2Jt
2026-06-16 12:38:33 [info]: [yt-dlp] Instagram URL — injecting edge cookies for extraction
2026-06-16 12:38:35 [error]: [yt-dlp] Exit code 1: ERROR: Could not copy Chrome cookie database. See  https://github.com/yt-dlp/yt-dlp/issues/7271  for more info
ERROR: Could not copy Chrome cookie database. See  https://github.com/yt-dlp/yt-dlp/issues/7271  for more info

2026-06-16 12:38:35 [error]: [/api/extract] Error for URL "https://www.instagram.com/reel/DZm0n_Zt86P/?igsh=c3ZraG1zYmJ4b2Jt": Extraction error: ERROR: Could not copy Chrome cookie database. See  https://github.com/yt-dlp/yt-dlp/issues/7271  for more info
2026-06-16 12:38:35 [warn]: POST / 422 1843ms — ::1
2026-06-16 12:38:38 [info]: [yt-dlp] Extracting info: https://www.instagram.com/reel/DZm0n_Zt86P/?igsh=c3ZraG1zYmJ4b2Jt
2026-06-16 12:38:38 [info]: [yt-dlp] Instagram URL — injecting edge cookies for extraction
2026-06-16 12:38:39 [error]: [yt-dlp] Exit code 1: ERROR: Could not copy Chrome cookie database. See  https://github.com/yt-dlp/yt-dlp/issues/7271  for more info
ERROR: Could not copy Chrome cookie database. See  https://github.com/yt-dlp/yt-dlp/issues/7271  for more info

2026-06-16 12:38:39 [error]: [/api/extract] Error for URL "https://www.instagram.com/reel/DZm0n_Zt86P/?igsh=c3ZraG1zYmJ4b2Jt": Extraction error: ERROR: Could not copy Chrome cookie database. See  https://github.com/yt-dlp/yt-dlp/issues/7271  for more info
2026-06-16 12:38:39 [warn]: POST / 422 1658ms — ::1
2026-06-16 12:38:51 [info]: [yt-dlp] Extracting info: https://www.instagram.com/reel/DZm0n_Zt86P/?igsh=c3ZraG1zYmJ4b2Jt
2026-06-16 12:38:51 [info]: [yt-dlp] Instagram URL — injecting edge cookies for extraction
2026-06-16 12:38:53 [error]: [yt-dlp] Exit code 1: ERROR: Could not copy Chrome cookie database. See  https://github.com/yt-dlp/yt-dlp/issues/7271  for more info
ERROR: Could not copy Chrome cookie database. See  https://github.com/yt-dlp/yt-dlp/issues/7271  for more info

2026-06-16 12:38:53 [error]: [/api/extract] Error for URL "https://www.instagram.com/reel/DZm0n_Zt86P/?igsh=c3ZraG1zYmJ4b2Jt": Extraction error: ERROR: Could not copy Chrome cookie database. See  https://github.com/yt-dlp/yt-dlp/issues/7271  for more info
2026-06-16 12:38:53 [warn]: POST / 422 1651ms — ::1
2026-06-16 12:52:54 [debug]: GET / 200 14ms — ::1
2026-06-16 12:52:54 [debug]: GET /css/styles.css 200 7ms — ::1
2026-06-16 12:52:54 [debug]: GET /js/api.js 200 5ms — ::1
2026-06-16 12:52:54 [debug]: GET /js/auth.js 200 8ms — ::1
2026-06-16 12:52:54 [debug]: GET /js/ui.js 200 9ms — ::1
2026-06-16 12:52:54 [debug]: GET /js/app.js 200 9ms — ::1
2026-06-16 12:52:55 [debug]: GET /favicon.ico 200 8ms — ::1
2026-06-16 12:53:04 [info]: [yt-dlp] Extracting info: https://www.instagram.com/reel/DZm0n_Zt86P/?igsh=c3ZraG1zYmJ4b2Jt
2026-06-16 12:53:04 [info]: [yt-dlp] Instagram URL — injecting edge cookies for extraction
2026-06-16 12:53:06 [error]: [yt-dlp] Exit code 1: ERROR: Could not copy Chrome cookie database. See  https://github.com/yt-dlp/yt-dlp/issues/7271  for more info
ERROR: Could not copy Chrome cookie database. See  https://github.com/yt-dlp/yt-dlp/issues/7271  for more info

2026-06-16 12:53:06 [error]: [/api/extract] Error for URL "https://www.instagram.com/reel/DZm0n_Zt86P/?igsh=c3ZraG1zYmJ4b2Jt": Extraction error: ERROR: Could not copy Chrome cookie database. See  https://github.com/yt-dlp/yt-dlp/issues/7271  for more info
2026-06-16 12:53:06 [warn]: POST / 422 1919ms — ::1
2026-06-16 12:55:51 [debug]: GET / 304 5ms — ::1
2026-06-16 12:55:51 [debug]: GET /favicon.ico 304 4ms — ::1
2026-06-16 12:55:51 [debug]: GET / 304 2ms — ::1
2026-06-16 12:55:51 [debug]: GET /favicon.ico 304 3ms — ::1
2026-06-16 12:55:54 [info]: [yt-dlp] Extracting info: https://www.instagram.com/reel/DZm0n_Zt86P/?igsh=c3ZraG1zYmJ4b2Jt
2026-06-16 12:55:54 [info]: [yt-dlp] Instagram URL — injecting edge cookies for extraction
2026-06-16 12:55:56 [error]: [yt-dlp] Exit code 1: ERROR: Could not copy Chrome cookie database. See  https://github.com/yt-dlp/yt-dlp/issues/7271  for more info
ERROR: Could not copy Chrome cookie database. See  https://github.com/yt-dlp/yt-dlp/issues/7271  for more info

2026-06-16 12:55:56 [error]: [/api/extract] Error for URL "https://www.instagram.com/reel/DZm0n_Zt86P/?igsh=c3ZraG1zYmJ4b2Jt": Extraction error: ERROR: Could not copy Chrome cookie database. See  https://github.com/yt-dlp/yt-dlp/issues/7271  for more info
2026-06-16 12:55:56 [warn]: POST / 422 1723ms — ::1
2026-06-16 12:56:11 [info]: [yt-dlp] Extracting info: https://youtu.be/Ey8j_BlLvFM?si=GJFY0yL8hb4sbKQl
2026-06-16 12:56:15 [info]: [yt-dlp] Extracted "Race Highlights | 2026 Barcelona-Catalunya Grand Prix" — 27 formats found.
2026-06-16 12:56:15 [debug]: Quota recorded for ::1: 2/3000
2026-06-16 12:56:15 [debug]: POST / 200 3901ms — ::1
2026-06-16 12:56:22 [info]: [Download] Job 70f803e5074832b792b8e09cbae0: starting "Race Highlights _ 2026 Barcelona-Catalunya Grand Prix.mp4" fmt=298+140
2026-06-16 12:56:22 [debug]: POST / 200 27ms — ::1
2026-06-16 12:57:06 [error]: [Download] Job 70f803e5074832b792b8e09cbae0 failed code=0
2026-06-16 12:57:06 [debug]: GET /progress/70f803e5074832b792b8e09cbae0 200 44329ms — ::1
2026-06-16 12:57:12 [info]: [Download] Job 24b8dc6a1be0ac4f27009217da01: starting "Race Highlights _ 2026 Barcelona-Catalunya Grand Prix.mp4" fmt=18
2026-06-16 12:57:13 [debug]: POST / 200 21ms — ::1
2026-06-16 12:57:25 [info]: [Download] Job 24b8dc6a1be0ac4f27009217da01 complete: Race Highlights _ 2026 Barcelona-Catalunya Grand Prix.mp4
2026-06-16 12:57:25 [debug]: GET /progress/24b8dc6a1be0ac4f27009217da01 200 12367ms — ::1
2026-06-16 12:57:25 [info]: [Download] Serving file: Race Highlights _ 2026 Barcelona-Catalunya Grand Prix.mp4 (43.1 MB)
2026-06-16 12:57:25 [info]: [Download] File served: Race Highlights _ 2026 Barcelona-Catalunya Grand Prix.mp4
2026-06-16 12:57:25 [debug]: GET /file/24b8dc6a1be0ac4f27009217da01 200 474ms — ::1
2026-06-16 12:57:27 [info]: [Download] Job 17a0620fda99065b996402bd251c: starting "Race Highlights _ 2026 Barcelona-Catalunya Grand Prix.mp4" fmt=298+140
2026-06-16 12:57:27 [debug]: POST / 200 21ms — ::1
2026-06-16 12:58:08 [error]: [Download] Job 17a0620fda99065b996402bd251c failed code=0
2026-06-16 12:58:08 [debug]: GET /progress/17a0620fda99065b996402bd251c 200 40847ms — ::1
2026-06-16 13:12:42 [warn]: Firebase Admin SDK: credentials not configured — running in degraded mode (cookie-based quota only).
2026-06-16 13:12:42 [warn]: Stripe: secret key not configured — payment features disabled.
2026-06-16 13:12:43 [info]: ✅ yt-dlp found: v2026.06.09
2026-06-16 13:12:43 [info]: ✅ FFmpeg found: ffmpeg version 6.1.1-essentials_build-www.gyan.dev Copyright (c) 2000-2023 the FFmpeg developers
2026-06-16 13:12:43 [info]: 
🚀 Video Downloader API running at http://localhost:3000
2026-06-16 13:12:43 [info]:    Environment: development
2026-06-16 13:12:43 [info]:    Open http://localhost:3000 in your browser

2026-06-16 13:12:52 [warn]: Firebase Admin SDK: credentials not configured — running in degraded mode (cookie-based quota only).
2026-06-16 13:12:52 [warn]: Stripe: secret key not configured — payment features disabled.
2026-06-16 13:12:53 [info]: ✅ yt-dlp found: v2026.06.09
2026-06-16 13:12:53 [info]: ✅ FFmpeg found: ffmpeg version 6.1.1-essentials_build-www.gyan.dev Copyright (c) 2000-2023 the FFmpeg developers
2026-06-16 13:12:53 [info]: 
🚀 Video Downloader API running at http://localhost:3000
2026-06-16 13:12:53 [info]:    Environment: development
2026-06-16 13:12:53 [info]:    Open http://localhost:3000 in your browser

2026-06-16 13:18:40 [debug]: GET / 200 17ms — ::1
2026-06-16 13:18:40 [debug]: GET /css/styles.css 200 13ms — ::1
2026-06-16 13:18:40 [debug]: GET /js/api.js 200 12ms — ::1
2026-06-16 13:18:40 [debug]: GET /js/auth.js 200 12ms — ::1
2026-06-16 13:18:40 [debug]: GET /js/ui.js 200 11ms — ::1
2026-06-16 13:18:40 [debug]: GET /js/app.js 200 13ms — ::1
2026-06-16 13:18:41 [debug]: GET /favicon.ico 200 6ms — ::1
2026-06-16 13:18:51 [info]: [yt-dlp] Extracting info: https://youtu.be/Ey8j_BlLvFM?si=GJFY0yL8hb4sbKQl
2026-06-16 13:18:56 [error]: [yt-dlp] Exit code 1: ERROR: [youtube] Ey8j_BlLvFM: Sign in to confirm you�re not a bot. Use --cookies-from-browser or --cookies for the authentication. See  https://github.com/yt-dlp/yt-dlp/wiki/FAQ#how-do-i-pass-cookies-to-yt-dlp  for how to manually pass cookies. Also see  https://github.com/yt-dlp/yt-dlp/wiki/Extractors#exporting-youtube-cookies  for tips on effectively exporting YouTube cookies

2026-06-16 13:18:56 [error]: [/api/extract] Error for URL "https://youtu.be/Ey8j_BlLvFM?si=GJFY0yL8hb4sbKQl": Extraction error: ERROR: [youtube] Ey8j_BlLvFM: Sign in to confirm you�re not a bot. Use --cookies-from-browser or --cookies for the authentication. See  https://github.com/yt-dlp/yt-dlp/wiki/FAQ#how-do-i-pass-cookies-to-yt-dlp  for how to manually pass cookies. Also see  https://github.com/yt-dlp/yt-dlp/wiki/Extractors#exporting-youtube-cookies  for tips on effectively exporting YouTube cookies
2026-06-16 13:18:56 [warn]: POST / 422 4574ms — ::1
2026-06-16 13:19:05 [info]: [yt-dlp] Extracting info: https://youtu.be/Ey8j_BlLvFM?si=GJFY0yL8hb4sbKQl
2026-06-16 13:19:09 [error]: [yt-dlp] Exit code 1: ERROR: [youtube] Ey8j_BlLvFM: Sign in to confirm you�re not a bot. Use --cookies-from-browser or --cookies for the authentication. See  https://github.com/yt-dlp/yt-dlp/wiki/FAQ#how-do-i-pass-cookies-to-yt-dlp  for how to manually pass cookies. Also see  https://github.com/yt-dlp/yt-dlp/wiki/Extractors#exporting-youtube-cookies  for tips on effectively exporting YouTube cookies

2026-06-16 13:19:09 [error]: [/api/extract] Error for URL "https://youtu.be/Ey8j_BlLvFM?si=GJFY0yL8hb4sbKQl": Extraction error: ERROR: [youtube] Ey8j_BlLvFM: Sign in to confirm you�re not a bot. Use --cookies-from-browser or --cookies for the authentication. See  https://github.com/yt-dlp/yt-dlp/wiki/FAQ#how-do-i-pass-cookies-to-yt-dlp  for how to manually pass cookies. Also see  https://github.com/yt-dlp/yt-dlp/wiki/Extractors#exporting-youtube-cookies  for tips on effectively exporting YouTube cookies
2026-06-16 13:19:09 [warn]: POST / 422 4218ms — ::1
2026-06-16 13:21:33 [warn]: Firebase Admin SDK: credentials not configured — running in degraded mode (cookie-based quota only).
2026-06-16 13:21:33 [warn]: Stripe: secret key not configured — payment features disabled.
2026-06-16 13:21:34 [info]: ✅ yt-dlp found: v2026.06.09
2026-06-16 13:21:34 [info]: ✅ FFmpeg found: ffmpeg version 6.1.1-essentials_build-www.gyan.dev Copyright (c) 2000-2023 the FFmpeg developers
2026-06-16 13:21:34 [info]: 
🚀 Video Downloader API running at http://localhost:3000
2026-06-16 13:21:34 [info]:    Environment: development
2026-06-16 13:21:34 [info]:    Open http://localhost:3000 in your browser

2026-06-16 13:21:50 [warn]: Firebase Admin SDK: credentials not configured — running in degraded mode (cookie-based quota only).
2026-06-16 13:21:50 [warn]: Stripe: secret key not configured — payment features disabled.
2026-06-16 13:21:51 [info]: ✅ yt-dlp found: v2026.06.09
2026-06-16 13:21:51 [info]: ✅ FFmpeg found: ffmpeg version 6.1.1-essentials_build-www.gyan.dev Copyright (c) 2000-2023 the FFmpeg developers
2026-06-16 13:21:51 [info]: 
🚀 Video Downloader API running at http://localhost:3000
2026-06-16 13:21:51 [info]:    Environment: development
2026-06-16 13:21:51 [info]:    Open http://localhost:3000 in your browser

2026-06-16 13:22:49 [warn]: Firebase Admin SDK: credentials not configured — running in degraded mode (cookie-based quota only).
2026-06-16 13:22:49 [warn]: Stripe: secret key not configured — payment features disabled.
2026-06-16 13:22:50 [info]: ✅ yt-dlp found: v2026.06.09
2026-06-16 13:22:50 [info]: ✅ FFmpeg found: ffmpeg version 6.1.1-essentials_build-www.gyan.dev Copyright (c) 2000-2023 the FFmpeg developers
2026-06-16 13:22:50 [info]: 
🚀 Video Downloader API running at http://localhost:3000
2026-06-16 13:22:50 [info]:    Environment: development
2026-06-16 13:22:50 [info]:    Open http://localhost:3000 in your browser

2026-06-16 13:22:56 [warn]: Firebase Admin SDK: credentials not configured — running in degraded mode (cookie-based quota only).
2026-06-16 13:22:56 [warn]: Stripe: secret key not configured — payment features disabled.
2026-06-16 13:22:57 [info]: ✅ yt-dlp found: v2026.06.09
2026-06-16 13:22:57 [info]: ✅ FFmpeg found: ffmpeg version 6.1.1-essentials_build-www.gyan.dev Copyright (c) 2000-2023 the FFmpeg developers
2026-06-16 13:22:57 [info]: 
🚀 Video Downloader API running at http://localhost:3000
2026-06-16 13:22:57 [info]:    Environment: development
2026-06-16 13:22:57 [info]:    Open http://localhost:3000 in your browser

2026-06-16 13:23:27 [debug]: GET / 200 13ms — ::1
2026-06-16 13:23:27 [debug]: GET /js/auth.js 200 8ms — ::1
2026-06-16 13:23:27 [debug]: GET /js/api.js 200 13ms — ::1
2026-06-16 13:23:27 [debug]: GET /css/styles.css 200 19ms — ::1
2026-06-16 13:23:27 [debug]: GET /js/ui.js 200 15ms — ::1
2026-06-16 13:23:27 [debug]: GET /js/app.js 200 14ms — ::1
2026-06-16 13:23:28 [debug]: GET /favicon.ico 200 8ms — ::1
2026-06-16 13:23:38 [info]: [yt-dlp] Extracting info: https://youtu.be/Ey8j_BlLvFM?si=GJFY0yL8hb4sbKQl
2026-06-16 13:23:38 [info]: [yt-dlp] Injecting firefox cookies for extraction
2026-06-16 13:23:42 [info]: [yt-dlp] Extracted "Race Highlights | 2026 Barcelona-Catalunya Grand Prix" — 27 formats found.
2026-06-16 13:23:42 [debug]: Quota recorded for ::1: 1/3000
2026-06-16 13:23:42 [debug]: POST / 200 3668ms — ::1
2026-06-16 13:23:45 [info]: [Download] Injecting firefox cookies
2026-06-16 13:23:45 [info]: [Download] Job e8c7f5f4121a06759feb571d29d7: "Race Highlights _ 2026 Barcelona-Catalunya Grand Prix.mp4" fmt=298+140
2026-06-16 13:23:45 [debug]: POST / 200 18ms — ::1
2026-06-16 13:24:33 [info]: [Download] Job e8c7f5f4121a06759feb571d29d7 complete: Race Highlights _ 2026 Barcelona-Catalunya Grand Prix.mp4 (dlv_e8c7f5f4121a06759feb571d29d7.f298.mp4)
2026-06-16 13:24:33 [debug]: GET /progress/e8c7f5f4121a06759feb571d29d7 200 48052ms — ::1
2026-06-16 13:24:33 [info]: [Download] Serving: Race Highlights _ 2026 Barcelona-Catalunya Grand Prix.mp4 (194.2 MB)
2026-06-16 13:24:34 [info]: [Download] Served: Race Highlights _ 2026 Barcelona-Catalunya Grand Prix.mp4
2026-06-16 13:24:34 [debug]: GET /file/e8c7f5f4121a06759feb571d29d7 200 1181ms — ::1
2026-06-16 13:28:59 [info]: [Download] Injecting firefox cookies
2026-06-16 13:28:59 [info]: [Download] Job ac71f2012eedb55ddccd8c167042: "Race Highlights _ 2026 Barcelona-Catalunya Grand Prix.mp4" fmt=18
2026-06-16 13:28:59 [debug]: POST / 200 27ms — ::1
2026-06-16 13:29:20 [info]: [Download] Job ac71f2012eedb55ddccd8c167042 complete: Race Highlights _ 2026 Barcelona-Catalunya Grand Prix.mp4 (dlv_ac71f2012eedb55ddccd8c167042.mp4)
2026-06-16 13:29:20 [debug]: GET /progress/ac71f2012eedb55ddccd8c167042 200 20824ms — ::1
2026-06-16 13:29:20 [info]: [Download] Serving: Race Highlights _ 2026 Barcelona-Catalunya Grand Prix.mp4 (43.1 MB)
2026-06-16 13:29:20 [info]: [Download] Served: Race Highlights _ 2026 Barcelona-Catalunya Grand Prix.mp4
2026-06-16 13:29:20 [debug]: GET /file/ac71f2012eedb55ddccd8c167042 200 329ms — ::1
2026-06-16 13:29:34 [info]: [Download] Injecting firefox cookies
2026-06-16 13:29:34 [info]: [Download] Job 8e944535aaa8f07850a62ba6c19a: "Race Highlights _ 2026 Barcelona-Catalunya Grand Prix.mp4" fmt=298+140
2026-06-16 13:29:34 [debug]: POST / 200 21ms — ::1
2026-06-16 13:29:42 [error]: [Download] Job 8e944535aaa8f07850a62ba6c19a failed code=1, file=C:\Users\kabra\AppData\Local\Temp\dlv_8e944535aaa8f07850a62ba6c19a.f298.mp4
2026-06-16 13:29:42 [debug]: GET /progress/8e944535aaa8f07850a62ba6c19a 200 8176ms — ::1
2026-06-16 13:30:25 [info]: [Download] Injecting firefox cookies
2026-06-16 13:30:25 [info]: [Download] Job 2e85c898bf9463318298f527a475: "Race Highlights _ 2026 Barcelona-Catalunya Grand Prix_video.mp4" fmt=298
2026-06-16 13:30:25 [debug]: POST / 200 16ms — ::1
2026-06-16 13:31:15 [info]: [Download] Job 2e85c898bf9463318298f527a475 complete: Race Highlights _ 2026 Barcelona-Catalunya Grand Prix_video.mp4 (dlv_2e85c898bf9463318298f527a475.mp4)
2026-06-16 13:31:15 [debug]: GET /progress/2e85c898bf9463318298f527a475 200 50643ms — ::1
2026-06-16 13:31:15 [info]: [Download] Serving: Race Highlights _ 2026 Barcelona-Catalunya Grand Prix_video.mp4 (194.2 MB)
2026-06-16 13:31:16 [info]: [Download] Served: Race Highlights _ 2026 Barcelona-Catalunya Grand Prix_video.mp4
2026-06-16 13:31:16 [debug]: GET /file/2e85c898bf9463318298f527a475 200 1106ms — ::1
2026-06-16 13:32:56 [debug]: GET /.well-known/appspecific/com.chrome.devtools.json 200 20ms — ::1
2026-06-16 13:35:27 [info]: [Download] Injecting firefox cookies
2026-06-16 13:35:27 [info]: [Download] Job e6b2436a637ecb54fb28341b5a0e: "Race Highlights _ 2026 Barcelona-Catalunya Grand Prix.mp4" fmt=298+140
2026-06-16 13:35:27 [debug]: POST / 200 23ms — ::1
2026-06-16 13:36:17 [info]: [Download] Job e6b2436a637ecb54fb28341b5a0e complete: Race Highlights _ 2026 Barcelona-Catalunya Grand Prix.mp4 (dlv_e6b2436a637ecb54fb28341b5a0e.f298.mp4)
2026-06-16 13:36:17 [debug]: GET /progress/e6b2436a637ecb54fb28341b5a0e 200 49835ms — ::1
2026-06-16 13:36:17 [info]: [Download] Serving: Race Highlights _ 2026 Barcelona-Catalunya Grand Prix.mp4 (194.2 MB)
2026-06-16 13:36:18 [info]: [Download] Served: Race Highlights _ 2026 Barcelona-Catalunya Grand Prix.mp4
2026-06-16 13:36:18 [debug]: GET /file/e6b2436a637ecb54fb28341b5a0e 200 1060ms — ::1
2026-06-16 13:39:44 [info]: [yt-dlp] Extracting info: https://www.instagram.com/reel/DZm0n_Zt86P/?igsh=c3ZraG1zYmJ4b2Jt
2026-06-16 13:39:44 [info]: [yt-dlp] Injecting firefox cookies for extraction
2026-06-16 13:39:49 [info]: [yt-dlp] Extracted "Video by sharanya_3176" — 11 formats found.
2026-06-16 13:39:49 [debug]: Quota recorded for ::1: 2/3000
2026-06-16 13:39:49 [debug]: POST / 200 5104ms — ::1
2026-06-16 13:40:09 [info]: [yt-dlp] Extracting info: https://www.reddit.com/r/IndiaTodayLIVE/comments/1u72q7k/during_his_visit_to_slovakia_prime_minister/?utm_source=share&utm_medium=mweb3x&utm_name=mweb3xcss&utm_term=1&utm_content=share_button
2026-06-16 13:40:09 [info]: [yt-dlp] Injecting firefox cookies for extraction
2026-06-16 13:40:14 [info]: [yt-dlp] Extracted "During his visit to Slovakia, Prime Minister Narendra Modi shared a l..." — 20 formats found.
2026-06-16 13:40:14 [debug]: Quota recorded for ::1: 3/3000
2026-06-16 13:40:14 [debug]: POST / 200 5015ms — ::1
2026-06-16 13:40:21 [info]: [Download] Injecting firefox cookies
2026-06-16 13:40:21 [info]: [Download] Job 6b352ae59eedcd1584b653d64dd2: "During his visit to Slovakia, Prime Minister Narendra Modi shared a l_._video.mp4" fmt=dash-2
2026-06-16 13:40:21 [debug]: POST / 200 17ms — ::1
2026-06-16 13:40:27 [info]: [Download] Job 6b352ae59eedcd1584b653d64dd2 complete: During his visit to Slovakia, Prime Minister Narendra Modi shared a l_._video.mp4 (dlv_6b352ae59eedcd1584b653d64dd2.mp4)
2026-06-16 13:40:27 [debug]: GET /progress/6b352ae59eedcd1584b653d64dd2 200 6103ms — ::1
2026-06-16 13:40:27 [info]: [Download] Serving: During his visit to Slovakia, Prime Minister Narendra Modi shared a l_._video.mp4 (1.8 MB)
2026-06-16 13:40:27 [info]: [Download] Served: During his visit to Slovakia, Prime Minister Narendra Modi shared a l_._video.mp4
2026-06-16 13:40:27 [debug]: GET /file/6b352ae59eedcd1584b653d64dd2 200 35ms — ::1
2026-06-16 13:40:42 [info]: [Download] Injecting firefox cookies
2026-06-16 13:40:42 [info]: [Download] Job 31fde61371210b73caba377ba487: "During his visit to Slovakia, Prime Minister Narendra Modi shared a l_..m4a" fmt=dash-6
2026-06-16 13:40:42 [debug]: POST / 200 17ms — ::1
2026-06-16 13:40:48 [info]: [Download] Job 31fde61371210b73caba377ba487 complete: During his visit to Slovakia, Prime Minister Narendra Modi shared a l_..m4a (dlv_31fde61371210b73caba377ba487.m4a)
2026-06-16 13:40:48 [debug]: GET /progress/31fde61371210b73caba377ba487 200 6019ms — ::1
2026-06-16 13:40:48 [info]: [Download] Serving: During his visit to Slovakia, Prime Minister Narendra Modi shared a l_..m4a (0.3 MB)
2026-06-16 13:40:48 [info]: [Download] Served: During his visit to Slovakia, Prime Minister Narendra Modi shared a l_..m4a
2026-06-16 13:40:48 [debug]: GET /file/31fde61371210b73caba377ba487 200 37ms — ::1
2026-06-16 13:41:07 [info]: [yt-dlp] Extracting info: https://x.com/narendramodi/status/2066717403707564188
2026-06-16 13:41:07 [info]: [yt-dlp] Injecting firefox cookies for extraction
2026-06-16 13:41:11 [info]: [yt-dlp] Extracted "Narendra Modi - धैर्य, विवेक और दूरदर्शिता से किए गए कार्यों से ही सुख-समृद्धि के द्व..." — 11 formats found.
2026-06-16 13:41:11 [debug]: Quota recorded for ::1: 4/3000
2026-06-16 13:41:11 [debug]: POST / 200 3682ms — ::1
2026-06-16 13:41:15 [info]: [Download] Injecting firefox cookies
2026-06-16 13:41:15 [info]: [Download] Job 9797b0b3867c48c1a08d2b212b5f: "Narendra Modi - धैर्य, विवेक और दूरदर्शिता से किए गए कार्यों से ही सुख-समृद्धि के द्व_._video.mp4" fmt=hls-765
2026-06-16 13:41:15 [debug]: POST / 200 22ms — ::1
2026-06-16 13:41:21 [info]: [Download] Job 9797b0b3867c48c1a08d2b212b5f complete: Narendra Modi - धैर्य, विवेक और दूरदर्शिता से किए गए कार्यों से ही सुख-समृद्धि के द्व_._video.mp4 (dlv_9797b0b3867c48c1a08d2b212b5f.mp4)
2026-06-16 13:41:21 [debug]: GET /progress/9797b0b3867c48c1a08d2b212b5f 200 5837ms — ::1
2026-06-16 13:41:21 [info]: [Download] Serving: Narendra Modi - धैर्य, विवेक और दूरदर्शिता से किए गए कार्यों से ही सुख-समृद्धि के द्व_._video.mp4 (5.9 MB)
2026-06-16 13:41:21 [info]: [Download] Served: Narendra Modi - धैर्य, विवेक और दूरदर्शिता से किए गए कार्यों से ही सुख-समृद्धि के द्व_._video.mp4
2026-06-16 13:41:21 [debug]: GET /file/9797b0b3867c48c1a08d2b212b5f 200 96ms — ::1
2026-06-16 13:43:40 [warn]: Firebase Admin SDK: credentials not configured — running in degraded mode (cookie-based quota only).
2026-06-16 13:43:40 [warn]: Stripe: secret key not configured — payment features disabled.
2026-06-16 13:43:41 [info]: ✅ yt-dlp found: v2026.06.09
2026-06-16 13:43:41 [info]: ✅ FFmpeg found: ffmpeg version 6.1.1-essentials_build-www.gyan.dev Copyright (c) 2000-2023 the FFmpeg developers
2026-06-16 13:43:41 [info]: 
🚀 Video Downloader API running at http://localhost:3000
2026-06-16 13:43:41 [info]:    Environment: development
2026-06-16 13:43:41 [info]:    Open http://localhost:3000 in your browser

2026-06-16 13:43:43 [warn]: Firebase Admin SDK: credentials not configured — running in degraded mode (cookie-based quota only).
2026-06-16 13:43:43 [warn]: Stripe: secret key not configured — payment features disabled.
2026-06-16 13:43:44 [info]: ✅ yt-dlp found: v2026.06.09
2026-06-16 13:43:44 [info]: ✅ FFmpeg found: ffmpeg version 6.1.1-essentials_build-www.gyan.dev Copyright (c) 2000-2023 the FFmpeg developers
2026-06-16 13:43:44 [info]: 
🚀 Video Downloader API running at http://localhost:3000
2026-06-16 13:43:44 [info]:    Environment: development
2026-06-16 13:43:44 [info]:    Open http://localhost:3000 in your browser

2026-06-16 13:44:02 [info]: [yt-dlp] Extracting info: https://www.instagram.com/reel/DZm0n_Zt86P/
2026-06-16 13:44:02 [info]: [yt-dlp] Injecting firefox cookies for extraction
2026-06-16 13:44:06 [info]: [yt-dlp] Extracted "Video by sharanya_3176" — 11 formats found.
2026-06-16 13:45:53 [warn]: Firebase Admin SDK: credentials not configured — running in degraded mode (cookie-based quota only).
2026-06-16 13:45:53 [warn]: Stripe: secret key not configured — payment features disabled.
2026-06-16 13:45:54 [info]: ✅ yt-dlp found: v2026.06.09
2026-06-16 13:45:54 [info]: ✅ FFmpeg found: ffmpeg version 6.1.1-essentials_build-www.gyan.dev Copyright (c) 2000-2023 the FFmpeg developers
2026-06-16 13:45:54 [info]: 
🚀 Video Downloader API running at http://localhost:3000
2026-06-16 13:45:54 [info]:    Environment: development
2026-06-16 13:45:54 [info]:    Open http://localhost:3000 in your browser

2026-06-16 13:46:57 [warn]: Firebase Admin SDK: credentials not configured — running in degraded mode (cookie-based quota only).
2026-06-16 13:46:57 [warn]: Stripe: secret key not configured — payment features disabled.
2026-06-16 13:46:58 [info]: ✅ yt-dlp found: v2026.06.09
2026-06-16 13:46:58 [info]: ✅ FFmpeg found: ffmpeg version 6.1.1-essentials_build-www.gyan.dev Copyright (c) 2000-2023 the FFmpeg developers
2026-06-16 13:46:58 [info]: 
🚀 Video Downloader API running at http://localhost:3000
2026-06-16 13:46:58 [info]:    Environment: development
2026-06-16 13:46:58 [info]:    Open http://localhost:3000 in your browser

2026-06-16 13:49:06 [debug]: GET / 200 29ms — ::1
2026-06-16 13:49:06 [debug]: GET /css/styles.css 200 22ms — ::1
2026-06-16 13:49:06 [debug]: GET /js/api.js 200 20ms — ::1
2026-06-16 13:49:06 [debug]: GET /js/auth.js 200 19ms — ::1
2026-06-16 13:49:06 [debug]: GET /js/ui.js 200 18ms — ::1
2026-06-16 13:49:06 [debug]: GET /js/app.js 200 27ms — ::1
2026-06-16 13:49:07 [debug]: GET /favicon.ico 200 10ms — ::1
2026-06-16 13:49:11 [info]: [yt-dlp] Extracting info: https://x.com/narendramodi/status/2066717403707564188
2026-06-16 13:49:11 [info]: [yt-dlp] Injecting firefox cookies for extraction
2026-06-16 13:49:15 [info]: [yt-dlp] Extracted "Narendra Modi - धैर्य, विवेक और दूरदर्शिता से किए गए कार्यों से ही सुख-समृद्धि के द्व..." — 11 formats found.
2026-06-16 13:49:15 [debug]: Quota recorded for ::1: 1/3000
2026-06-16 13:49:15 [debug]: POST / 200 4031ms — ::1
2026-06-16 13:50:18 [debug]: GET / 200 5ms — ::1
2026-06-16 13:50:19 [debug]: GET /favicon.ico 304 5ms — ::1
2026-06-16 13:50:43 [info]: [yt-dlp] Extracting info: https://www.reddit.com/r/IndiaTodayLIVE/comments/1u72q7k/during_his_visit_to_slovakia_prime_minister/?utm_source=share&utm_medium=mweb3x&utm_name=mweb3xcss&utm_term=1&utm_content=share_button
2026-06-16 13:50:43 [info]: [yt-dlp] Injecting firefox cookies for extraction
2026-06-16 13:50:48 [info]: [yt-dlp] Extracted "During his visit to Slovakia, Prime Minister Narendra Modi shared a l..." — 20 formats found.
2026-06-16 13:50:48 [debug]: Quota recorded for ::1: 2/3000
2026-06-16 13:50:48 [debug]: POST / 200 5169ms — ::1
2026-06-16 13:51:08 [info]: [Download] Injecting firefox cookies
2026-06-16 13:51:08 [info]: [Download] Job a4a0281716b015f3af1815c39487: "During his visit to Slovakia, Prime Minister Narendra Modi shared a l_..mp4" fmt=dash-2+dash-6
2026-06-16 13:51:08 [debug]: POST / 200 20ms — ::1
2026-06-16 13:51:50 [info]: [Download] Job a4a0281716b015f3af1815c39487 complete: During his visit to Slovakia, Prime Minister Narendra Modi shared a l_..mp4 (dlv_a4a0281716b015f3af1815c39487.mp4)
2026-06-16 13:51:50 [debug]: GET /progress/a4a0281716b015f3af1815c39487 200 42048ms — ::1
2026-06-16 13:51:50 [info]: [Download] Serving: During his visit to Slovakia, Prime Minister Narendra Modi shared a l_..mp4 (2.1 MB)
2026-06-16 13:51:50 [info]: [Download] Served: During his visit to Slovakia, Prime Minister Narendra Modi shared a l_..mp4
2026-06-16 13:51:50 [debug]: GET /file/a4a0281716b015f3af1815c39487 200 39ms — ::1
2026-06-16 13:52:37 [info]: [yt-dlp] Extracting info: https://www.instagram.com/reel/DZm0n_Zt86P/?igsh=c3ZraG1zYmJ4b2Jt
2026-06-16 13:52:37 [info]: [yt-dlp] Injecting firefox cookies for extraction
2026-06-16 13:52:41 [info]: [yt-dlp] Extracted "Video by sharanya_3176" — 11 formats found.
2026-06-16 13:52:41 [debug]: Quota recorded for ::1: 3/3000
2026-06-16 13:52:41 [debug]: POST / 200 3158ms — ::1
2026-06-16 13:53:07 [info]: [yt-dlp] Extracting info: https://www.reddit.com/user/playtombraider/comments/1tw4gm0/unleash_deadly_attacks_with_lara_crofts_iconic/?p=1&impressionid=5383930744898888310&utm_source=share&utm_medium=mweb3x&utm_name=mweb3xcss&utm_term=1&utm_content=share_button
2026-06-16 13:53:07 [info]: [yt-dlp] Injecting firefox cookies for extraction
2026-06-16 13:53:11 [info]: [yt-dlp] Extracted "Unleash deadly attacks with Lara Croft’s iconic dual pistols and othe..." — 20 formats found.
2026-06-16 13:53:11 [debug]: Quota recorded for ::1: 4/3000
2026-06-16 13:53:11 [debug]: POST / 200 4267ms — ::1
2026-06-16 13:53:38 [info]: [yt-dlp] Extracting info: https://www.instagram.com/reel/DZm0n_Zt86P/?igsh=c3ZraG1zYmJ4b2Jt
2026-06-16 13:53:38 [info]: [yt-dlp] Injecting firefox cookies for extraction
2026-06-16 13:53:42 [info]: [yt-dlp] Extracted "Video by sharanya_3176" — 11 formats found.
2026-06-16 13:53:42 [debug]: Quota recorded for ::1: 5/3000
2026-06-16 13:53:42 [debug]: POST / 200 4050ms — ::1
2026-06-16 13:58:27 [info]: [yt-dlp] Extracting info: https://www.instagram.com/reel/DZm0n_Zt86P/
2026-06-16 13:58:27 [info]: [yt-dlp] Injecting firefox cookies for extraction
2026-06-16 13:58:31 [info]: [yt-dlp] Extracted "Video by sharanya_3176" — 11 formats found.
2026-06-16 13:59:17 [info]: [yt-dlp] Extracting info: https://www.instagram.com/reel/DZm0n_Zt86P/
2026-06-16 13:59:17 [info]: [yt-dlp] Injecting firefox cookies for extraction
2026-06-16 13:59:20 [info]: [yt-dlp] Extracted "Video by sharanya_3176" — 11 formats found.
2026-06-16 13:59:20 [debug]: Quota recorded for ::1: 6/3000
2026-06-16 13:59:20 [debug]: POST / 200 3107ms — ::1
2026-06-16 13:59:47 [warn]: Firebase Admin SDK: credentials not configured — running in degraded mode (cookie-based quota only).
2026-06-16 13:59:47 [warn]: Stripe: secret key not configured — payment features disabled.
2026-06-16 13:59:48 [info]: ✅ yt-dlp found: v2026.06.09
2026-06-16 13:59:48 [info]: ✅ FFmpeg found: ffmpeg version 6.1.1-essentials_build-www.gyan.dev Copyright (c) 2000-2023 the FFmpeg developers
2026-06-16 13:59:48 [info]: 
🚀 Video Downloader API running at http://localhost:3000
2026-06-16 13:59:48 [info]:    Environment: development
2026-06-16 13:59:48 [info]:    Open http://localhost:3000 in your browser

2026-06-16 14:03:36 [debug]: GET / 200 16ms — ::1
2026-06-16 14:03:36 [debug]: GET /css/styles.css 200 15ms — ::1
2026-06-16 14:03:36 [debug]: GET /js/api.js 200 14ms — ::1
2026-06-16 14:03:36 [debug]: GET /js/auth.js 200 14ms — ::1
2026-06-16 14:03:36 [debug]: GET /js/ui.js 200 17ms — ::1
2026-06-16 14:03:36 [debug]: GET /js/app.js 200 17ms — ::1
2026-06-16 14:03:37 [debug]: GET /favicon.ico 200 6ms — ::1
2026-06-16 14:04:01 [info]: [yt-dlp] Extracting info: https://www.instagram.com/reel/DZm0n_Zt86P/?igsh=c3ZraG1zYmJ4b2Jt
2026-06-16 14:04:01 [info]: [yt-dlp] Injecting firefox cookies for extraction
2026-06-16 14:04:04 [info]: [yt-dlp] Extracted "Video by sharanya_3176" — 11 formats found.
2026-06-16 14:04:04 [debug]: Quota recorded for ::1: 1/3000
2026-06-16 14:04:04 [debug]: POST / 200 3258ms — ::1
2026-06-16 14:04:21 [info]: [Download] Injecting firefox cookies
2026-06-16 14:04:21 [info]: [Download] Job d8c9f6b807b1d94b8afd3d56c324: "Video by sharanya_3176.mp4" fmt=dash-1790555985258794v+dash-1790221621958897a
2026-06-16 14:04:21 [debug]: POST / 200 31ms — ::1
2026-06-16 14:04:26 [info]: [Download] Job d8c9f6b807b1d94b8afd3d56c324 complete: Video by sharanya_3176.mp4 (dlv_d8c9f6b807b1d94b8afd3d56c324.mp4)
2026-06-16 14:04:26 [debug]: GET /progress/d8c9f6b807b1d94b8afd3d56c324 200 4932ms — ::1
2026-06-16 14:04:26 [info]: [Download] Serving: Video by sharanya_3176.mp4 (5.9 MB)
2026-06-16 14:04:26 [info]: [Download] Served: Video by sharanya_3176.mp4
2026-06-16 14:04:26 [debug]: GET /file/d8c9f6b807b1d94b8afd3d56c324 200 94ms — ::1
2026-06-16 14:05:35 [info]: [yt-dlp] Extracting info: https://www.instagram.com/reel/DZNVAxYh_Qn/?igsh=NzBpbW1lNjNqemts
2026-06-16 14:05:35 [info]: [yt-dlp] Injecting firefox cookies for extraction
2026-06-16 14:05:39 [info]: [yt-dlp] Extracted "Video by gargi_sh_965" — 9 formats found.
2026-06-16 14:05:39 [debug]: Quota recorded for ::1: 2/3000
2026-06-16 14:05:39 [debug]: POST / 200 3463ms — ::1
2026-06-16 14:05:45 [info]: [Download] Injecting firefox cookies
2026-06-16 14:05:45 [info]: [Download] Job c3aa74acc9bb3c133caff1b2af1a: "Video by gargi_sh_965.mp4" fmt=dash-1500831168507056v+dash-2986606231731374a
2026-06-16 14:05:45 [debug]: POST / 200 17ms — ::1
2026-06-16 14:05:49 [info]: [Download] Job c3aa74acc9bb3c133caff1b2af1a complete: Video by gargi_sh_965.mp4 (dlv_c3aa74acc9bb3c133caff1b2af1a.mp4)
2026-06-16 14:05:49 [debug]: GET /progress/c3aa74acc9bb3c133caff1b2af1a 200 4289ms — ::1
2026-06-16 14:05:49 [info]: [Download] Serving: Video by gargi_sh_965.mp4 (0.4 MB)
2026-06-16 14:05:49 [info]: [Download] Served: Video by gargi_sh_965.mp4
2026-06-16 14:05:49 [debug]: GET /file/c3aa74acc9bb3c133caff1b2af1a 200 25ms — ::1
2026-06-16 14:07:56 [info]: [yt-dlp] Extracting info: https://x.com/narendramodi/status/2066717403707564188
2026-06-16 14:07:56 [info]: [yt-dlp] Injecting firefox cookies for extraction
2026-06-16 14:08:01 [info]: [yt-dlp] Extracted "Narendra Modi - धैर्य, विवेक और दूरदर्शिता से किए गए कार्यों से ही सुख-समृद्धि के द्व..." — 11 formats found.
2026-06-16 14:08:01 [debug]: Quota recorded for ::1: 3/3000
2026-06-16 14:08:01 [debug]: POST / 200 4196ms — ::1
2026-06-16 14:18:30 [info]: [yt-dlp] Extracting info: https://x.com/i/broadcasts/1oJMvvqzngYxQ?s=20
2026-06-16 14:18:30 [info]: [yt-dlp] Injecting firefox cookies for extraction
2026-06-16 14:18:34 [info]: [yt-dlp] Extracted "Addressing the joint press meet with PM Robert Fico of Slovakia.  @RobertFicoSVK" — 4 formats found.
2026-06-16 14:18:34 [debug]: Quota recorded for ::1: 4/3000
2026-06-16 14:18:34 [debug]: POST / 200 4454ms — ::1
2026-06-16 14:18:40 [info]: [Download] Injecting firefox cookies
2026-06-16 14:18:40 [info]: [Download] Job 15fe61f13837be9c450a509b1781: "Addressing the joint press meet with PM Robert Fico of Slovakia.  @RobertFicoSVK.mp4" fmt=replay-2750
2026-06-16 14:18:40 [debug]: POST / 200 15ms — ::1
2026-06-16 14:19:10 [info]: [Download] Job 15fe61f13837be9c450a509b1781 complete: Addressing the joint press meet with PM Robert Fico of Slovakia.  @RobertFicoSVK.mp4 (dlv_15fe61f13837be9c450a509b1781.mp4)
2026-06-16 14:19:10 [debug]: GET /progress/15fe61f13837be9c450a509b1781 200 30029ms — ::1
2026-06-16 14:19:10 [info]: [Download] Serving: Addressing the joint press meet with PM Robert Fico of Slovakia.  @RobertFicoSVK.mp4 (53.0 MB)
2026-06-16 14:19:10 [info]: [Download] Served: Addressing the joint press meet with PM Robert Fico of Slovakia.  @RobertFicoSVK.mp4
2026-06-16 14:19:10 [debug]: GET /file/15fe61f13837be9c450a509b1781 200 361ms — ::1
2026-06-16 14:23:10 [warn]: Firebase Admin SDK: credentials not configured — running in degraded mode (cookie-based quota only).
2026-06-16 14:23:10 [warn]: Stripe: secret key not configured — payment features disabled.
2026-06-16 14:23:11 [info]: ✅ yt-dlp found: v2026.06.09
2026-06-16 14:23:11 [info]: ✅ FFmpeg found: ffmpeg version 6.1.1-essentials_build-www.gyan.dev Copyright (c) 2000-2023 the FFmpeg developers
2026-06-16 14:23:11 [info]: 
🚀 Video Downloader API running at http://localhost:3000
2026-06-16 14:23:11 [info]:    Environment: development
2026-06-16 14:23:11 [info]:    Open http://localhost:3000 in your browser

2026-06-16 14:23:20 [warn]: Firebase Admin SDK: credentials not configured — running in degraded mode (cookie-based quota only).
2026-06-16 14:23:20 [warn]: Stripe: secret key not configured — payment features disabled.
2026-06-16 14:23:21 [info]: ✅ yt-dlp found: v2026.06.09
2026-06-16 14:23:21 [info]: ✅ FFmpeg found: ffmpeg version 6.1.1-essentials_build-www.gyan.dev Copyright (c) 2000-2023 the FFmpeg developers
2026-06-16 14:23:21 [info]: 
🚀 Video Downloader API running at http://localhost:3000
2026-06-16 14:23:21 [info]:    Environment: development
2026-06-16 14:23:21 [info]:    Open http://localhost:3000 in your browser

2026-06-16 14:23:28 [warn]: Firebase Admin SDK: credentials not configured — running in degraded mode (cookie-based quota only).
2026-06-16 14:23:28 [warn]: Stripe: secret key not configured — payment features disabled.
2026-06-16 14:23:29 [info]: ✅ yt-dlp found: v2026.06.09
2026-06-16 14:23:29 [info]: ✅ FFmpeg found: ffmpeg version 6.1.1-essentials_build-www.gyan.dev Copyright (c) 2000-2023 the FFmpeg developers
2026-06-16 14:23:29 [info]: 
🚀 Video Downloader API running at http://localhost:3000
2026-06-16 14:23:29 [info]:    Environment: development
2026-06-16 14:23:29 [info]:    Open http://localhost:3000 in your browser

2026-06-16 14:24:18 [error]: [Stripe] create-checkout error: Payment system is not configured. Please add your Stripe keys to .env.
2026-06-16 14:24:18 [error]: POST /create-checkout 500 15ms — ::1
2026-06-16 14:24:22 [error]: [Stripe] create-checkout error: Payment system is not configured. Please add your Stripe keys to .env.
2026-06-16 14:24:22 [error]: POST /create-checkout 500 4ms — ::1
2026-06-16 14:24:23 [debug]: GET / 200 15ms — ::1
2026-06-16 14:24:23 [debug]: GET /css/styles.css 200 11ms — ::1
2026-06-16 14:24:23 [debug]: GET /js/api.js 200 10ms — ::1
2026-06-16 14:24:23 [debug]: GET /js/auth.js 200 9ms — ::1
2026-06-16 14:24:23 [debug]: GET /js/ui.js 200 11ms — ::1
2026-06-16 14:24:23 [debug]: GET /js/app.js 200 12ms — ::1
2026-06-16 14:24:23 [debug]: GET /favicon.ico 200 6ms — ::1
2026-06-16 14:24:40 [info]: [yt-dlp] Extracting info: https://x.com/i/broadcasts/1oJMvvqzngYxQ?s=20
2026-06-16 14:24:40 [info]: [yt-dlp] Injecting firefox cookies for extraction
2026-06-16 14:24:45 [info]: [yt-dlp] Extracted "Addressing the joint press meet with PM Robert Fico of Slovakia.  @RobertFicoSVK" — 4 formats found.
2026-06-16 14:24:45 [debug]: Quota recorded for ::1: 1/3000
2026-06-16 14:24:45 [debug]: POST / 200 4452ms — ::1
2026-06-16 14:32:23 [warn]: Firebase Admin SDK: credentials not configured — running in degraded mode (cookie-based quota only).
2026-06-16 14:32:23 [warn]: Stripe: secret key not configured — payment features disabled.
2026-06-16 14:32:24 [info]: ✅ yt-dlp found: v2026.06.09
2026-06-16 14:32:24 [info]: ✅ FFmpeg found: ffmpeg version 6.1.1-essentials_build-www.gyan.dev Copyright (c) 2000-2023 the FFmpeg developers
2026-06-16 14:32:24 [info]: 
🚀 Video Downloader API running at http://localhost:3000
2026-06-16 14:32:24 [info]:    Environment: development
2026-06-16 14:32:24 [info]:    Open http://localhost:3000 in your browser

2026-06-16 14:32:41 [warn]: Firebase Admin SDK: credentials not configured — running in degraded mode (cookie-based quota only).
2026-06-16 14:32:41 [warn]: Stripe: secret key not configured — payment features disabled.
2026-06-16 14:32:42 [info]: ✅ yt-dlp found: v2026.06.09
2026-06-16 14:32:42 [info]: ✅ FFmpeg found: ffmpeg version 6.1.1-essentials_build-www.gyan.dev Copyright (c) 2000-2023 the FFmpeg developers
2026-06-16 14:32:42 [info]: 
🚀 Video Downloader API running at http://localhost:3000
2026-06-16 14:32:42 [info]:    Environment: development
2026-06-16 14:32:42 [info]:    Open http://localhost:3000 in your browser

2026-06-16 14:32:51 [warn]: Firebase Admin SDK: credentials not configured — running in degraded mode (cookie-based quota only).
2026-06-16 14:32:51 [warn]: Stripe: secret key not configured — payment features disabled.
2026-06-16 14:32:52 [info]: ✅ yt-dlp found: v2026.06.09
2026-06-16 14:32:52 [info]: ✅ FFmpeg found: ffmpeg version 6.1.1-essentials_build-www.gyan.dev Copyright (c) 2000-2023 the FFmpeg developers
2026-06-16 14:32:52 [info]: 
🚀 Video Downloader API running at http://localhost:3000
2026-06-16 14:32:52 [info]:    Environment: development
2026-06-16 14:32:52 [info]:    Open http://localhost:3000 in your browser

2026-06-16 14:37:46 [warn]: Razorpay: API keys not configured — payment features disabled.
2026-06-16 14:37:46 [warn]: Firebase Admin SDK: credentials not configured — running in degraded mode (cookie-based quota only).
2026-06-16 14:37:47 [info]: ✅ yt-dlp found: v2026.06.09
2026-06-16 14:37:47 [info]: ✅ FFmpeg found: ffmpeg version 6.1.1-essentials_build-www.gyan.dev Copyright (c) 2000-2023 the FFmpeg developers
2026-06-16 14:37:47 [info]: 
🚀 Video Downloader API running at http://localhost:3000
2026-06-16 14:37:47 [info]:    Environment: development
2026-06-16 14:37:47 [info]:    Open http://localhost:3000 in your browser

2026-06-16 14:37:58 [warn]: Razorpay: API keys not configured — payment features disabled.
2026-06-16 14:37:58 [warn]: Firebase Admin SDK: credentials not configured — running in degraded mode (cookie-based quota only).
2026-06-16 14:37:59 [info]: ✅ yt-dlp found: v2026.06.09
2026-06-16 14:37:59 [info]: ✅ FFmpeg found: ffmpeg version 6.1.1-essentials_build-www.gyan.dev Copyright (c) 2000-2023 the FFmpeg developers
2026-06-16 14:37:59 [info]: 
🚀 Video Downloader API running at http://localhost:3000
2026-06-16 14:37:59 [info]:    Environment: development
2026-06-16 14:37:59 [info]:    Open http://localhost:3000 in your browser

2026-06-16 14:38:08 [warn]: Razorpay: API keys not configured — payment features disabled.
2026-06-16 14:38:08 [warn]: Firebase Admin SDK: credentials not configured — running in degraded mode (cookie-based quota only).
2026-06-16 14:38:09 [info]: ✅ yt-dlp found: v2026.06.09
2026-06-16 14:38:09 [info]: ✅ FFmpeg found: ffmpeg version 6.1.1-essentials_build-www.gyan.dev Copyright (c) 2000-2023 the FFmpeg developers
2026-06-16 14:38:09 [info]: 
🚀 Video Downloader API running at http://localhost:3000
2026-06-16 14:38:09 [info]:    Environment: development
2026-06-16 14:38:09 [info]:    Open http://localhost:3000 in your browser

2026-06-16 15:12:13 [error]: TypeError: Cannot read properties of undefined (reading 'length')
    at initFirebase (D:\video downloader\server\services\firebase.js:24:20)
    at startup (D:\video downloader\server\index.js:140:3)
    at Object.<anonymous> (D:\video downloader\server\index.js:170:1)
    at Module._compile (node:internal/modules/cjs/loader:1812:14)
    at Object..js (node:internal/modules/cjs/loader:1943:10)
    at Module.load (node:internal/modules/cjs/loader:1533:32)
    at Module._load (node:internal/modules/cjs/loader:1335:12)
    at wrapModuleLoad (node:internal/modules/cjs/loader:255:19)
    at Module.executeUserEntryPoint [as runMain] (node:internal/modules/run_main:154:5)
    at node:internal/main/run_main_module:33:47
2026-06-16 15:12:14 [info]: ✅ yt-dlp found: v2026.06.09
2026-06-16 15:12:14 [info]: ✅ FFmpeg found: ffmpeg version 6.1.1-essentials_build-www.gyan.dev Copyright (c) 2000-2023 the FFmpeg developers
2026-06-16 15:12:14 [info]: 
🚀 Video Downloader API running at http://localhost:3000
2026-06-16 15:12:14 [info]:    Environment: development
2026-06-16 15:12:14 [info]:    Open http://localhost:3000 in your browser

2026-06-16 15:12:18 [error]: TypeError: Cannot read properties of undefined (reading 'length')
    at initFirebase (D:\video downloader\server\services\firebase.js:24:20)
    at startup (D:\video downloader\server\index.js:140:3)
    at Object.<anonymous> (D:\video downloader\server\index.js:170:1)
    at Module._compile (node:internal/modules/cjs/loader:1812:14)
    at Object..js (node:internal/modules/cjs/loader:1943:10)
    at Module.load (node:internal/modules/cjs/loader:1533:32)
    at Module._load (node:internal/modules/cjs/loader:1335:12)
    at wrapModuleLoad (node:internal/modules/cjs/loader:255:19)
    at Module.executeUserEntryPoint [as runMain] (node:internal/modules/run_main:154:5)
    at node:internal/main/run_main_module:33:47
2026-06-16 15:12:19 [info]: ✅ yt-dlp found: v2026.06.09
2026-06-16 15:12:19 [info]: ✅ FFmpeg found: ffmpeg version 6.1.1-essentials_build-www.gyan.dev Copyright (c) 2000-2023 the FFmpeg developers
2026-06-16 15:12:19 [info]: 
🚀 Video Downloader API running at http://localhost:3000
2026-06-16 15:12:19 [info]:    Environment: development
2026-06-16 15:12:19 [info]:    Open http://localhost:3000 in your browser

2026-06-16 15:13:39 [info]: Firebase Admin SDK initialized for project: video-downloader-fd8ef
2026-06-16 15:13:40 [info]: ✅ yt-dlp found: v2026.06.09
2026-06-16 15:13:40 [info]: ✅ FFmpeg found: ffmpeg version 6.1.1-essentials_build-www.gyan.dev Copyright (c) 2000-2023 the FFmpeg developers
2026-06-16 15:13:40 [info]: 
🚀 Video Downloader API running at http://localhost:3000
2026-06-16 15:13:40 [info]:    Environment: development
2026-06-16 15:13:40 [info]:    Open http://localhost:3000 in your browser

2026-06-16 15:13:45 [info]: Firebase Admin SDK initialized for project: video-downloader-fd8ef
2026-06-16 15:13:46 [info]: ✅ yt-dlp found: v2026.06.09
2026-06-16 15:13:46 [info]: ✅ FFmpeg found: ffmpeg version 6.1.1-essentials_build-www.gyan.dev Copyright (c) 2000-2023 the FFmpeg developers
2026-06-16 15:13:46 [info]: 
🚀 Video Downloader API running at http://localhost:3000
2026-06-16 15:13:46 [info]:    Environment: development
2026-06-16 15:13:46 [info]:    Open http://localhost:3000 in your browser

2026-06-16 15:14:50 [debug]: GET / 200 14ms — ::1
2026-06-16 15:14:50 [debug]: GET /css/styles.css 200 15ms — ::1
2026-06-16 15:14:50 [debug]: GET /js/api.js 200 15ms — ::1
2026-06-16 15:14:50 [debug]: GET /js/auth.js 200 18ms — ::1
2026-06-16 15:14:50 [debug]: GET /js/ui.js 200 15ms — ::1
2026-06-16 15:14:50 [debug]: GET /js/app.js 200 17ms — ::1
2026-06-16 15:14:52 [debug]: GET /favicon.ico 200 7ms — ::1
2026-06-16 15:15:06 [debug]: GET / 200 5ms — ::1
2026-06-16 15:15:06 [debug]: GET /css/styles.css 200 3ms — ::1
2026-06-16 15:15:06 [debug]: GET /js/api.js 200 6ms — ::1
2026-06-16 15:15:06 [debug]: GET /js/auth.js 200 7ms — ::1
2026-06-16 15:15:06 [debug]: GET /js/ui.js 200 8ms — ::1
2026-06-16 15:15:06 [debug]: GET /js/app.js 200 10ms — ::1
2026-06-16 15:15:06 [debug]: GET /favicon.ico 200 3ms — ::1
2026-06-16 15:15:17 [debug]: GET / 200 3ms — ::1
2026-06-16 15:15:17 [debug]: GET /css/styles.css 200 2ms — ::1
2026-06-16 15:15:17 [debug]: GET /js/auth.js 200 4ms — ::1
2026-06-16 15:15:17 [debug]: GET /js/api.js 200 8ms — ::1
2026-06-16 15:15:17 [debug]: GET /js/ui.js 200 6ms — ::1
2026-06-16 15:15:17 [debug]: GET /js/app.js 200 7ms — ::1
2026-06-16 15:15:17 [debug]: GET /favicon.ico 200 2ms — ::1
2026-06-16 15:19:04 [debug]: GET / 200 4ms — ::1
2026-06-16 15:19:04 [debug]: GET /css/styles.css 200 3ms — ::1
2026-06-16 15:19:04 [debug]: GET /js/api.js 200 5ms — ::1
2026-06-16 15:19:04 [debug]: GET /js/auth.js 200 6ms — ::1
2026-06-16 15:19:04 [debug]: GET /js/ui.js 200 7ms — ::1
2026-06-16 15:19:04 [debug]: GET /js/app.js 200 7ms — ::1
2026-06-16 15:19:05 [debug]: GET /favicon.ico 200 3ms — ::1
2026-06-16 15:24:54 [info]: Firebase Admin SDK initialized for project: video-downloader-fd8ef
2026-06-16 15:24:55 [info]: ✅ yt-dlp found: v2026.06.09
2026-06-16 15:24:55 [info]: ✅ FFmpeg found: ffmpeg version 6.1.1-essentials_build-www.gyan.dev Copyright (c) 2000-2023 the FFmpeg developers
2026-06-16 15:24:55 [info]: 
🚀 Video Downloader API running at http://localhost:3000
2026-06-16 15:24:55 [info]:    Environment: development
2026-06-16 15:24:55 [info]:    Open http://localhost:3000 in your browser

2026-06-16 15:24:59 [info]: Firebase Admin SDK initialized for project: video-downloader-fd8ef
2026-06-16 15:25:00 [info]: ✅ yt-dlp found: v2026.06.09
2026-06-16 15:25:00 [info]: ✅ FFmpeg found: ffmpeg version 6.1.1-essentials_build-www.gyan.dev Copyright (c) 2000-2023 the FFmpeg developers
2026-06-16 15:25:00 [info]: 
🚀 Video Downloader API running at http://localhost:3000
2026-06-16 15:25:00 [info]:    Environment: development
2026-06-16 15:25:00 [info]:    Open http://localhost:3000 in your browser

2026-06-16 15:25:05 [info]: Firebase Admin SDK initialized for project: video-downloader-fd8ef
2026-06-16 15:25:06 [info]: ✅ yt-dlp found: v2026.06.09
2026-06-16 15:25:06 [info]: ✅ FFmpeg found: ffmpeg version 6.1.1-essentials_build-www.gyan.dev Copyright (c) 2000-2023 the FFmpeg developers
2026-06-16 15:25:06 [info]: 
🚀 Video Downloader API running at http://localhost:3000
2026-06-16 15:25:06 [info]:    Environment: development
2026-06-16 15:25:06 [info]:    Open http://localhost:3000 in your browser

2026-06-16 15:25:28 [info]: Firebase Admin SDK initialized for project: video-downloader-fd8ef
2026-06-16 15:25:29 [info]: ✅ yt-dlp found: v2026.06.09
2026-06-16 15:25:29 [info]: ✅ FFmpeg found: ffmpeg version 6.1.1-essentials_build-www.gyan.dev Copyright (c) 2000-2023 the FFmpeg developers
2026-06-16 15:25:29 [info]: 
🚀 Video Downloader API running at http://localhost:3000
2026-06-16 15:25:29 [info]:    Environment: development
2026-06-16 15:25:29 [info]:    Open http://localhost:3000 in your browser

2026-06-16 15:25:44 [debug]: GET / 200 15ms — ::1
2026-06-16 15:25:44 [debug]: GET /css/styles.css 200 4ms — ::1
2026-06-16 15:25:44 [debug]: GET /js/api.js 200 9ms — ::1
2026-06-16 15:25:44 [debug]: GET /js/auth.js 200 9ms — ::1
2026-06-16 15:25:44 [debug]: GET /js/ui.js 200 9ms — ::1
2026-06-16 15:25:44 [debug]: GET /js/app.js 200 10ms — ::1
2026-06-16 15:25:45 [debug]: GET /favicon.ico 200 7ms — ::1
2026-06-16 15:27:16 [info]: Firebase Admin SDK initialized for project: video-downloader-fd8ef
2026-06-16 15:27:17 [info]: ✅ yt-dlp found: v2026.06.09
2026-06-16 15:27:17 [info]: ✅ FFmpeg found: ffmpeg version 6.1.1-essentials_build-www.gyan.dev Copyright (c) 2000-2023 the FFmpeg developers
2026-06-16 15:27:17 [info]: 
🚀 Video Downloader API running at http://localhost:3000
2026-06-16 15:27:17 [info]:    Environment: development
2026-06-16 15:27:17 [info]:    Open http://localhost:3000 in your browser

2026-06-16 15:27:21 [info]: Firebase Admin SDK initialized for project: video-downloader-fd8ef
2026-06-16 15:27:22 [info]: ✅ yt-dlp found: v2026.06.09
2026-06-16 15:27:22 [info]: ✅ FFmpeg found: ffmpeg version 6.1.1-essentials_build-www.gyan.dev Copyright (c) 2000-2023 the FFmpeg developers
2026-06-16 15:27:22 [info]: 
🚀 Video Downloader API running at http://localhost:3000
2026-06-16 15:27:22 [info]:    Environment: development
2026-06-16 15:27:22 [info]:    Open http://localhost:3000 in your browser

2026-06-16 15:28:42 [info]: Firebase Admin SDK initialized for project: video-downloader-fd8ef
2026-06-16 15:28:43 [info]: ✅ yt-dlp found: v2026.06.09
2026-06-16 15:28:43 [info]: ✅ FFmpeg found: ffmpeg version 6.1.1-essentials_build-www.gyan.dev Copyright (c) 2000-2023 the FFmpeg developers
2026-06-16 15:28:43 [info]: 
🚀 Video Downloader API running at http://localhost:3000
2026-06-16 15:28:43 [info]:    Environment: development
2026-06-16 15:28:43 [info]:    Open http://localhost:3000 in your browser

2026-06-16 15:29:32 [info]: [yt-dlp] Extracting info: https://youtu.be/Ey8j_BlLvFM?si=GJFY0yL8hb4sbKQl
2026-06-16 15:29:32 [info]: [yt-dlp] Injecting firefox cookies for extraction
2026-06-16 15:29:36 [info]: [yt-dlp] Extracted "Race Highlights | 2026 Barcelona-Catalunya Grand Prix" — 27 formats found.
2026-06-16 15:29:36 [debug]: Quota recorded for ::1: 1/3
2026-06-16 15:29:36 [debug]: POST / 200 3978ms — ::1
2026-06-17 12:36:46 [debug]: GET / 304 40ms — ::1
2026-06-17 12:36:47 [debug]: GET /favicon.ico 304 56ms — ::1
2026-06-17 12:36:51 [info]: [yt-dlp] Extracting info: https://youtu.be/Ey8j_BlLvFM?si=GJFY0yL8hb4sbKQl
2026-06-17 12:36:51 [info]: [yt-dlp] Injecting firefox cookies for extraction
2026-06-17 12:36:58 [info]: [yt-dlp] Extracted "Race Highlights | 2026 Barcelona-Catalunya Grand Prix" — 27 formats found.
2026-06-17 12:36:58 [debug]: Quota recorded for ::1: 1/3
2026-06-17 12:36:58 [debug]: POST / 200 7197ms — ::1
2026-06-17 12:37:17 [info]: [Download] Injecting firefox cookies
2026-06-17 12:37:17 [info]: [Download] Job 1befada8f5b19de82b9bbeda3955: "Race Highlights _ 2026 Barcelona-Catalunya Grand Prix.mp4" fmt=298+140
2026-06-17 12:37:17 [debug]: POST / 200 38ms — ::1
2026-06-17 12:37:40 [info]: [Download] Job 1befada8f5b19de82b9bbeda3955 complete: Race Highlights _ 2026 Barcelona-Catalunya Grand Prix.mp4 (dlv_1befada8f5b19de82b9bbeda3955.mp4)
2026-06-17 12:37:40 [debug]: GET /progress/1befada8f5b19de82b9bbeda3955 200 22823ms — ::1
2026-06-17 12:37:40 [info]: [Download] Serving: Race Highlights _ 2026 Barcelona-Catalunya Grand Prix.mp4 (202.2 MB)
2026-06-17 12:37:44 [info]: [Download] Served: Race Highlights _ 2026 Barcelona-Catalunya Grand Prix.mp4
2026-06-17 12:37:44 [debug]: GET /file/1befada8f5b19de82b9bbeda3955 200 3501ms — ::1
2026-06-17 12:48:23 [info]: Firebase Admin SDK initialized for project: video-downloader-fd8ef
2026-06-17 12:48:26 [info]: ✅ yt-dlp found: v2026.06.09
2026-06-17 12:48:26 [info]: ✅ FFmpeg found: ffmpeg version 6.1.1-essentials_build-www.gyan.dev Copyright (c) 2000-2023 the FFmpeg developers
2026-06-17 12:48:26 [info]: 
🚀 Video Downloader API running at http://localhost:3000
2026-06-17 12:48:26 [info]:    Environment: development
2026-06-17 12:48:26 [info]:    Open http://localhost:3000 in your browser

2026-06-17 12:52:35 [info]: Firebase Admin SDK initialized for project: video-downloader-fd8ef
2026-06-17 12:52:36 [info]: ✅ yt-dlp found: v2026.06.09
2026-06-17 12:52:36 [info]: ✅ FFmpeg found: ffmpeg version 6.1.1-essentials_build-www.gyan.dev Copyright (c) 2000-2023 the FFmpeg developers
2026-06-17 12:52:36 [info]: 
🚀 Video Downloader API running at http://localhost:3000
2026-06-17 12:52:36 [info]:    Environment: development
2026-06-17 12:52:36 [info]:    Open http://localhost:3000 in your browser

2026-06-17 12:53:18 [debug]: GET / 200 17ms — ::1
2026-06-17 12:53:19 [debug]: GET /favicon.ico 200 12ms — ::1
2026-06-17 12:53:22 [debug]: GET / 200 4ms — ::1
2026-06-17 12:53:22 [debug]: GET /js/api.js 200 7ms — ::1
2026-06-17 12:53:22 [debug]: GET /js/auth.js 200 9ms — ::1
2026-06-17 12:53:22 [debug]: GET /js/ui.js 200 11ms — ::1
2026-06-17 12:53:22 [debug]: GET /js/app.js 200 15ms — ::1
2026-06-17 12:53:22 [debug]: GET /css/styles.css 200 28ms — ::1
2026-06-17 12:53:23 [debug]: GET /favicon.ico 200 5ms — ::1
2026-06-17 12:54:01 [debug]: GET /favicon.ico 304 4ms — ::1
2026-06-17 12:54:45 [info]: [yt-dlp] Extracting info: https://youtu.be/Ey8j_BlLvFM?si=GJFY0yL8hb4sbKQl
2026-06-17 12:54:45 [info]: [yt-dlp] Injecting firefox cookies for extraction
2026-06-17 12:54:50 [info]: [yt-dlp] Extracted "Race Highlights | 2026 Barcelona-Catalunya Grand Prix" — 27 formats found.
2026-06-17 12:54:50 [debug]: Quota recorded for ::1: 1/3
2026-06-17 12:54:50 [debug]: POST / 200 4650ms — ::1
2026-06-17 13:01:20 [info]: Firebase Admin SDK initialized for project: video-downloader-fd8ef
2026-06-17 13:01:21 [info]: ✅ yt-dlp found: v2026.06.09
2026-06-17 13:01:21 [info]: ✅ FFmpeg found: ffmpeg version 6.1.1-essentials_build-www.gyan.dev Copyright (c) 2000-2023 the FFmpeg developers
2026-06-17 13:01:21 [info]: 
🚀 Video Downloader API running at http://localhost:3000
2026-06-17 13:01:21 [info]:    Environment: development
2026-06-17 13:01:21 [info]:    Open http://localhost:3000 in your browser

2026-06-17 13:02:28 [debug]: GET / 200 15ms — ::1
2026-06-17 13:02:28 [debug]: GET /css/styles.css 200 5ms — ::1
2026-06-17 13:02:28 [debug]: GET /js/app.js 200 6ms — ::1
2026-06-17 13:02:28 [debug]: GET /js/api.js 200 10ms — ::1
2026-06-17 13:02:28 [debug]: GET /js/auth.js 200 13ms — ::1
2026-06-17 13:02:28 [debug]: GET /js/ui.js 200 14ms — ::1
2026-06-17 13:02:29 [debug]: GET /favicon.ico 200 8ms — ::1
2026-06-17 13:02:56 [info]: [yt-dlp] Extracting info: https://youtu.be/8bVCi3hnba4?si=4c29qKY5C2Xefw8m
2026-06-17 13:02:56 [info]: [yt-dlp] Injecting firefox cookies for extraction
2026-06-17 13:03:00 [info]: [yt-dlp] Extracted "50 Balls to Score 100… (+1mph Every Ball) ft Vaibhav Sooryavanshi" — 27 formats found.
2026-06-17 13:03:00 [debug]: Quota recorded for ::1: 1/3
2026-06-17 13:03:00 [debug]: POST / 200 4297ms — ::1
2026-06-17 13:03:43 [debug]: GET /favicon.ico 304 4ms — ::1
2026-06-17 13:04:12 [debug]: GET / 200 11ms — ::1
2026-06-17 13:04:12 [debug]: GET /css/styles.css 200 13ms — ::1
2026-06-17 13:04:12 [debug]: GET /js/auth.js 200 17ms — ::1
2026-06-17 13:04:12 [debug]: GET /js/api.js 200 18ms — ::1
2026-06-17 13:04:12 [debug]: GET /js/app.js 200 16ms — ::1
2026-06-17 13:04:12 [debug]: GET /js/ui.js 200 19ms — ::1
2026-06-17 13:04:14 [debug]: GET /favicon.ico 200 7ms — ::1
2026-06-17 13:04:26 [info]: [yt-dlp] Extracting info: https://youtu.be/8bVCi3hnba4?si=4c29qKY5C2Xefw8m
2026-06-17 13:04:26 [info]: [yt-dlp] Injecting firefox cookies for extraction
2026-06-17 13:04:30 [info]: [yt-dlp] Extracted "50 Balls to Score 100… (+1mph Every Ball) ft Vaibhav Sooryavanshi" — 27 formats found.
2026-06-17 13:04:30 [debug]: Quota recorded for ::1: 2/3
2026-06-17 13:04:30 [debug]: POST / 200 3931ms — ::1
2026-06-17 13:05:14 [debug]: GET / 200 3ms — ::1
2026-06-17 13:05:15 [debug]: GET /favicon.ico 304 3ms — ::1
2026-06-17 13:06:41 [debug]: GET /favicon.ico 304 3ms — ::1
2026-06-17 13:09:46 [info]: Firebase Admin SDK initialized for project: video-downloader-fd8ef
2026-06-17 13:09:47 [info]: ✅ yt-dlp found: v2026.06.09
2026-06-17 13:09:47 [info]: ✅ FFmpeg found: ffmpeg version 6.1.1-essentials_build-www.gyan.dev Copyright (c) 2000-2023 the FFmpeg developers
2026-06-17 13:09:47 [info]: 
🚀 Video Downloader API running at http://localhost:3000
2026-06-17 13:09:47 [info]:    Environment: development
2026-06-17 13:09:47 [info]:    Open http://localhost:3000 in your browser

2026-06-17 13:09:53 [info]: Firebase Admin SDK initialized for project: video-downloader-fd8ef
2026-06-17 13:09:54 [info]: ✅ yt-dlp found: v2026.06.09
2026-06-17 13:09:54 [info]: ✅ FFmpeg found: ffmpeg version 6.1.1-essentials_build-www.gyan.dev Copyright (c) 2000-2023 the FFmpeg developers
2026-06-17 13:09:54 [info]: 
🚀 Video Downloader API running at http://localhost:3000
2026-06-17 13:09:54 [info]:    Environment: development
2026-06-17 13:09:54 [info]:    Open http://localhost:3000 in your browser

2026-06-17 13:10:31 [debug]: GET /favicon.ico 304 15ms — ::1
2026-06-17 13:10:45 [info]: [yt-dlp] Extracting info: https://youtu.be/8bVCi3hnba4?si=4c29qKY5C2Xefw8m
2026-06-17 13:10:45 [info]: [yt-dlp] Injecting firefox cookies for extraction
2026-06-17 13:10:49 [info]: [yt-dlp] Extracted "50 Balls to Score 100… (+1mph Every Ball) ft Vaibhav Sooryavanshi" — 27 formats found.
2026-06-17 13:10:49 [debug]: Quota recorded for ::1: 1/3
2026-06-17 13:10:49 [debug]: POST / 200 4284ms — ::1
2026-06-17 13:11:10 [debug]: GET /favicon.ico 304 3ms — ::1
2026-06-17 13:11:16 [debug]: GET / 200 9ms — ::1
2026-06-17 13:11:16 [debug]: GET /css/styles.css 200 3ms — ::1
2026-06-17 13:11:16 [debug]: GET /js/api.js 200 7ms — ::1
2026-06-17 13:11:16 [debug]: GET /js/auth.js 200 7ms — ::1
2026-06-17 13:11:16 [debug]: GET /js/ui.js 200 8ms — ::1
2026-06-17 13:11:16 [debug]: GET /js/app.js 200 10ms — ::1
2026-06-17 13:11:17 [debug]: GET / 200 3ms — ::1
2026-06-17 13:11:17 [debug]: GET /css/styles.css 200 8ms — ::1
2026-06-17 13:11:17 [debug]: GET /js/api.js 200 7ms — ::1
2026-06-17 13:11:17 [debug]: GET /js/auth.js 200 10ms — ::1
2026-06-17 13:11:17 [debug]: GET /js/ui.js 200 10ms — ::1
2026-06-17 13:11:17 [debug]: GET /js/app.js 200 11ms — ::1
2026-06-17 13:11:17 [debug]: GET / 200 3ms — ::1
2026-06-17 13:11:17 [debug]: GET /css/styles.css 200 3ms — ::1
2026-06-17 13:11:17 [debug]: GET /js/api.js 200 6ms — ::1
2026-06-17 13:11:17 [debug]: GET /js/auth.js 200 7ms — ::1
2026-06-17 13:11:17 [debug]: GET /js/ui.js 200 8ms — ::1
2026-06-17 13:11:17 [debug]: GET /js/app.js 200 8ms — ::1
2026-06-17 13:11:18 [debug]: GET / 200 3ms — ::1
2026-06-17 13:11:18 [debug]: GET /css/styles.css 200 2ms — ::1
2026-06-17 13:11:18 [debug]: GET /js/api.js 200 5ms — ::1
2026-06-17 13:11:18 [debug]: GET /js/auth.js 200 6ms — ::1
2026-06-17 13:11:18 [debug]: GET /js/ui.js 200 8ms — ::1
2026-06-17 13:11:18 [debug]: GET /js/app.js 200 8ms — ::1
2026-06-17 13:11:19 [debug]: GET / 200 2ms — ::1
2026-06-17 13:11:19 [debug]: GET /css/styles.css 200 3ms — ::1
2026-06-17 13:11:19 [debug]: GET /js/api.js 200 7ms — ::1
2026-06-17 13:11:19 [debug]: GET /js/auth.js 200 6ms — ::1
2026-06-17 13:11:19 [debug]: GET /js/ui.js 200 8ms — ::1
2026-06-17 13:11:19 [debug]: GET /js/app.js 200 8ms — ::1
2026-06-17 13:11:19 [debug]: GET / 200 2ms — ::1
2026-06-17 13:11:19 [debug]: GET /css/styles.css 200 2ms — ::1
2026-06-17 13:11:19 [debug]: GET /js/api.js 200 4ms — ::1
2026-06-17 13:11:19 [debug]: GET /js/auth.js 200 4ms — ::1
2026-06-17 13:11:19 [debug]: GET /js/ui.js 200 4ms — ::1
2026-06-17 13:11:19 [debug]: GET /js/app.js 200 5ms — ::1
2026-06-17 13:11:20 [debug]: GET /favicon.ico 200 3ms — ::1
2026-06-17 13:11:21 [debug]: GET / 200 2ms — ::1
2026-06-17 13:11:21 [debug]: GET /css/styles.css 200 2ms — ::1
2026-06-17 13:11:21 [debug]: GET /js/api.js 200 5ms — ::1
2026-06-17 13:11:21 [debug]: GET /js/auth.js 200 8ms — ::1
2026-06-17 13:11:21 [debug]: GET /js/ui.js 200 8ms — ::1
2026-06-17 13:11:21 [debug]: GET /js/app.js 200 12ms — ::1
2026-06-17 13:11:21 [debug]: GET / 200 2ms — ::1
2026-06-17 13:11:21 [debug]: GET /css/styles.css 200 3ms — ::1
2026-06-17 13:11:21 [debug]: GET /js/api.js 200 8ms — ::1
2026-06-17 13:11:21 [debug]: GET /js/auth.js 200 10ms — ::1
2026-06-17 13:11:21 [debug]: GET /js/ui.js 200 14ms — ::1
2026-06-17 13:11:21 [debug]: GET /js/app.js 200 16ms — ::1
2026-06-17 13:11:21 [debug]: GET / 200 2ms — ::1
2026-06-17 13:11:21 [debug]: GET /css/styles.css 200 6ms — ::1
2026-06-17 13:11:21 [debug]: GET /js/api.js 200 6ms — ::1
2026-06-17 13:11:21 [debug]: GET /js/auth.js 200 6ms — ::1
2026-06-17 13:11:21 [debug]: GET /js/app.js 200 6ms — ::1
2026-06-17 13:11:21 [debug]: GET /js/ui.js 200 7ms — ::1
2026-06-17 13:11:21 [debug]: GET / 200 2ms — ::1
2026-06-17 13:11:21 [debug]: GET /css/styles.css 200 2ms — ::1
2026-06-17 13:11:21 [debug]: GET /js/api.js 200 7ms — ::1
2026-06-17 13:11:21 [debug]: GET /js/auth.js 200 7ms — ::1
2026-06-17 13:11:21 [debug]: GET /js/ui.js 200 6ms — ::1
2026-06-17 13:11:21 [debug]: GET /js/app.js 200 7ms — ::1
2026-06-17 13:11:21 [debug]: GET / 200 2ms — ::1
2026-06-17 13:11:22 [debug]: GET /css/styles.css 200 3ms — ::1
2026-06-17 13:11:22 [debug]: GET /js/api.js 200 6ms — ::1
2026-06-17 13:11:22 [debug]: GET /js/auth.js 200 6ms — ::1
2026-06-17 13:11:22 [debug]: GET /js/ui.js 200 7ms — ::1
2026-06-17 13:11:22 [debug]: GET /js/app.js 200 7ms — ::1
2026-06-17 13:11:23 [debug]: GET /favicon.ico 200 2ms — ::1
2026-06-17 13:11:25 [info]: [yt-dlp] Extracting info: https://youtu.be/8bVCi3hnba4?si=4c29qKY5C2Xefw8m
2026-06-17 13:11:25 [info]: [yt-dlp] Injecting firefox cookies for extraction
2026-06-17 13:11:29 [info]: [yt-dlp] Extracted "50 Balls to Score 100… (+1mph Every Ball) ft Vaibhav Sooryavanshi" — 27 formats found.
2026-06-17 13:11:29 [debug]: Quota recorded for ::1: 2/3
2026-06-17 13:11:29 [debug]: POST / 200 4207ms — ::1
2026-06-17 13:11:53 [debug]: GET /favicon.ico 304 2ms — ::1
2026-06-17 13:12:08 [debug]: GET /favicon.ico 304 2ms — ::1
2026-06-17 13:14:27 [info]: Firebase Admin SDK initialized for project: video-downloader-fd8ef
2026-06-17 13:14:28 [info]: ✅ yt-dlp found: v2026.06.09
2026-06-17 13:14:28 [info]: ✅ FFmpeg found: ffmpeg version 6.1.1-essentials_build-www.gyan.dev Copyright (c) 2000-2023 the FFmpeg developers
2026-06-17 13:14:28 [info]: 
🚀 Video Downloader API running at http://localhost:3000
2026-06-17 13:14:28 [info]:    Environment: development
2026-06-17 13:14:28 [info]:    Open http://localhost:3000 in your browser

2026-06-17 13:14:57 [info]: Firebase Admin SDK initialized for project: video-downloader-fd8ef
2026-06-17 13:14:58 [info]: ✅ yt-dlp found: v2026.06.09
2026-06-17 13:14:58 [info]: ✅ FFmpeg found: ffmpeg version 6.1.1-essentials_build-www.gyan.dev Copyright (c) 2000-2023 the FFmpeg developers
2026-06-17 13:14:58 [info]: 
🚀 Video Downloader API running at http://localhost:3000
2026-06-17 13:14:58 [info]:    Environment: development
2026-06-17 13:14:58 [info]:    Open http://localhost:3000 in your browser

2026-06-17 13:15:34 [debug]: GET / 200 14ms — ::1
2026-06-17 13:15:34 [debug]: GET /css/styles.css 200 7ms — ::1
2026-06-17 13:15:34 [debug]: GET /js/api.js 200 11ms — ::1
2026-06-17 13:15:34 [debug]: GET /js/auth.js 200 8ms — ::1
2026-06-17 13:15:34 [debug]: GET /js/ui.js 200 10ms — ::1
2026-06-17 13:15:34 [debug]: GET /js/app.js 200 13ms — ::1
2026-06-17 13:15:36 [debug]: GET /favicon.ico 200 7ms — ::1
2026-06-17 13:15:36 [debug]: GET / 200 6ms — ::1
2026-06-17 13:15:36 [debug]: GET /css/styles.css 200 10ms — ::1
2026-06-17 13:15:36 [debug]: GET /js/api.js 200 9ms — ::1
2026-06-17 13:15:36 [debug]: GET /js/auth.js 200 9ms — ::1
2026-06-17 13:15:36 [debug]: GET /js/ui.js 200 13ms — ::1
2026-06-17 13:15:36 [debug]: GET /js/app.js 200 15ms — ::1
2026-06-17 13:15:37 [debug]: GET /favicon.ico 200 6ms — ::1
2026-06-17 13:15:54 [debug]: GET /favicon.ico 304 3ms — ::1
2026-06-17 13:17:44 [info]: Firebase Admin SDK initialized for project: video-downloader-fd8ef
2026-06-17 13:17:45 [info]: ✅ yt-dlp found: v2026.06.09
2026-06-17 13:17:45 [info]: ✅ FFmpeg found: ffmpeg version 6.1.1-essentials_build-www.gyan.dev Copyright (c) 2000-2023 the FFmpeg developers
2026-06-17 13:17:45 [info]: 
🚀 Video Downloader API running at http://localhost:3000
2026-06-17 13:17:45 [info]:    Environment: development
2026-06-17 13:17:45 [info]:    Open http://localhost:3000 in your browser

2026-06-17 13:18:01 [debug]: GET /favicon.ico 304 13ms — ::1
2026-06-17 13:18:09 [debug]: GET / 304 5ms — ::1
2026-06-17 13:18:09 [debug]: GET /favicon.ico 304 6ms — ::1
2026-06-17 13:18:11 [debug]: GET / 200 9ms — ::1
2026-06-17 13:18:11 [debug]: GET /css/styles.css 200 10ms — ::1
2026-06-17 13:18:11 [debug]: GET /js/api.js 200 14ms — ::1
2026-06-17 13:18:11 [debug]: GET /js/auth.js 200 14ms — ::1
2026-06-17 13:18:11 [debug]: GET /js/ui.js 200 14ms — ::1
2026-06-17 13:18:11 [debug]: GET /js/app.js 200 14ms — ::1
2026-06-17 13:18:13 [debug]: GET / 200 3ms — ::1
2026-06-17 13:18:13 [debug]: GET /css/styles.css 200 6ms — ::1
2026-06-17 13:18:13 [debug]: GET /js/api.js 200 6ms — ::1
2026-06-17 13:18:13 [debug]: GET /js/auth.js 200 8ms — ::1
2026-06-17 13:18:13 [debug]: GET /js/ui.js 200 4ms — ::1
2026-06-17 13:18:13 [debug]: GET /js/app.js 200 4ms — ::1
2026-06-17 13:18:14 [debug]: GET /favicon.ico 200 4ms — ::1
2026-06-17 13:18:31 [debug]: GET /favicon.ico 304 4ms — ::1
2026-06-17 13:18:36 [debug]: GET /favicon.ico 304 2ms — ::1
2026-06-17 13:18:54 [debug]: GET /favicon.ico 304 2ms — ::1
2026-06-17 13:18:56 [debug]: GET / 200 4ms — ::1
2026-06-17 13:18:57 [debug]: GET /css/styles.css 200 3ms — ::1
2026-06-17 13:18:57 [debug]: GET /js/api.js 200 6ms — ::1
2026-06-17 13:18:57 [debug]: GET /js/auth.js 200 6ms — ::1
2026-06-17 13:18:57 [debug]: GET /js/ui.js 200 7ms — ::1
2026-06-17 13:18:57 [debug]: GET /js/app.js 200 9ms — ::1
2026-06-17 13:18:58 [debug]: GET /favicon.ico 200 3ms — ::1
2026-06-17 13:18:59 [debug]: GET / 200 3ms — ::1
2026-06-17 13:18:59 [debug]: GET /css/styles.css 200 7ms — ::1
2026-06-17 13:18:59 [debug]: GET /js/api.js 200 7ms — ::1
2026-06-17 13:18:59 [debug]: GET /js/auth.js 200 8ms — ::1
2026-06-17 13:18:59 [debug]: GET /js/ui.js 200 11ms — ::1
2026-06-17 13:18:59 [debug]: GET /js/app.js 200 13ms — ::1
2026-06-17 13:19:00 [debug]: GET /favicon.ico 200 3ms — ::1
2026-06-17 13:19:00 [debug]: GET / 200 2ms — ::1
2026-06-17 13:19:00 [debug]: GET /css/styles.css 200 5ms — ::1
2026-06-17 13:19:00 [debug]: GET /js/api.js 200 6ms — ::1
2026-06-17 13:19:00 [debug]: GET /js/auth.js 200 7ms — ::1
2026-06-17 13:19:00 [debug]: GET /js/ui.js 200 14ms — ::1
2026-06-17 13:19:00 [debug]: GET /js/app.js 200 15ms — ::1
2026-06-17 13:19:01 [debug]: GET /favicon.ico 200 5ms — ::1
2026-06-17 13:19:45 [info]: Firebase Admin SDK initialized for project: video-downloader-fd8ef
2026-06-17 13:19:46 [info]: ✅ yt-dlp found: v2026.06.09
2026-06-17 13:19:46 [info]: ✅ FFmpeg found: ffmpeg version 6.1.1-essentials_build-www.gyan.dev Copyright (c) 2000-2023 the FFmpeg developers
2026-06-17 13:19:46 [info]: 
🚀 Video Downloader API running at http://localhost:3000
2026-06-17 13:19:46 [info]:    Environment: development
2026-06-17 13:19:46 [info]:    Open http://localhost:3000 in your browser

2026-06-17 13:19:51 [info]: Firebase Admin SDK initialized for project: video-downloader-fd8ef
2026-06-17 13:19:53 [info]: ✅ yt-dlp found: v2026.06.09
2026-06-17 13:19:53 [info]: ✅ FFmpeg found: ffmpeg version 6.1.1-essentials_build-www.gyan.dev Copyright (c) 2000-2023 the FFmpeg developers
2026-06-17 13:19:53 [info]: 
🚀 Video Downloader API running at http://localhost:3000
2026-06-17 13:19:53 [info]:    Environment: development
2026-06-17 13:19:53 [info]:    Open http://localhost:3000 in your browser

2026-06-17 13:20:00 [info]: Firebase Admin SDK initialized for project: video-downloader-fd8ef
2026-06-17 13:20:01 [info]: ✅ yt-dlp found: v2026.06.09
2026-06-17 13:20:01 [info]: ✅ FFmpeg found: ffmpeg version 6.1.1-essentials_build-www.gyan.dev Copyright (c) 2000-2023 the FFmpeg developers
2026-06-17 13:20:01 [info]: 
🚀 Video Downloader API running at http://localhost:3000
2026-06-17 13:20:01 [info]:    Environment: development
2026-06-17 13:20:01 [info]:    Open http://localhost:3000 in your browser

2026-06-17 13:20:21 [debug]: GET /favicon.ico 304 19ms — ::1
2026-06-17 13:20:24 [debug]: GET / 200 12ms — ::1
2026-06-17 13:20:24 [debug]: GET /css/styles.css 200 4ms — ::1
2026-06-17 13:20:24 [debug]: GET /js/api.js 200 14ms — ::1
2026-06-17 13:20:24 [debug]: GET /js/auth.js 200 15ms — ::1
2026-06-17 13:20:24 [debug]: GET /js/ui.js 200 15ms — ::1
2026-06-17 13:20:24 [debug]: GET /js/app.js 200 16ms — ::1
2026-06-17 13:20:25 [debug]: GET /favicon.ico 200 9ms — ::1
2026-06-17 13:20:28 [debug]: GET / 200 4ms — ::1
2026-06-17 13:20:28 [debug]: GET /css/styles.css 200 3ms — ::1
2026-06-17 13:20:28 [debug]: GET /js/api.js 200 7ms — ::1
2026-06-17 13:20:28 [debug]: GET /js/ui.js 200 5ms — ::1
2026-06-17 13:20:28 [debug]: GET /js/auth.js 200 8ms — ::1
2026-06-17 13:20:28 [debug]: GET /js/app.js 200 8ms — ::1
2026-06-17 13:20:28 [debug]: GET / 200 3ms — ::1
2026-06-17 13:20:28 [debug]: GET /css/styles.css 200 2ms — ::1
2026-06-17 13:20:28 [debug]: GET /js/api.js 200 5ms — ::1
2026-06-17 13:20:28 [debug]: GET /js/auth.js 200 5ms — ::1
2026-06-17 13:20:28 [debug]: GET /js/ui.js 200 6ms — ::1
2026-06-17 13:20:28 [debug]: GET /js/app.js 200 9ms — ::1
2026-06-17 13:20:29 [debug]: GET / 200 3ms — ::1
2026-06-17 13:20:29 [debug]: GET /css/styles.css 200 3ms — ::1
2026-06-17 13:20:29 [debug]: GET /js/api.js 200 4ms — ::1
2026-06-17 13:20:29 [debug]: GET /js/auth.js 200 4ms — ::1
2026-06-17 13:20:29 [debug]: GET /js/ui.js 200 4ms — ::1
2026-06-17 13:20:29 [debug]: GET /js/app.js 200 5ms — ::1
2026-06-17 13:20:29 [debug]: GET / 200 3ms — ::1
2026-06-17 13:20:29 [debug]: GET /css/styles.css 200 8ms — ::1
2026-06-17 13:20:29 [debug]: GET /js/api.js 200 7ms — ::1
2026-06-17 13:20:29 [debug]: GET /js/auth.js 200 8ms — ::1
2026-06-17 13:20:29 [debug]: GET /js/ui.js 200 9ms — ::1
2026-06-17 13:20:29 [debug]: GET /js/app.js 200 8ms — ::1
2026-06-17 13:20:29 [debug]: GET / 200 2ms — ::1
2026-06-17 13:20:29 [debug]: GET /css/styles.css 200 7ms — ::1
2026-06-17 13:20:29 [debug]: GET /js/api.js 200 7ms — ::1
2026-06-17 13:20:29 [debug]: GET /js/auth.js 200 7ms — ::1
2026-06-17 13:20:29 [debug]: GET /js/ui.js 200 8ms — ::1
2026-06-17 13:20:29 [debug]: GET /js/app.js 200 9ms — ::1
2026-06-17 13:20:29 [debug]: GET / 200 2ms — ::1
2026-06-17 13:20:29 [debug]: GET /css/styles.css 200 6ms — ::1
2026-06-17 13:20:29 [debug]: GET /js/api.js 200 7ms — ::1
2026-06-17 13:20:29 [debug]: GET /js/auth.js 200 9ms — ::1
2026-06-17 13:20:29 [debug]: GET /js/ui.js 200 8ms — ::1
2026-06-17 13:20:29 [debug]: GET /js/app.js 200 9ms — ::1
2026-06-17 13:20:30 [debug]: GET /favicon.ico 200 5ms — ::1
2026-06-17 13:20:44 [debug]: GET /favicon.ico 304 2ms — ::1
2026-06-17 13:21:15 [info]: Firebase Admin SDK initialized for project: video-downloader-fd8ef
2026-06-17 13:21:16 [info]: ✅ yt-dlp found: v2026.06.09
2026-06-17 13:21:16 [info]: ✅ FFmpeg found: ffmpeg version 6.1.1-essentials_build-www.gyan.dev Copyright (c) 2000-2023 the FFmpeg developers
2026-06-17 13:21:17 [info]: 
🚀 Video Downloader API running at http://localhost:3000
2026-06-17 13:21:17 [info]:    Environment: development
2026-06-17 13:21:17 [info]:    Open http://localhost:3000 in your browser

2026-06-17 13:21:17 [debug]: GET /favicon.ico 304 24ms — ::ffff:127.0.0.1
2026-06-17 13:21:18 [debug]: GET / 200 7ms — ::ffff:127.0.0.1
2026-06-17 13:21:18 [debug]: GET /css/styles.css 200 9ms — ::ffff:127.0.0.1
2026-06-17 13:21:18 [debug]: GET /js/api.js 200 9ms — ::ffff:127.0.0.1
2026-06-17 13:21:18 [debug]: GET /js/auth.js 200 14ms — ::1
2026-06-17 13:21:18 [debug]: GET /js/ui.js 200 11ms — ::1
2026-06-17 13:21:18 [debug]: GET /js/app.js 200 11ms — ::1
2026-06-17 13:21:18 [debug]: GET / 200 5ms — ::1
2026-06-17 13:21:18 [debug]: GET /css/styles.css 200 14ms — ::1
2026-06-17 13:21:18 [debug]: GET /js/api.js 200 15ms — ::1
2026-06-17 13:21:18 [debug]: GET /js/auth.js 200 16ms — ::1
2026-06-17 13:21:18 [debug]: GET /js/ui.js 200 15ms — ::ffff:127.0.0.1
2026-06-17 13:21:18 [debug]: GET /js/app.js 200 16ms — ::ffff:127.0.0.1
2026-06-17 13:21:18 [debug]: GET / 304 3ms — ::ffff:127.0.0.1
2026-06-17 13:21:19 [debug]: GET / 304 2ms — ::ffff:127.0.0.1
2026-06-17 13:21:19 [debug]: GET / 200 4ms — ::ffff:127.0.0.1
2026-06-17 13:21:20 [debug]: GET /css/styles.css 200 9ms — ::ffff:127.0.0.1
2026-06-17 13:21:20 [debug]: GET /js/api.js 200 12ms — ::ffff:127.0.0.1
2026-06-17 13:21:20 [debug]: GET /js/auth.js 200 13ms — ::1
2026-06-17 13:21:20 [debug]: GET /js/ui.js 200 14ms — ::1
2026-06-17 13:21:20 [debug]: GET /js/app.js 200 15ms — ::1
2026-06-17 13:21:20 [debug]: GET / 200 4ms — ::1
2026-06-17 13:21:20 [debug]: GET /css/styles.css 200 11ms — ::1
2026-06-17 13:21:20 [debug]: GET /js/api.js 200 10ms — ::1
2026-06-17 13:21:20 [debug]: GET /js/auth.js 200 13ms — ::1
2026-06-17 13:21:20 [debug]: GET /js/ui.js 200 13ms — ::ffff:127.0.0.1
2026-06-17 13:21:20 [debug]: GET /js/app.js 200 15ms — ::ffff:127.0.0.1
2026-06-17 13:21:20 [debug]: GET / 200 4ms — ::ffff:127.0.0.1
2026-06-17 13:21:20 [debug]: GET /css/styles.css 200 10ms — ::ffff:127.0.0.1
2026-06-17 13:21:20 [debug]: GET /js/api.js 200 10ms — ::ffff:127.0.0.1
2026-06-17 13:21:20 [debug]: GET /js/auth.js 200 12ms — ::1
2026-06-17 13:21:20 [debug]: GET /js/ui.js 200 12ms — ::1
2026-06-17 13:21:20 [debug]: GET /js/app.js 200 14ms — ::1
2026-06-17 13:21:20 [debug]: GET / 200 3ms — ::1
2026-06-17 13:21:20 [debug]: GET /css/styles.css 200 10ms — ::1
2026-06-17 13:21:20 [debug]: GET /js/api.js 200 11ms — ::1
2026-06-17 13:21:20 [debug]: GET /js/auth.js 200 11ms — ::1
2026-06-17 13:21:20 [debug]: GET /js/ui.js 200 11ms — ::ffff:127.0.0.1
2026-06-17 13:21:20 [debug]: GET /js/app.js 200 15ms — ::ffff:127.0.0.1
2026-06-17 13:21:20 [debug]: GET / 200 4ms — ::ffff:127.0.0.1
2026-06-17 13:21:20 [debug]: GET /css/styles.css 200 4ms — ::ffff:127.0.0.1
2026-06-17 13:21:20 [debug]: GET /js/api.js 200 5ms — ::ffff:127.0.0.1
2026-06-17 13:21:20 [debug]: GET /js/auth.js 200 6ms — ::1
2026-06-17 13:21:20 [debug]: GET /js/ui.js 200 7ms — ::1
2026-06-17 13:21:20 [debug]: GET /js/app.js 200 9ms — ::1
2026-06-17 13:21:21 [debug]: GET / 200 4ms — ::1
2026-06-17 13:21:21 [debug]: GET / 200 8ms — ::1
2026-06-17 13:21:21 [debug]: GET /js/api.js 200 7ms — ::1
2026-06-17 13:21:21 [debug]: GET /css/styles.css 200 11ms — ::1
2026-06-17 13:21:21 [debug]: GET /js/auth.js 200 9ms — ::ffff:127.0.0.1
2026-06-17 13:21:21 [debug]: GET /js/ui.js 200 5ms — ::ffff:127.0.0.1
2026-06-17 13:21:21 [debug]: GET /js/app.js 200 5ms — ::1
2026-06-17 13:21:22 [debug]: GET /css/styles.css 200 10ms — ::ffff:127.0.0.1
2026-06-17 13:21:22 [debug]: GET /js/api.js 200 10ms — ::1
2026-06-17 13:21:22 [debug]: GET /js/auth.js 200 10ms — ::1
2026-06-17 13:21:22 [debug]: GET /js/ui.js 200 11ms — ::1
2026-06-17 13:21:22 [debug]: GET /js/app.js 200 11ms — ::1
2026-06-17 13:21:22 [debug]: GET / 200 3ms — ::1
2026-06-17 13:21:22 [debug]: GET /css/styles.css 200 9ms — ::1
2026-06-17 13:21:22 [debug]: GET /js/api.js 200 10ms — ::1
2026-06-17 13:21:22 [debug]: GET /js/auth.js 200 11ms — ::1
2026-06-17 13:21:22 [debug]: GET /js/ui.js 200 11ms — ::1
2026-06-17 13:21:22 [debug]: GET /js/app.js 200 10ms — ::ffff:127.0.0.1
2026-06-17 13:21:22 [debug]: GET / 200 3ms — ::ffff:127.0.0.1
2026-06-17 13:21:22 [debug]: GET /css/styles.css 200 6ms — ::ffff:127.0.0.1
2026-06-17 13:21:22 [debug]: GET /js/api.js 200 6ms — ::1
2026-06-17 13:21:22 [debug]: GET /js/auth.js 200 6ms — ::1
2026-06-17 13:21:22 [debug]: GET /js/ui.js 200 5ms — ::1
2026-06-17 13:21:22 [debug]: GET /js/app.js 200 7ms — ::1
2026-06-17 13:21:23 [debug]: GET /favicon.ico 200 6ms — ::1
2026-06-17 13:22:14 [debug]: GET /favicon.ico 304 4ms — ::1
2026-06-17 13:23:29 [debug]: GET /favicon.ico 304 3ms — ::1
2026-06-17 20:21:57 [debug]: GET / 304 2ms — ::1
2026-06-17 20:21:57 [debug]: GET /favicon.ico 304 2ms — ::1
2026-06-17 20:21:57 [debug]: GET / 304 1ms — ::1
2026-06-17 20:21:57 [debug]: GET /favicon.ico 304 3ms — ::1
2026-06-18 17:52:37 [info]: Firebase Admin SDK initialized for project: video-downloader-fd8ef
2026-06-18 17:52:39 [info]: ✅ yt-dlp found: v2026.06.09
2026-06-18 17:52:39 [info]: ✅ FFmpeg found: ffmpeg version 6.1.1-essentials_build-www.gyan.dev Copyright (c) 2000-2023 the FFmpeg developers
2026-06-18 17:52:39 [info]: 
🚀 Video Downloader API running at http://localhost:3000
2026-06-18 17:52:39 [info]:    Environment: development
2026-06-18 17:52:39 [info]:    Open http://localhost:3000 in your browser

2026-06-18 17:53:01 [debug]: GET / 200 46ms — ::1
2026-06-18 17:53:01 [debug]: GET /css/styles.css 304 12ms — ::1
2026-06-18 17:53:01 [debug]: GET /js/auth.js 304 9ms — ::1
2026-06-18 17:53:01 [debug]: GET /js/api.js 304 12ms — ::1
2026-06-18 17:53:01 [debug]: GET /js/app.js 304 5ms — ::1
2026-06-18 17:53:01 [debug]: GET /js/ui.js 304 6ms — ::1
2026-06-18 17:53:02 [debug]: GET /favicon.ico 304 4ms — ::1
2026-06-18 17:55:55 [debug]: GET /favicon.ico 304 4ms — ::1
2026-06-18 17:56:48 [debug]: GET / 200 4ms — ::1
2026-06-18 17:56:49 [debug]: GET /favicon.ico 304 4ms — ::1
2026-06-18 18:02:57 [info]: Firebase Admin SDK initialized for project: video-downloader-fd8ef
2026-06-18 18:02:58 [info]: ✅ yt-dlp found: v2026.06.09
2026-06-18 18:02:58 [info]: ✅ FFmpeg found: ffmpeg version 6.1.1-essentials_build-www.gyan.dev Copyright (c) 2000-2023 the FFmpeg developers
2026-06-18 18:02:58 [info]: 
🚀 Video Downloader API running at http://localhost:3000
2026-06-18 18:02:58 [info]:    Environment: development
2026-06-18 18:02:58 [info]:    Open http://localhost:3000 in your browser

2026-06-18 18:03:11 [info]: Firebase Admin SDK initialized for project: video-downloader-fd8ef
2026-06-18 18:03:12 [info]: ✅ yt-dlp found: v2026.06.09
2026-06-18 18:03:12 [info]: ✅ FFmpeg found: ffmpeg version 6.1.1-essentials_build-www.gyan.dev Copyright (c) 2000-2023 the FFmpeg developers
2026-06-18 18:03:12 [info]: 
🚀 Video Downloader API running at http://localhost:3000
2026-06-18 18:03:12 [info]:    Environment: development
2026-06-18 18:03:12 [info]:    Open http://localhost:3000 in your browser

2026-06-18 18:04:05 [debug]: HEAD /api/config 200 5ms — ::1
2026-06-18 18:04:05 [debug]: GET /api/config 200 1ms — ::1
2026-06-18 18:05:46 [debug]: GET / 200 8ms — ::1
2026-06-18 18:05:46 [debug]: GET /js/api.js 200 10ms — ::1
2026-06-18 18:05:46 [debug]: GET /js/app.js 200 10ms — ::1
2026-06-18 18:05:46 [debug]: GET /js/auth.js 200 10ms — ::1
2026-06-18 18:05:46 [debug]: GET /js/ui.js 200 13ms — ::1
2026-06-18 18:05:46 [debug]: GET /css/styles.css 200 30ms — ::1
2026-06-18 18:05:47 [debug]: GET /api/config 200 1ms — ::1
2026-06-18 18:05:48 [debug]: GET /favicon.ico 200 10ms — ::1
2026-06-18 18:06:26 [debug]: GET /api/config 304 6ms — ::1
2026-06-18 18:06:26 [debug]: GET /favicon.ico 304 3ms — ::1
2026-06-18 18:12:24 [info]: Firebase Admin SDK initialized for project: video-downloader-fd8ef
2026-06-18 18:12:25 [info]: ✅ yt-dlp found: v2026.06.09
2026-06-18 18:12:25 [info]: ✅ FFmpeg found: ffmpeg version 6.1.1-essentials_build-www.gyan.dev Copyright (c) 2000-2023 the FFmpeg developers
2026-06-18 18:12:25 [info]: 
🚀 Video Downloader API running at http://localhost:3000
2026-06-18 18:12:25 [info]:    Environment: development
2026-06-18 18:12:25 [info]:    Open http://localhost:3000 in your browser

2026-06-18 18:12:34 [info]: Firebase Admin SDK initialized for project: video-downloader-fd8ef
2026-06-18 18:12:35 [info]: ✅ yt-dlp found: v2026.06.09
2026-06-18 18:12:35 [info]: ✅ FFmpeg found: ffmpeg version 6.1.1-essentials_build-www.gyan.dev Copyright (c) 2000-2023 the FFmpeg developers
2026-06-18 18:12:35 [info]: 
🚀 Video Downloader API running at http://localhost:3000
2026-06-18 18:12:35 [info]:    Environment: development
2026-06-18 18:12:35 [info]:    Open http://localhost:3000 in your browser

2026-06-18 18:12:49 [info]: Firebase Admin SDK initialized for project: video-downloader-fd8ef
2026-06-18 18:12:50 [info]: ✅ yt-dlp found: v2026.06.09
2026-06-18 18:12:50 [info]: ✅ FFmpeg found: ffmpeg version 6.1.1-essentials_build-www.gyan.dev Copyright (c) 2000-2023 the FFmpeg developers
2026-06-18 18:12:50 [info]: 
🚀 Video Downloader API running at http://localhost:3000
2026-06-18 18:12:50 [info]:    Environment: development
2026-06-18 18:12:50 [info]:    Open http://localhost:3000 in your browser

2026-06-18 18:13:43 [info]: Firebase Admin SDK initialized for project: video-downloader-fd8ef
2026-06-18 18:13:44 [info]: ✅ yt-dlp found: v2026.06.09
2026-06-18 18:13:44 [info]: ✅ FFmpeg found: ffmpeg version 6.1.1-essentials_build-www.gyan.dev Copyright (c) 2000-2023 the FFmpeg developers
2026-06-18 18:13:44 [info]: 
🚀 Video Downloader API running at http://localhost:3000
2026-06-18 18:13:44 [info]:    Environment: development
2026-06-18 18:13:44 [info]:    Open http://localhost:3000 in your browser

2026-06-18 18:13:52 [info]: Firebase Admin SDK initialized for project: video-downloader-fd8ef
2026-06-18 18:13:53 [info]: ✅ yt-dlp found: v2026.06.09
2026-06-18 18:13:53 [info]: ✅ FFmpeg found: ffmpeg version 6.1.1-essentials_build-www.gyan.dev Copyright (c) 2000-2023 the FFmpeg developers
2026-06-18 18:13:53 [info]: 
🚀 Video Downloader API running at http://localhost:3000
2026-06-18 18:13:53 [info]:    Environment: development
2026-06-18 18:13:53 [info]:    Open http://localhost:3000 in your browser

2026-06-18 18:14:04 [info]: Firebase Admin SDK initialized for project: video-downloader-fd8ef
2026-06-18 18:14:05 [info]: ✅ yt-dlp found: v2026.06.09
2026-06-18 18:14:05 [info]: ✅ FFmpeg found: ffmpeg version 6.1.1-essentials_build-www.gyan.dev Copyright (c) 2000-2023 the FFmpeg developers
2026-06-18 18:14:05 [info]: 
🚀 Video Downloader API running at http://localhost:3000
2026-06-18 18:14:05 [info]:    Environment: development
2026-06-18 18:14:05 [info]:    Open http://localhost:3000 in your browser

2026-06-18 18:14:47 [debug]: GET / 200 14ms — ::1
2026-06-18 18:14:47 [debug]: GET /js/api.js 200 11ms — ::1
2026-06-18 18:14:47 [debug]: GET /css/styles.css 200 19ms — ::1
2026-06-18 18:14:47 [debug]: GET /js/auth.js 200 13ms — ::1
2026-06-18 18:14:47 [debug]: GET /js/ui.js 200 14ms — ::1
2026-06-18 18:14:47 [debug]: GET /js/app.js 200 16ms — ::1
2026-06-18 18:14:48 [debug]: GET /api/config 200 6ms — ::1
2026-06-18 18:14:49 [debug]: GET /favicon.ico 200 5ms — ::1
2026-06-18 18:15:15 [error]: Error: 7 PERMISSION_DENIED: Cloud Firestore API has not been used in project video-downloader-fd8ef before or it is disabled. Enable it by visiting https://console.developers.google.com/apis/api/firestore.googleapis.com/overview?project=video-downloader-fd8ef then retry. If you enabled this API recently, wait a few minutes for the action to propagate to our systems and retry.
    at callErrorFromStatus (D:\video downloader\node_modules\@grpc\grpc-js\build\src\call.js:32:19)
    at Object.onReceiveStatus (D:\video downloader\node_modules\@grpc\grpc-js\build\src\client.js:193:76)
    at Object.onReceiveStatus (D:\video downloader\node_modules\@grpc\grpc-js\build\src\client-interceptors.js:367:141)
    at Object.onReceiveStatus (D:\video downloader\node_modules\@grpc\grpc-js\build\src\client-interceptors.js:327:181)
    at D:\video downloader\node_modules\@grpc\grpc-js\build\src\resolving-call.js:135:78
    at process.processTicksAndRejections (node:internal/process/task_queues:85:11)
for call at
    at ServiceClientImpl.makeUnaryRequest (D:\video downloader\node_modules\@grpc\grpc-js\build\src\client.js:161:32)
    at ServiceClientImpl.<anonymous> (D:\video downloader\node_modules\@grpc\grpc-js\build\src\make-client.js:105:19)
    at D:\video downloader\node_modules\@google-cloud\firestore\build\src\v1\firestore_client.js:257:29
    at D:\video downloader\node_modules\google-gax\build\src\normalCalls\timeout.js:44:16
    at repeat (D:\video downloader\node_modules\google-gax\build\src\normalCalls\retries.js:114:25)
    at D:\video downloader\node_modules\google-gax\build\src\normalCalls\retries.js:156:13
    at OngoingCallPromise.call (D:\video downloader\node_modules\google-gax\build\src\call.js:70:27)
    at NormalApiCaller.call (D:\video downloader\node_modules\google-gax\build\src\normalCalls\normalApiCaller.js:34:19)
    at D:\video downloader\node_modules\google-gax\build\src\createApiCall.js:110:30
    at process.processTicksAndRejections (node:internal/process/task_queues:104:5)
Caused by: Error
    at _firestore._traceUtil.startActiveSpan (D:\video downloader\node_modules\@google-cloud\firestore\build\src\write-batch.js:442:27)
    at D:\video downloader\node_modules\@google-cloud\firestore\build\src\telemetry\enabled-trace-util.js:125:30
    at NoopContextManager.with (D:\video downloader\node_modules\@opentelemetry\api\build\src\context\NoopContextManager.js:14:19)
    at ContextAPI.with (D:\video downloader\node_modules\@opentelemetry\api\build\src\api\context.js:51:46)
    at NoopTracer.startActiveSpan (D:\video downloader\node_modules\@opentelemetry\api\build\src\trace\NoopTracer.js:54:31)
    at ProxyTracer.startActiveSpan (D:\video downloader\node_modules\@opentelemetry\api\build\src\trace\ProxyTracer.js:27:24)
    at EnabledTraceUtil.startActiveSpan (D:\video downloader\node_modules\@google-cloud\firestore\build\src\telemetry\enabled-trace-util.js:117:28)
    at WriteBatch.commit (D:\video downloader\node_modules\@google-cloud\firestore\build\src\write-batch.js:440:43)
    at D:\video downloader\node_modules\@google-cloud\firestore\build\src\reference\document-reference.js:353:31
    at D:\video downloader\node_modules\@google-cloud\firestore\build\src\telemetry\enabled-trace-util.js:125:30
2026-06-18 18:15:15 [error]: Error: 7 PERMISSION_DENIED: Cloud Firestore API has not been used in project video-downloader-fd8ef before or it is disabled. Enable it by visiting https://console.developers.google.com/apis/api/firestore.googleapis.com/overview?project=video-downloader-fd8ef then retry. If you enabled this API recently, wait a few minutes for the action to propagate to our systems and retry.
    at callErrorFromStatus (D:\video downloader\node_modules\@grpc\grpc-js\build\src\call.js:32:19)
    at Object.onReceiveStatus (D:\video downloader\node_modules\@grpc\grpc-js\build\src\client.js:359:73)
    at Object.onReceiveStatus (D:\video downloader\node_modules\@grpc\grpc-js\build\src\client-interceptors.js:327:181)
    at D:\video downloader\node_modules\@grpc\grpc-js\build\src\resolving-call.js:135:78
    at process.processTicksAndRejections (node:internal/process/task_queues:85:11)
for call at
    at ServiceClientImpl.makeServerStreamRequest (D:\video downloader\node_modules\@grpc\grpc-js\build\src\client.js:342:32)
    at ServiceClientImpl.<anonymous> (D:\video downloader\node_modules\@grpc\grpc-js\build\src\make-client.js:105:19)
    at D:\video downloader\node_modules\@google-cloud\firestore\build\src\v1\firestore_client.js:257:29
    at D:\video downloader\node_modules\google-gax\build\src\streamingCalls\streamingApiCaller.js:39:28
    at D:\video downloader\node_modules\google-gax\build\src\normalCalls\timeout.js:44:16
    at Object.request (D:\video downloader\node_modules\google-gax\build\src\streamingCalls\streaming.js:248:40)
    at makeRequest (D:\video downloader\node_modules\google-gax\node_modules\retry-request\index.js:159:28)
    at retryRequest (D:\video downloader\node_modules\google-gax\node_modules\retry-request\index.js:119:5)
    at StreamProxy.setStream (D:\video downloader\node_modules\google-gax\build\src\streamingCalls\streaming.js:239:37)
    at StreamingApiCaller.call (D:\video downloader\node_modules\google-gax\build\src\streamingCalls\streamingApiCaller.js:55:16)
Caused by: Error
    at D:\video downloader\node_modules\@google-cloud\firestore\build\src\index.js:1097:27
    at D:\video downloader\node_modules\@google-cloud\firestore\build\src\telemetry\enabled-trace-util.js:125:30
    at NoopContextManager.with (D:\video downloader\node_modules\@opentelemetry\api\build\src\context\NoopContextManager.js:14:19)
    at ContextAPI.with (D:\video downloader\node_modules\@opentelemetry\api\build\src\api\context.js:51:46)
    at NoopTracer.startActiveSpan (D:\video downloader\node_modules\@opentelemetry\api\build\src\trace\NoopTracer.js:54:31)
    at ProxyTracer.startActiveSpan (D:\video downloader\node_modules\@opentelemetry\api\build\src\trace\ProxyTracer.js:27:24)
    at EnabledTraceUtil.startActiveSpan (D:\video downloader\node_modules\@google-cloud\firestore\build\src\telemetry\enabled-trace-util.js:117:28)
    at Firestore.getAll (D:\video downloader\node_modules\@google-cloud\firestore\build\src\index.js:1088:32)
    at D:\video downloader\node_modules\@google-cloud\firestore\build\src\reference\document-reference.js:185:36
    at D:\video downloader\node_modules\@google-cloud\firestore\build\src\telemetry\enabled-trace-util.js:125:30
2026-06-18 18:15:15 [debug]: [Auth] Token verified: uid=mock-uid-premium-123 tier=premium
2026-06-18 18:15:15 [debug]: POST /verify 200 1183ms — ::1
2026-06-18 18:15:51 [debug]: GET / 200 5ms — ::1
2026-06-18 18:15:51 [debug]: GET /css/styles.css 200 5ms — ::1
2026-06-18 18:15:51 [debug]: GET /js/api.js 200 4ms — ::1
2026-06-18 18:15:51 [debug]: GET /js/auth.js 200 6ms — ::1
2026-06-18 18:15:51 [debug]: GET /js/ui.js 200 4ms — ::1
2026-06-18 18:15:51 [debug]: GET /js/app.js 200 5ms — ::1
2026-06-18 18:15:52 [debug]: GET /api/config 200 1ms — ::1
2026-06-18 18:15:53 [debug]: GET /favicon.ico 200 6ms — ::1
2026-06-18 18:15:54 [error]: Error: 7 PERMISSION_DENIED: Cloud Firestore API has not been used in project video-downloader-fd8ef before or it is disabled. Enable it by visiting https://console.developers.google.com/apis/api/firestore.googleapis.com/overview?project=video-downloader-fd8ef then retry. If you enabled this API recently, wait a few minutes for the action to propagate to our systems and retry.
    at callErrorFromStatus (D:\video downloader\node_modules\@grpc\grpc-js\build\src\call.js:32:19)
    at Object.onReceiveStatus (D:\video downloader\node_modules\@grpc\grpc-js\build\src\client.js:193:76)
    at Object.onReceiveStatus (D:\video downloader\node_modules\@grpc\grpc-js\build\src\client-interceptors.js:367:141)
    at Object.onReceiveStatus (D:\video downloader\node_modules\@grpc\grpc-js\build\src\client-interceptors.js:327:181)
    at D:\video downloader\node_modules\@grpc\grpc-js\build\src\resolving-call.js:135:78
    at process.processTicksAndRejections (node:internal/process/task_queues:85:11)
for call at
    at ServiceClientImpl.makeUnaryRequest (D:\video downloader\node_modules\@grpc\grpc-js\build\src\client.js:161:32)
    at ServiceClientImpl.<anonymous> (D:\video downloader\node_modules\@grpc\grpc-js\build\src\make-client.js:105:19)
    at D:\video downloader\node_modules\@google-cloud\firestore\build\src\v1\firestore_client.js:257:29
    at D:\video downloader\node_modules\google-gax\build\src\normalCalls\timeout.js:44:16
    at repeat (D:\video downloader\node_modules\google-gax\build\src\normalCalls\retries.js:114:25)
    at D:\video downloader\node_modules\google-gax\build\src\normalCalls\retries.js:156:13
    at OngoingCallPromise.call (D:\video downloader\node_modules\google-gax\build\src\call.js:70:27)
    at NormalApiCaller.call (D:\video downloader\node_modules\google-gax\build\src\normalCalls\normalApiCaller.js:34:19)
    at D:\video downloader\node_modules\google-gax\build\src\createApiCall.js:110:30
    at process.processTicksAndRejections (node:internal/process/task_queues:104:5)
Caused by: Error
    at _firestore._traceUtil.startActiveSpan (D:\video downloader\node_modules\@google-cloud\firestore\build\src\write-batch.js:442:27)
    at D:\video downloader\node_modules\@google-cloud\firestore\build\src\telemetry\enabled-trace-util.js:125:30
    at NoopContextManager.with (D:\video downloader\node_modules\@opentelemetry\api\build\src\context\NoopContextManager.js:14:19)
    at ContextAPI.with (D:\video downloader\node_modules\@opentelemetry\api\build\src\api\context.js:51:46)
    at NoopTracer.startActiveSpan (D:\video downloader\node_modules\@opentelemetry\api\build\src\trace\NoopTracer.js:54:31)
    at ProxyTracer.startActiveSpan (D:\video downloader\node_modules\@opentelemetry\api\build\src\trace\ProxyTracer.js:27:24)
    at EnabledTraceUtil.startActiveSpan (D:\video downloader\node_modules\@google-cloud\firestore\build\src\telemetry\enabled-trace-util.js:117:28)
    at WriteBatch.commit (D:\video downloader\node_modules\@google-cloud\firestore\build\src\write-batch.js:440:43)
    at D:\video downloader\node_modules\@google-cloud\firestore\build\src\reference\document-reference.js:353:31
    at D:\video downloader\node_modules\@google-cloud\firestore\build\src\telemetry\enabled-trace-util.js:125:30
2026-06-18 18:15:54 [error]: Error: 7 PERMISSION_DENIED: Cloud Firestore API has not been used in project video-downloader-fd8ef before or it is disabled. Enable it by visiting https://console.developers.google.com/apis/api/firestore.googleapis.com/overview?project=video-downloader-fd8ef then retry. If you enabled this API recently, wait a few minutes for the action to propagate to our systems and retry.
    at callErrorFromStatus (D:\video downloader\node_modules\@grpc\grpc-js\build\src\call.js:32:19)
    at Object.onReceiveStatus (D:\video downloader\node_modules\@grpc\grpc-js\build\src\client.js:359:73)
    at Object.onReceiveStatus (D:\video downloader\node_modules\@grpc\grpc-js\build\src\client-interceptors.js:327:181)
    at D:\video downloader\node_modules\@grpc\grpc-js\build\src\resolving-call.js:135:78
    at process.processTicksAndRejections (node:internal/process/task_queues:85:11)
for call at
    at ServiceClientImpl.makeServerStreamRequest (D:\video downloader\node_modules\@grpc\grpc-js\build\src\client.js:342:32)
    at ServiceClientImpl.<anonymous> (D:\video downloader\node_modules\@grpc\grpc-js\build\src\make-client.js:105:19)
    at D:\video downloader\node_modules\@google-cloud\firestore\build\src\v1\firestore_client.js:257:29
    at D:\video downloader\node_modules\google-gax\build\src\streamingCalls\streamingApiCaller.js:39:28
    at D:\video downloader\node_modules\google-gax\build\src\normalCalls\timeout.js:44:16
    at Object.request (D:\video downloader\node_modules\google-gax\build\src\streamingCalls\streaming.js:248:40)
    at makeRequest (D:\video downloader\node_modules\google-gax\node_modules\retry-request\index.js:159:28)
    at retryRequest (D:\video downloader\node_modules\google-gax\node_modules\retry-request\index.js:119:5)
    at StreamProxy.setStream (D:\video downloader\node_modules\google-gax\build\src\streamingCalls\streaming.js:239:37)
    at StreamingApiCaller.call (D:\video downloader\node_modules\google-gax\build\src\streamingCalls\streamingApiCaller.js:55:16)
Caused by: Error
    at D:\video downloader\node_modules\@google-cloud\firestore\build\src\index.js:1097:27
    at D:\video downloader\node_modules\@google-cloud\firestore\build\src\telemetry\enabled-trace-util.js:125:30
    at NoopContextManager.with (D:\video downloader\node_modules\@opentelemetry\api\build\src\context\NoopContextManager.js:14:19)
    at ContextAPI.with (D:\video downloader\node_modules\@opentelemetry\api\build\src\api\context.js:51:46)
    at NoopTracer.startActiveSpan (D:\video downloader\node_modules\@opentelemetry\api\build\src\trace\NoopTracer.js:54:31)
    at ProxyTracer.startActiveSpan (D:\video downloader\node_modules\@opentelemetry\api\build\src\trace\ProxyTracer.js:27:24)
    at EnabledTraceUtil.startActiveSpan (D:\video downloader\node_modules\@google-cloud\firestore\build\src\telemetry\enabled-trace-util.js:117:28)
    at Firestore.getAll (D:\video downloader\node_modules\@google-cloud\firestore\build\src\index.js:1088:32)
    at D:\video downloader\node_modules\@google-cloud\firestore\build\src\reference\document-reference.js:185:36
    at D:\video downloader\node_modules\@google-cloud\firestore\build\src\telemetry\enabled-trace-util.js:125:30
2026-06-18 18:15:54 [debug]: [Auth] Token verified: uid=mock-uid-free-123 tier=free
2026-06-18 18:15:54 [debug]: POST /verify 200 233ms — ::1
2026-06-18 18:17:31 [info]: Firebase Admin SDK initialized for project: video-downloader-fd8ef
2026-06-18 18:17:32 [info]: ✅ yt-dlp found: v2026.06.09
2026-06-18 18:17:32 [info]: ✅ FFmpeg found: ffmpeg version 6.1.1-essentials_build-www.gyan.dev Copyright (c) 2000-2023 the FFmpeg developers
2026-06-18 18:17:32 [info]: 
🚀 Video Downloader API running at http://localhost:3000
2026-06-18 18:17:32 [info]:    Environment: development
2026-06-18 18:17:32 [info]:    Open http://localhost:3000 in your browser

2026-06-18 18:17:42 [info]: Firebase Admin SDK initialized for project: video-downloader-fd8ef
2026-06-18 18:17:43 [info]: ✅ yt-dlp found: v2026.06.09
2026-06-18 18:17:43 [info]: ✅ FFmpeg found: ffmpeg version 6.1.1-essentials_build-www.gyan.dev Copyright (c) 2000-2023 the FFmpeg developers
2026-06-18 18:17:43 [info]: 
🚀 Video Downloader API running at http://localhost:3000
2026-06-18 18:17:43 [info]:    Environment: development
2026-06-18 18:17:43 [info]:    Open http://localhost:3000 in your browser

2026-06-18 18:18:13 [info]: Firebase Admin SDK initialized for project: video-downloader-fd8ef
2026-06-18 18:18:14 [info]: ✅ yt-dlp found: v2026.06.09
2026-06-18 18:18:14 [info]: ✅ FFmpeg found: ffmpeg version 6.1.1-essentials_build-www.gyan.dev Copyright (c) 2000-2023 the FFmpeg developers
2026-06-18 18:18:14 [info]: 
🚀 Video Downloader API running at http://localhost:3000
2026-06-18 18:18:14 [info]:    Environment: development
2026-06-18 18:18:14 [info]:    Open http://localhost:3000 in your browser

2026-06-18 18:18:31 [debug]: HEAD /api/config 200 8ms — ::1
2026-06-18 18:18:31 [debug]: GET /api/config 200 3ms — ::1
2026-06-18 18:20:46 [debug]: GET / 200 13ms — ::1
2026-06-18 18:20:46 [debug]: GET /css/styles.css 200 12ms — ::1
2026-06-18 18:20:46 [debug]: GET /js/api.js 200 11ms — ::1
2026-06-18 18:20:46 [debug]: GET /js/auth.js 200 9ms — ::1
2026-06-18 18:20:46 [debug]: GET /js/ui.js 200 10ms — ::1
2026-06-18 18:20:46 [debug]: GET /js/app.js 200 8ms — ::1
2026-06-18 18:20:46 [debug]: GET /api/config 200 1ms — ::1
2026-06-18 18:20:47 [debug]: GET /favicon.ico 200 19ms — ::1
2026-06-18 18:20:54 [error]: Error: 7 PERMISSION_DENIED: Cloud Firestore API has not been used in project video-downloader-fd8ef before or it is disabled. Enable it by visiting https://console.developers.google.com/apis/api/firestore.googleapis.com/overview?project=video-downloader-fd8ef then retry. If you enabled this API recently, wait a few minutes for the action to propagate to our systems and retry.
    at callErrorFromStatus (D:\video downloader\node_modules\@grpc\grpc-js\build\src\call.js:32:19)
    at Object.onReceiveStatus (D:\video downloader\node_modules\@grpc\grpc-js\build\src\client.js:193:76)
    at Object.onReceiveStatus (D:\video downloader\node_modules\@grpc\grpc-js\build\src\client-interceptors.js:367:141)
    at Object.onReceiveStatus (D:\video downloader\node_modules\@grpc\grpc-js\build\src\client-interceptors.js:327:181)
    at D:\video downloader\node_modules\@grpc\grpc-js\build\src\resolving-call.js:135:78
    at process.processTicksAndRejections (node:internal/process/task_queues:85:11)
for call at
    at ServiceClientImpl.makeUnaryRequest (D:\video downloader\node_modules\@grpc\grpc-js\build\src\client.js:161:32)
    at ServiceClientImpl.<anonymous> (D:\video downloader\node_modules\@grpc\grpc-js\build\src\make-client.js:105:19)
    at D:\video downloader\node_modules\@google-cloud\firestore\build\src\v1\firestore_client.js:257:29
    at D:\video downloader\node_modules\google-gax\build\src\normalCalls\timeout.js:44:16
    at repeat (D:\video downloader\node_modules\google-gax\build\src\normalCalls\retries.js:114:25)
    at D:\video downloader\node_modules\google-gax\build\src\normalCalls\retries.js:156:13
    at OngoingCallPromise.call (D:\video downloader\node_modules\google-gax\build\src\call.js:70:27)
    at NormalApiCaller.call (D:\video downloader\node_modules\google-gax\build\src\normalCalls\normalApiCaller.js:34:19)
    at D:\video downloader\node_modules\google-gax\build\src\createApiCall.js:110:30
    at process.processTicksAndRejections (node:internal/process/task_queues:104:5)
Caused by: Error
    at _firestore._traceUtil.startActiveSpan (D:\video downloader\node_modules\@google-cloud\firestore\build\src\write-batch.js:442:27)
    at D:\video downloader\node_modules\@google-cloud\firestore\build\src\telemetry\enabled-trace-util.js:125:30
    at NoopContextManager.with (D:\video downloader\node_modules\@opentelemetry\api\build\src\context\NoopContextManager.js:14:19)
    at ContextAPI.with (D:\video downloader\node_modules\@opentelemetry\api\build\src\api\context.js:51:46)
    at NoopTracer.startActiveSpan (D:\video downloader\node_modules\@opentelemetry\api\build\src\trace\NoopTracer.js:54:31)
    at ProxyTracer.startActiveSpan (D:\video downloader\node_modules\@opentelemetry\api\build\src\trace\ProxyTracer.js:27:24)
    at EnabledTraceUtil.startActiveSpan (D:\video downloader\node_modules\@google-cloud\firestore\build\src\telemetry\enabled-trace-util.js:117:28)
    at WriteBatch.commit (D:\video downloader\node_modules\@google-cloud\firestore\build\src\write-batch.js:440:43)
    at D:\video downloader\node_modules\@google-cloud\firestore\build\src\reference\document-reference.js:353:31
    at D:\video downloader\node_modules\@google-cloud\firestore\build\src\telemetry\enabled-trace-util.js:125:30
2026-06-18 18:20:54 [debug]: [Auth] Token verified: uid=mock-uid-premium-123 tier=premium
2026-06-18 18:20:54 [debug]: POST /verify 200 1078ms — ::1
2026-06-18 18:21:06 [debug]: GET /favicon.ico 304 5ms — ::1
2026-06-18 18:21:42 [debug]: Auth: uid=mock-uid-premium-123 tier=premium
2026-06-18 18:21:42 [info]: [yt-dlp] Extracting info: https://youtu.be/tLeBDumanoc?si=MWwGk5r7JgXoy2j5
2026-06-18 18:21:42 [info]: [yt-dlp] Injecting firefox cookies for extraction
2026-06-18 18:21:47 [info]: [yt-dlp] Extracted "SPIDER-MAN: BRAND NEW DAY – New Trailer" — 27 formats found.
2026-06-18 18:21:47 [debug]: POST / 200 5310ms — ::1
2026-06-18 18:21:51 [info]: [Download] Injecting firefox cookies
2026-06-18 18:21:51 [info]: [Download] Job 5cc04c083a186a9f48151a52a3fc: "SPIDER-MAN_ BRAND NEW DAY – New Trailer.mp4" fmt=137+140
2026-06-18 18:21:51 [debug]: POST / 200 42ms — ::1
2026-06-18 18:22:01 [info]: [Download] Job 5cc04c083a186a9f48151a52a3fc complete: SPIDER-MAN_ BRAND NEW DAY – New Trailer.mp4 (dlv_5cc04c083a186a9f48151a52a3fc.mp4)
2026-06-18 18:22:01 [debug]: GET /progress/5cc04c083a186a9f48151a52a3fc 200 10073ms — ::1
2026-06-18 18:22:01 [info]: [Download] Serving: SPIDER-MAN_ BRAND NEW DAY – New Trailer.mp4 (43.3 MB)
2026-06-18 18:22:02 [info]: [Download] Served: SPIDER-MAN_ BRAND NEW DAY – New Trailer.mp4
2026-06-18 18:22:02 [debug]: GET /file/5cc04c083a186a9f48151a52a3fc 200 919ms — ::1
2026-06-18 18:24:58 [debug]: GET / 304 3ms — ::1
2026-06-18 18:24:58 [debug]: GET /api/config 304 4ms — ::1
2026-06-18 18:24:58 [debug]: GET /favicon.ico 304 6ms — ::1
2026-06-18 18:25:01 [error]: Error: 7 PERMISSION_DENIED: Cloud Firestore API has not been used in project video-downloader-fd8ef before or it is disabled. Enable it by visiting https://console.developers.google.com/apis/api/firestore.googleapis.com/overview?project=video-downloader-fd8ef then retry. If you enabled this API recently, wait a few minutes for the action to propagate to our systems and retry.
    at callErrorFromStatus (D:\video downloader\node_modules\@grpc\grpc-js\build\src\call.js:32:19)
    at Object.onReceiveStatus (D:\video downloader\node_modules\@grpc\grpc-js\build\src\client.js:193:76)
    at Object.onReceiveStatus (D:\video downloader\node_modules\@grpc\grpc-js\build\src\client-interceptors.js:367:141)
    at Object.onReceiveStatus (D:\video downloader\node_modules\@grpc\grpc-js\build\src\client-interceptors.js:327:181)
    at D:\video downloader\node_modules\@grpc\grpc-js\build\src\resolving-call.js:135:78
    at process.processTicksAndRejections (node:internal/process/task_queues:85:11)
for call at
    at ServiceClientImpl.makeUnaryRequest (D:\video downloader\node_modules\@grpc\grpc-js\build\src\client.js:161:32)
    at ServiceClientImpl.<anonymous> (D:\video downloader\node_modules\@grpc\grpc-js\build\src\make-client.js:105:19)
    at D:\video downloader\node_modules\@google-cloud\firestore\build\src\v1\firestore_client.js:257:29
    at D:\video downloader\node_modules\google-gax\build\src\normalCalls\timeout.js:44:16
    at repeat (D:\video downloader\node_modules\google-gax\build\src\normalCalls\retries.js:114:25)
    at D:\video downloader\node_modules\google-gax\build\src\normalCalls\retries.js:156:13
    at OngoingCallPromise.call (D:\video downloader\node_modules\google-gax\build\src\call.js:70:27)
    at NormalApiCaller.call (D:\video downloader\node_modules\google-gax\build\src\normalCalls\normalApiCaller.js:34:19)
    at D:\video downloader\node_modules\google-gax\build\src\createApiCall.js:110:30
    at process.processTicksAndRejections (node:internal/process/task_queues:104:5)
Caused by: Error
    at _firestore._traceUtil.startActiveSpan (D:\video downloader\node_modules\@google-cloud\firestore\build\src\write-batch.js:442:27)
    at D:\video downloader\node_modules\@google-cloud\firestore\build\src\telemetry\enabled-trace-util.js:125:30
    at NoopContextManager.with (D:\video downloader\node_modules\@opentelemetry\api\build\src\context\NoopContextManager.js:14:19)
    at ContextAPI.with (D:\video downloader\node_modules\@opentelemetry\api\build\src\api\context.js:51:46)
    at NoopTracer.startActiveSpan (D:\video downloader\node_modules\@opentelemetry\api\build\src\trace\NoopTracer.js:54:31)
    at ProxyTracer.startActiveSpan (D:\video downloader\node_modules\@opentelemetry\api\build\src\trace\ProxyTracer.js:27:24)
    at EnabledTraceUtil.startActiveSpan (D:\video downloader\node_modules\@google-cloud\firestore\build\src\telemetry\enabled-trace-util.js:117:28)
    at WriteBatch.commit (D:\video downloader\node_modules\@google-cloud\firestore\build\src\write-batch.js:440:43)
    at D:\video downloader\node_modules\@google-cloud\firestore\build\src\reference\document-reference.js:353:31
    at D:\video downloader\node_modules\@google-cloud\firestore\build\src\telemetry\enabled-trace-util.js:125:30
2026-06-18 18:25:01 [debug]: [Auth] Token verified: uid=mock-uid-free-123 tier=free
2026-06-18 18:25:01 [debug]: POST /verify 200 639ms — ::1
2026-06-18 18:25:06 [debug]: Auth: uid=mock-uid-free-123 tier=free
2026-06-18 18:25:06 [info]: [yt-dlp] Extracting info: https://youtu.be/tLeBDumanoc?si=MWwGk5r7JgXoy2j5
2026-06-18 18:25:06 [info]: [yt-dlp] Injecting firefox cookies for extraction
2026-06-18 18:25:11 [info]: [yt-dlp] Extracted "SPIDER-MAN: BRAND NEW DAY – New Trailer" — 27 formats found.
2026-06-18 18:25:11 [debug]: POST / 200 4940ms — ::1
2026-06-18 18:25:16 [debug]: POST /create-order 200 375ms — ::1
2026-06-18 18:29:07 [debug]: GET / 304 3ms — ::1
2026-06-18 18:29:08 [debug]: GET /api/config 304 1ms — ::1
2026-06-18 18:29:08 [debug]: GET /favicon.ico 304 4ms — ::1
2026-06-18 18:31:07 [info]: [yt-dlp] Extracting info: https://youtu.be/tLeBDumanoc?si=MWwGk5r7JgXoy2j5
2026-06-18 18:31:07 [info]: [yt-dlp] Injecting firefox cookies for extraction
2026-06-18 18:31:12 [info]: [yt-dlp] Extracted "SPIDER-MAN: BRAND NEW DAY – New Trailer" — 27 formats found.
2026-06-18 18:31:12 [debug]: Quota recorded for ::1: 1/3
2026-06-18 18:31:12 [debug]: POST / 200 4326ms — ::1
2026-06-18 18:32:34 [error]: Error: 7 PERMISSION_DENIED: Cloud Firestore API has not been used in project video-downloader-fd8ef before or it is disabled. Enable it by visiting https://console.developers.google.com/apis/api/firestore.googleapis.com/overview?project=video-downloader-fd8ef then retry. If you enabled this API recently, wait a few minutes for the action to propagate to our systems and retry.
    at callErrorFromStatus (D:\video downloader\node_modules\@grpc\grpc-js\build\src\call.js:32:19)
    at Object.onReceiveStatus (D:\video downloader\node_modules\@grpc\grpc-js\build\src\client.js:193:76)
    at Object.onReceiveStatus (D:\video downloader\node_modules\@grpc\grpc-js\build\src\client-interceptors.js:367:141)
    at Object.onReceiveStatus (D:\video downloader\node_modules\@grpc\grpc-js\build\src\client-interceptors.js:327:181)
    at D:\video downloader\node_modules\@grpc\grpc-js\build\src\resolving-call.js:135:78
    at process.processTicksAndRejections (node:internal/process/task_queues:85:11)
for call at
    at ServiceClientImpl.makeUnaryRequest (D:\video downloader\node_modules\@grpc\grpc-js\build\src\client.js:161:32)
    at ServiceClientImpl.<anonymous> (D:\video downloader\node_modules\@grpc\grpc-js\build\src\make-client.js:105:19)
    at D:\video downloader\node_modules\@google-cloud\firestore\build\src\v1\firestore_client.js:257:29
    at D:\video downloader\node_modules\google-gax\build\src\normalCalls\timeout.js:44:16
    at repeat (D:\video downloader\node_modules\google-gax\build\src\normalCalls\retries.js:114:25)
    at D:\video downloader\node_modules\google-gax\build\src\normalCalls\retries.js:156:13
    at OngoingCallPromise.call (D:\video downloader\node_modules\google-gax\build\src\call.js:70:27)
    at NormalApiCaller.call (D:\video downloader\node_modules\google-gax\build\src\normalCalls\normalApiCaller.js:34:19)
    at D:\video downloader\node_modules\google-gax\build\src\createApiCall.js:110:30
    at process.processTicksAndRejections (node:internal/process/task_queues:104:5)
Caused by: Error
    at _firestore._traceUtil.startActiveSpan (D:\video downloader\node_modules\@google-cloud\firestore\build\src\write-batch.js:442:27)
    at D:\video downloader\node_modules\@google-cloud\firestore\build\src\telemetry\enabled-trace-util.js:125:30
    at NoopContextManager.with (D:\video downloader\node_modules\@opentelemetry\api\build\src\context\NoopContextManager.js:14:19)
    at ContextAPI.with (D:\video downloader\node_modules\@opentelemetry\api\build\src\api\context.js:51:46)
    at NoopTracer.startActiveSpan (D:\video downloader\node_modules\@opentelemetry\api\build\src\trace\NoopTracer.js:54:31)
    at ProxyTracer.startActiveSpan (D:\video downloader\node_modules\@opentelemetry\api\build\src\trace\ProxyTracer.js:27:24)
    at EnabledTraceUtil.startActiveSpan (D:\video downloader\node_modules\@google-cloud\firestore\build\src\telemetry\enabled-trace-util.js:117:28)
    at WriteBatch.commit (D:\video downloader\node_modules\@google-cloud\firestore\build\src\write-batch.js:440:43)
    at D:\video downloader\node_modules\@google-cloud\firestore\build\src\reference\document-reference.js:353:31
    at D:\video downloader\node_modules\@google-cloud\firestore\build\src\telemetry\enabled-trace-util.js:125:30
2026-06-18 18:32:34 [debug]: [Auth] Token verified: uid=mock-uid-free-123 tier=free
2026-06-18 18:32:34 [debug]: POST /verify 200 380ms — ::1
2026-06-18 18:34:58 [info]: Firebase Admin SDK initialized for project: video-downloader-fd8ef
2026-06-18 18:35:00 [info]: ✅ yt-dlp found: v2026.06.09
2026-06-18 18:35:00 [info]: ✅ FFmpeg found: ffmpeg version 6.1.1-essentials_build-www.gyan.dev Copyright (c) 2000-2023 the FFmpeg developers
2026-06-18 18:35:00 [info]: 
🚀 Video Downloader API running at http://localhost:3000
2026-06-18 18:35:00 [info]:    Environment: development
2026-06-18 18:35:00 [info]:    Open http://localhost:3000 in your browser

2026-06-18 18:35:45 [debug]: Auth: uid=mock-uid-free-123 tier=free
2026-06-18 18:35:45 [warn]: URL validation failed: Unsupported platform. Supported: YouTube, Twitter/X, Instagram, TikTok, Facebook, Vimeo, Dailymotion, Reddit, Twitch, SoundCloud, Bilibili, and more. | Input: https://cf-st.sc-cdn.net/d/1p0dffWfWId2LUcaY7kcY.27.IRZXSOY?mo=GmEaCTIBBEgCUC5gAVCiAVoQU3BvdGxpZ2h0U2hhcmluZ6IBOQgbEigKJgj89KMCIAEwnAQ4wAdAAUoPCgqWATFEL1IyJCRHEPQDUOLiAmgCIgsSACoHSVJaWFNPWZAD4uIC&uc=46
2026-06-18 18:35:45 [warn]: POST / 400 28ms — ::1
2026-06-18 18:35:58 [info]: Firebase Admin SDK initialized for project: video-downloader-fd8ef
2026-06-18 18:35:59 [info]: ✅ yt-dlp found: v2026.06.09
2026-06-18 18:35:59 [info]: ✅ FFmpeg found: ffmpeg version 6.1.1-essentials_build-www.gyan.dev Copyright (c) 2000-2023 the FFmpeg developers
2026-06-18 18:35:59 [info]: 
🚀 Video Downloader API running at http://localhost:3000
2026-06-18 18:35:59 [info]:    Environment: development
2026-06-18 18:35:59 [info]:    Open http://localhost:3000 in your browser

2026-06-18 18:36:00 [error]: Error: 7 PERMISSION_DENIED: Cloud Firestore API has not been used in project video-downloader-fd8ef before or it is disabled. Enable it by visiting https://console.developers.google.com/apis/api/firestore.googleapis.com/overview?project=video-downloader-fd8ef then retry. If you enabled this API recently, wait a few minutes for the action to propagate to our systems and retry.
    at callErrorFromStatus (D:\video downloader\node_modules\@grpc\grpc-js\build\src\call.js:32:19)
    at Object.onReceiveStatus (D:\video downloader\node_modules\@grpc\grpc-js\build\src\client.js:193:76)
    at Object.onReceiveStatus (D:\video downloader\node_modules\@grpc\grpc-js\build\src\client-interceptors.js:367:141)
    at Object.onReceiveStatus (D:\video downloader\node_modules\@grpc\grpc-js\build\src\client-interceptors.js:327:181)
    at D:\video downloader\node_modules\@grpc\grpc-js\build\src\resolving-call.js:135:78
    at process.processTicksAndRejections (node:internal/process/task_queues:85:11)
for call at
    at ServiceClientImpl.makeUnaryRequest (D:\video downloader\node_modules\@grpc\grpc-js\build\src\client.js:161:32)
    at ServiceClientImpl.<anonymous> (D:\video downloader\node_modules\@grpc\grpc-js\build\src\make-client.js:105:19)
    at D:\video downloader\node_modules\@google-cloud\firestore\build\src\v1\firestore_client.js:257:29
    at D:\video downloader\node_modules\google-gax\build\src\normalCalls\timeout.js:44:16
    at repeat (D:\video downloader\node_modules\google-gax\build\src\normalCalls\retries.js:114:25)
    at D:\video downloader\node_modules\google-gax\build\src\normalCalls\retries.js:156:13
    at OngoingCallPromise.call (D:\video downloader\node_modules\google-gax\build\src\call.js:70:27)
    at NormalApiCaller.call (D:\video downloader\node_modules\google-gax\build\src\normalCalls\normalApiCaller.js:34:19)
    at D:\video downloader\node_modules\google-gax\build\src\createApiCall.js:110:30
    at process.processTicksAndRejections (node:internal/process/task_queues:104:5)
Caused by: Error
    at _firestore._traceUtil.startActiveSpan (D:\video downloader\node_modules\@google-cloud\firestore\build\src\write-batch.js:442:27)
    at D:\video downloader\node_modules\@google-cloud\firestore\build\src\telemetry\enabled-trace-util.js:125:30
    at NoopContextManager.with (D:\video downloader\node_modules\@opentelemetry\api\build\src\context\NoopContextManager.js:14:19)
    at ContextAPI.with (D:\video downloader\node_modules\@opentelemetry\api\build\src\api\context.js:51:46)
    at NoopTracer.startActiveSpan (D:\video downloader\node_modules\@opentelemetry\api\build\src\trace\NoopTracer.js:54:31)
    at ProxyTracer.startActiveSpan (D:\video downloader\node_modules\@opentelemetry\api\build\src\trace\ProxyTracer.js:27:24)
    at EnabledTraceUtil.startActiveSpan (D:\video downloader\node_modules\@google-cloud\firestore\build\src\telemetry\enabled-trace-util.js:117:28)
    at WriteBatch.commit (D:\video downloader\node_modules\@google-cloud\firestore\build\src\write-batch.js:440:43)
    at D:\video downloader\node_modules\@google-cloud\firestore\build\src\reference\document-reference.js:353:31
    at D:\video downloader\node_modules\@google-cloud\firestore\build\src\telemetry\enabled-trace-util.js:125:30
2026-06-18 18:36:00 [debug]: [Auth] Token verified: uid=mock-uid-premium-123 tier=premium
2026-06-18 18:36:00 [debug]: POST /verify 200 1293ms — ::ffff:127.0.0.1
2026-06-18 18:36:02 [debug]: Auth: uid=mock-uid-premium-123 tier=premium
2026-06-18 18:36:02 [warn]: URL validation failed: Unsupported platform. Supported: YouTube, Twitter/X, Instagram, TikTok, Facebook, Vimeo, Dailymotion, Reddit, Twitch, SoundCloud, Bilibili, and more. | Input: https://cf-st.sc-cdn.net/d/1p0dffWfWId2LUcaY7kcY.27.IRZXSOY?mo=GmEaCTIBBEgCUC5gAVCiAVoQU3BvdGxpZ2h0U2hhcmluZ6IBOQgbEigKJgj89KMCIAEwnAQ4wAdAAUoPCgqWATFEL1IyJCRHEPQDUOLiAmgCIgsSACoHSVJaWFNPWZAD4uIC&uc=46
2026-06-18 18:36:02 [warn]: POST / 400 7ms — ::ffff:127.0.0.1
2026-06-18 18:36:26 [info]: Firebase Admin SDK initialized for project: video-downloader-fd8ef
2026-06-18 18:36:28 [info]: ✅ yt-dlp found: v2026.06.09
2026-06-18 18:36:28 [info]: ✅ FFmpeg found: ffmpeg version 6.1.1-essentials_build-www.gyan.dev Copyright (c) 2000-2023 the FFmpeg developers
2026-06-18 18:36:28 [info]: 
🚀 Video Downloader API running at http://localhost:3000
2026-06-18 18:36:28 [info]:    Environment: development
2026-06-18 18:36:28 [info]:    Open http://localhost:3000 in your browser

2026-06-18 18:36:41 [info]: Firebase Admin SDK initialized for project: video-downloader-fd8ef
2026-06-18 18:36:42 [info]: ✅ yt-dlp found: v2026.06.09
2026-06-18 18:36:42 [info]: ✅ FFmpeg found: ffmpeg version 6.1.1-essentials_build-www.gyan.dev Copyright (c) 2000-2023 the FFmpeg developers
2026-06-18 18:36:42 [info]: 
🚀 Video Downloader API running at http://localhost:3000
2026-06-18 18:36:42 [info]:    Environment: development
2026-06-18 18:36:42 [info]:    Open http://localhost:3000 in your browser

2026-06-18 18:38:41 [debug]: GET /api/config 200 8ms — ::1
2026-06-18 18:38:52 [debug]: GET /api/health 200 1ms — ::1
2026-06-18 18:39:54 [debug]: GET / 200 9ms — ::1
2026-06-18 18:39:54 [debug]: GET /css/styles.css 200 10ms — ::1
2026-06-18 18:39:54 [debug]: GET /js/api.js 200 6ms — ::1
2026-06-18 18:39:54 [debug]: GET /js/ui.js 200 10ms — ::1
2026-06-18 18:39:54 [debug]: GET /js/app.js 200 7ms — ::1
2026-06-18 18:39:54 [debug]: GET /js/auth.js 200 10ms — ::1
2026-06-18 18:39:55 [debug]: GET /api/config 200 2ms — ::1
2026-06-18 18:39:56 [debug]: GET /favicon.ico 200 7ms — ::1
2026-06-18 18:40:38 [debug]: GET /api/config 304 3ms — ::1
2026-06-18 18:40:38 [debug]: GET /favicon.ico 304 3ms — ::1
2026-06-18 18:44:48 [debug]: GET / 200 4ms — ::1
2026-06-18 18:44:48 [debug]: GET /css/styles.css 200 22ms — ::1
2026-06-18 18:44:48 [debug]: GET /js/api.js 200 21ms — ::1
2026-06-18 18:44:48 [debug]: GET /js/auth.js 200 15ms — ::1
2026-06-18 18:44:48 [debug]: GET /js/ui.js 200 15ms — ::1
2026-06-18 18:44:48 [debug]: GET /js/app.js 200 18ms — ::1
2026-06-18 18:44:49 [debug]: GET /api/config 200 1ms — ::1
2026-06-18 18:44:50 [debug]: GET /favicon.ico 200 3ms — ::1
2026-06-18 18:45:27 [debug]: GET /api/config 304 1ms — ::1
2026-06-18 18:45:27 [debug]: GET /favicon.ico 304 3ms — ::1
2026-06-18 18:45:36 [warn]: URL validation failed: Unsupported platform. Supported: YouTube, Twitter/X, Instagram, TikTok, Facebook, Vimeo, Dailymotion, Reddit, Twitch, SoundCloud, Bilibili, and more. | Input: https://cf-st.sc-cdn.net/d/1p0dffWfWId2LUcaY7kcY.27.IRZXSOY?mo=GmEaCTIBBEgCUC5gAVCiAVoQU3BvdGxpZ2h0U2hhcmluZ6IBOQgbEigKJgj89KMCIAEwnAQ4wAdAAUoPCgqWATFEL1IyJCRHEPQDUOLiAmgCIgsSACoHSVJaWFNPWZAD4uIC&uc=46
2026-06-18 18:45:36 [warn]: POST / 400 4ms — ::1
2026-06-18 18:45:38 [warn]: URL validation failed: Unsupported platform. Supported: YouTube, Twitter/X, Instagram, TikTok, Facebook, Vimeo, Dailymotion, Reddit, Twitch, SoundCloud, Bilibili, and more. | Input: https://cf-st.sc-cdn.net/d/1p0dffWfWId2LUcaY7kcY.27.IRZXSOY?mo=GmEaCTIBBEgCUC5gAVCiAVoQU3BvdGxpZ2h0U2hhcmluZ6IBOQgbEigKJgj89KMCIAEwnAQ4wAdAAUoPCgqWATFEL1IyJCRHEPQDUOLiAmgCIgsSACoHSVJaWFNPWZAD4uIC&uc=46
2026-06-18 18:45:38 [warn]: POST / 400 2ms — ::1
2026-06-18 18:45:49 [info]: [yt-dlp] Extracting info: https://youtu.be/tLeBDumanoc?si=dPjz7KyS2x8dIAPz
2026-06-18 18:45:49 [info]: [yt-dlp] Injecting firefox cookies for extraction
2026-06-18 18:45:53 [info]: [yt-dlp] Extracted "SPIDER-MAN: BRAND NEW DAY – New Trailer" — 27 formats found.
2026-06-18 18:45:53 [debug]: Quota recorded for ::1: 1/3
2026-06-18 18:45:53 [debug]: POST / 200 3981ms — ::1
2026-06-18 18:46:59 [debug]: GET /api/config 304 2ms — ::1
2026-06-18 18:46:59 [debug]: GET /favicon.ico 304 2ms — ::1
2026-06-18 18:47:36 [debug]: GET /api/config 304 2ms — ::1
2026-06-18 18:47:36 [debug]: GET /favicon.ico 304 2ms — ::1
2026-06-18 18:49:22 [debug]: GET / 200 5ms — ::1
2026-06-18 18:49:22 [debug]: GET /css/styles.css 200 2ms — ::1
2026-06-18 18:49:22 [debug]: GET /js/api.js 200 7ms — ::1
2026-06-18 18:49:22 [debug]: GET /js/auth.js 200 10ms — ::1
2026-06-18 18:49:22 [debug]: GET /js/ui.js 200 7ms — ::1
2026-06-18 18:49:22 [debug]: GET /js/app.js 200 7ms — ::1
2026-06-18 18:49:22 [debug]: GET /api/config 200 1ms — ::1
2026-06-18 18:49:23 [debug]: GET /favicon.ico 200 3ms — ::1
2026-06-18 18:50:03 [debug]: GET /api/config 304 1ms — ::1
2026-06-18 18:50:03 [debug]: GET /favicon.ico 304 4ms — ::1
2026-06-18 18:50:52 [debug]: GET /favicon.ico 304 2ms — ::1
2026-06-18 18:51:23 [info]: Firebase Admin SDK initialized for project: video-downloader-fd8ef
2026-06-18 18:51:24 [info]: ✅ yt-dlp found: v2026.06.09
2026-06-18 18:51:24 [info]: ✅ FFmpeg found: ffmpeg version 6.1.1-essentials_build-www.gyan.dev Copyright (c) 2000-2023 the FFmpeg developers
2026-06-18 18:51:24 [info]: 
🚀 Video Downloader API running at http://localhost:3000
2026-06-18 18:51:24 [info]:    Environment: development
2026-06-18 18:51:24 [info]:    Open http://localhost:3000 in your browser

2026-06-18 18:51:52 [debug]: GET / 200 24ms — ::1
2026-06-18 18:51:52 [debug]: GET /css/styles.css 200 20ms — ::1
2026-06-18 18:51:52 [debug]: GET /js/api.js 200 19ms — ::1
2026-06-18 18:51:52 [debug]: GET /js/app.js 200 14ms — ::1
2026-06-18 18:51:52 [debug]: GET /js/auth.js 200 15ms — ::1
2026-06-18 18:51:52 [debug]: GET /js/ui.js 200 16ms — ::1
2026-06-18 18:51:53 [debug]: GET /api/config 200 8ms — ::1
2026-06-18 18:51:54 [debug]: GET /favicon.ico 200 12ms — ::1
2026-06-18 18:52:29 [debug]: GET /api/config 304 2ms — ::1
2026-06-18 18:52:29 [debug]: GET /favicon.ico 304 6ms — ::1
2026-06-18 18:54:24 [info]: Firebase Admin SDK initialized for project: video-downloader-fd8ef
2026-06-18 18:54:25 [info]: ✅ yt-dlp found: v2026.06.09
2026-06-18 18:54:25 [info]: ✅ FFmpeg found: ffmpeg version 6.1.1-essentials_build-www.gyan.dev Copyright (c) 2000-2023 the FFmpeg developers
2026-06-18 18:54:25 [info]: 
🚀 Video Downloader API running at http://localhost:3000
2026-06-18 18:54:25 [info]:    Environment: development
2026-06-18 18:54:25 [info]:    Open http://localhost:3000 in your browser

2026-06-18 18:54:32 [info]: Firebase Admin SDK initialized for project: video-downloader-fd8ef
2026-06-18 18:54:33 [info]: ✅ yt-dlp found: v2026.06.09
2026-06-18 18:54:33 [info]: ✅ FFmpeg found: ffmpeg version 6.1.1-essentials_build-www.gyan.dev Copyright (c) 2000-2023 the FFmpeg developers
2026-06-18 18:54:33 [info]: 
🚀 Video Downloader API running at http://localhost:3000
2026-06-18 18:54:33 [info]:    Environment: development
2026-06-18 18:54:33 [info]:    Open http://localhost:3000 in your browser

2026-06-18 18:54:56 [debug]: GET / 200 17ms — ::1
2026-06-18 18:54:57 [debug]: GET /css/styles.css 200 13ms — ::1
2026-06-18 18:54:57 [debug]: GET /js/auth.js 200 12ms — ::1
2026-06-18 18:54:57 [debug]: GET /js/api.js 200 15ms — ::1
2026-06-18 18:54:57 [debug]: GET /js/ui.js 200 15ms — ::1
2026-06-18 18:54:57 [debug]: GET /js/app.js 200 13ms — ::1
2026-06-18 18:54:57 [debug]: GET /api/config 200 7ms — ::1
2026-06-18 18:54:58 [debug]: GET /favicon.ico 200 6ms — ::1
2026-06-18 18:56:27 [info]: Firebase Admin SDK initialized for project: video-downloader-fd8ef
2026-06-18 18:56:29 [info]: ✅ yt-dlp found: v2026.06.09
2026-06-18 18:56:29 [info]: ✅ FFmpeg found: ffmpeg version 6.1.1-essentials_build-www.gyan.dev Copyright (c) 2000-2023 the FFmpeg developers
2026-06-18 18:56:29 [info]: 
🚀 Video Downloader API running at http://localhost:3000
2026-06-18 18:56:29 [info]:    Environment: development
2026-06-18 18:56:29 [info]:    Open http://localhost:3000 in your browser

2026-06-18 18:57:04 [debug]: GET / 200 15ms — ::1
2026-06-18 18:57:04 [debug]: GET /css/styles.css 200 9ms — ::1
2026-06-18 18:57:04 [debug]: GET /js/api.js 200 8ms — ::1
2026-06-18 18:57:04 [debug]: GET /js/auth.js 200 15ms — ::1
2026-06-18 18:57:04 [debug]: GET /js/ui.js 200 5ms — ::1
2026-06-18 18:57:04 [debug]: GET /js/app.js 200 8ms — ::1
2026-06-18 18:57:05 [debug]: GET /api/config 200 5ms — ::1
2026-06-18 18:57:05 [debug]: GET /favicon.ico 200 6ms — ::1
2026-06-18 18:57:19 [debug]: GET /api/config 304 2ms — ::1
2026-06-18 18:57:19 [debug]: GET /favicon.ico 304 7ms — ::1
2026-06-18 18:59:27 [debug]: GET /api/config 304 1ms — ::1
2026-06-18 18:59:27 [debug]: GET /favicon.ico 304 3ms — ::1
2026-06-18 19:01:05 [info]: Firebase Admin SDK initialized for project: video-downloader-fd8ef
2026-06-18 19:01:06 [info]: ✅ yt-dlp found: v2026.06.09
2026-06-18 19:01:06 [info]: ✅ FFmpeg found: ffmpeg version 6.1.1-essentials_build-www.gyan.dev Copyright (c) 2000-2023 the FFmpeg developers
2026-06-18 19:01:06 [info]: 
🚀 Video Downloader API running at http://localhost:3000
2026-06-18 19:01:06 [info]:    Environment: development
2026-06-18 19:01:06 [info]:    Open http://localhost:3000 in your browser

2026-06-18 19:01:19 [info]: Firebase Admin SDK initialized for project: video-downloader-fd8ef
2026-06-18 19:01:21 [info]: ✅ yt-dlp found: v2026.06.09
2026-06-18 19:01:21 [info]: ✅ FFmpeg found: ffmpeg version 6.1.1-essentials_build-www.gyan.dev Copyright (c) 2000-2023 the FFmpeg developers
2026-06-18 19:01:21 [info]: 
🚀 Video Downloader API running at http://localhost:3000
2026-06-18 19:01:21 [info]:    Environment: development
2026-06-18 19:01:21 [info]:    Open http://localhost:3000 in your browser

2026-06-18 19:01:30 [info]: Firebase Admin SDK initialized for project: video-downloader-fd8ef
2026-06-18 19:01:31 [info]: ✅ yt-dlp found: v2026.06.09
2026-06-18 19:01:31 [info]: ✅ FFmpeg found: ffmpeg version 6.1.1-essentials_build-www.gyan.dev Copyright (c) 2000-2023 the FFmpeg developers
2026-06-18 19:01:31 [info]: 
🚀 Video Downloader API running at http://localhost:3000
2026-06-18 19:01:31 [info]:    Environment: development
2026-06-18 19:01:31 [info]:    Open http://localhost:3000 in your browser

2026-06-18 19:02:47 [debug]: GET / 200 16ms — ::1
2026-06-18 19:02:47 [debug]: GET /css/styles.css 200 15ms — ::1
2026-06-18 19:02:47 [debug]: GET /js/api.js 200 14ms — ::1
2026-06-18 19:02:47 [debug]: GET /js/auth.js 200 18ms — ::1
2026-06-18 19:02:47 [debug]: GET /js/ui.js 200 17ms — ::1
2026-06-18 19:02:47 [debug]: GET /js/app.js 200 23ms — ::1
2026-06-18 19:02:47 [debug]: GET /api/config 200 8ms — ::1
2026-06-18 19:02:48 [debug]: GET /favicon.ico 200 10ms — ::1
2026-06-18 19:03:20 [error]: Error: 7 PERMISSION_DENIED: Cloud Firestore API has not been used in project video-downloader-fd8ef before or it is disabled. Enable it by visiting https://console.developers.google.com/apis/api/firestore.googleapis.com/overview?project=video-downloader-fd8ef then retry. If you enabled this API recently, wait a few minutes for the action to propagate to our systems and retry.
    at callErrorFromStatus (D:\video downloader\node_modules\@grpc\grpc-js\build\src\call.js:32:19)
    at Object.onReceiveStatus (D:\video downloader\node_modules\@grpc\grpc-js\build\src\client.js:193:76)
    at Object.onReceiveStatus (D:\video downloader\node_modules\@grpc\grpc-js\build\src\client-interceptors.js:367:141)
    at Object.onReceiveStatus (D:\video downloader\node_modules\@grpc\grpc-js\build\src\client-interceptors.js:327:181)
    at D:\video downloader\node_modules\@grpc\grpc-js\build\src\resolving-call.js:135:78
    at process.processTicksAndRejections (node:internal/process/task_queues:85:11)
for call at
    at ServiceClientImpl.makeUnaryRequest (D:\video downloader\node_modules\@grpc\grpc-js\build\src\client.js:161:32)
    at ServiceClientImpl.<anonymous> (D:\video downloader\node_modules\@grpc\grpc-js\build\src\make-client.js:105:19)
    at D:\video downloader\node_modules\@google-cloud\firestore\build\src\v1\firestore_client.js:257:29
    at D:\video downloader\node_modules\google-gax\build\src\normalCalls\timeout.js:44:16
    at repeat (D:\video downloader\node_modules\google-gax\build\src\normalCalls\retries.js:114:25)
    at D:\video downloader\node_modules\google-gax\build\src\normalCalls\retries.js:156:13
    at OngoingCallPromise.call (D:\video downloader\node_modules\google-gax\build\src\call.js:70:27)
    at NormalApiCaller.call (D:\video downloader\node_modules\google-gax\build\src\normalCalls\normalApiCaller.js:34:19)
    at D:\video downloader\node_modules\google-gax\build\src\createApiCall.js:110:30
    at process.processTicksAndRejections (node:internal/process/task_queues:104:5)
Caused by: Error
    at _firestore._traceUtil.startActiveSpan (D:\video downloader\node_modules\@google-cloud\firestore\build\src\write-batch.js:442:27)
    at D:\video downloader\node_modules\@google-cloud\firestore\build\src\telemetry\enabled-trace-util.js:125:30
    at NoopContextManager.with (D:\video downloader\node_modules\@opentelemetry\api\build\src\context\NoopContextManager.js:14:19)
    at ContextAPI.with (D:\video downloader\node_modules\@opentelemetry\api\build\src\api\context.js:51:46)
    at NoopTracer.startActiveSpan (D:\video downloader\node_modules\@opentelemetry\api\build\src\trace\NoopTracer.js:54:31)
    at ProxyTracer.startActiveSpan (D:\video downloader\node_modules\@opentelemetry\api\build\src\trace\ProxyTracer.js:27:24)
    at EnabledTraceUtil.startActiveSpan (D:\video downloader\node_modules\@google-cloud\firestore\build\src\telemetry\enabled-trace-util.js:117:28)
    at WriteBatch.commit (D:\video downloader\node_modules\@google-cloud\firestore\build\src\write-batch.js:440:43)
    at D:\video downloader\node_modules\@google-cloud\firestore\build\src\reference\document-reference.js:353:31
    at D:\video downloader\node_modules\@google-cloud\firestore\build\src\telemetry\enabled-trace-util.js:125:30
2026-06-18 19:03:20 [error]: Error: 7 PERMISSION_DENIED: Cloud Firestore API has not been used in project video-downloader-fd8ef before or it is disabled. Enable it by visiting https://console.developers.google.com/apis/api/firestore.googleapis.com/overview?project=video-downloader-fd8ef then retry. If you enabled this API recently, wait a few minutes for the action to propagate to our systems and retry.
    at callErrorFromStatus (D:\video downloader\node_modules\@grpc\grpc-js\build\src\call.js:32:19)
    at Object.onReceiveStatus (D:\video downloader\node_modules\@grpc\grpc-js\build\src\client.js:193:76)
    at Object.onReceiveStatus (D:\video downloader\node_modules\@grpc\grpc-js\build\src\client-interceptors.js:367:141)
    at Object.onReceiveStatus (D:\video downloader\node_modules\@grpc\grpc-js\build\src\client-interceptors.js:327:181)
    at D:\video downloader\node_modules\@grpc\grpc-js\build\src\resolving-call.js:135:78
    at process.processTicksAndRejections (node:internal/process/task_queues:85:11)
for call at
    at ServiceClientImpl.makeUnaryRequest (D:\video downloader\node_modules\@grpc\grpc-js\build\src\client.js:161:32)
    at ServiceClientImpl.<anonymous> (D:\video downloader\node_modules\@grpc\grpc-js\build\src\make-client.js:105:19)
    at D:\video downloader\node_modules\@google-cloud\firestore\build\src\v1\firestore_client.js:257:29
    at D:\video downloader\node_modules\google-gax\build\src\normalCalls\timeout.js:44:16
    at repeat (D:\video downloader\node_modules\google-gax\build\src\normalCalls\retries.js:114:25)
    at D:\video downloader\node_modules\google-gax\build\src\normalCalls\retries.js:156:13
    at OngoingCallPromise.call (D:\video downloader\node_modules\google-gax\build\src\call.js:70:27)
    at NormalApiCaller.call (D:\video downloader\node_modules\google-gax\build\src\normalCalls\normalApiCaller.js:34:19)
    at D:\video downloader\node_modules\google-gax\build\src\createApiCall.js:110:30
    at process.processTicksAndRejections (node:internal/process/task_queues:104:5)
Caused by: Error
    at _firestore._traceUtil.startActiveSpan (D:\video downloader\node_modules\@google-cloud\firestore\build\src\write-batch.js:442:27)
    at D:\video downloader\node_modules\@google-cloud\firestore\build\src\telemetry\enabled-trace-util.js:125:30
    at NoopContextManager.with (D:\video downloader\node_modules\@opentelemetry\api\build\src\context\NoopContextManager.js:14:19)
    at ContextAPI.with (D:\video downloader\node_modules\@opentelemetry\api\build\src\api\context.js:51:46)
    at NoopTracer.startActiveSpan (D:\video downloader\node_modules\@opentelemetry\api\build\src\trace\NoopTracer.js:54:31)
    at ProxyTracer.startActiveSpan (D:\video downloader\node_modules\@opentelemetry\api\build\src\trace\ProxyTracer.js:27:24)
    at EnabledTraceUtil.startActiveSpan (D:\video downloader\node_modules\@google-cloud\firestore\build\src\telemetry\enabled-trace-util.js:117:28)
    at WriteBatch.commit (D:\video downloader\node_modules\@google-cloud\firestore\build\src\write-batch.js:440:43)
    at D:\video downloader\node_modules\@google-cloud\firestore\build\src\reference\document-reference.js:353:31
    at D:\video downloader\node_modules\@google-cloud\firestore\build\src\telemetry\enabled-trace-util.js:125:30
2026-06-18 19:03:20 [error]: Error: 7 PERMISSION_DENIED: Cloud Firestore API has not been used in project video-downloader-fd8ef before or it is disabled. Enable it by visiting https://console.developers.google.com/apis/api/firestore.googleapis.com/overview?project=video-downloader-fd8ef then retry. If you enabled this API recently, wait a few minutes for the action to propagate to our systems and retry.
    at callErrorFromStatus (D:\video downloader\node_modules\@grpc\grpc-js\build\src\call.js:32:19)
    at Object.onReceiveStatus (D:\video downloader\node_modules\@grpc\grpc-js\build\src\client.js:359:73)
    at Object.onReceiveStatus (D:\video downloader\node_modules\@grpc\grpc-js\build\src\client-interceptors.js:327:181)
    at D:\video downloader\node_modules\@grpc\grpc-js\build\src\resolving-call.js:135:78
    at process.processTicksAndRejections (node:internal/process/task_queues:85:11)
for call at
    at ServiceClientImpl.makeServerStreamRequest (D:\video downloader\node_modules\@grpc\grpc-js\build\src\client.js:342:32)
    at ServiceClientImpl.<anonymous> (D:\video downloader\node_modules\@grpc\grpc-js\build\src\make-client.js:105:19)
    at D:\video downloader\node_modules\@google-cloud\firestore\build\src\v1\firestore_client.js:257:29
    at D:\video downloader\node_modules\google-gax\build\src\streamingCalls\streamingApiCaller.js:39:28
    at D:\video downloader\node_modules\google-gax\build\src\normalCalls\timeout.js:44:16
    at Object.request (D:\video downloader\node_modules\google-gax\build\src\streamingCalls\streaming.js:248:40)
    at makeRequest (D:\video downloader\node_modules\google-gax\node_modules\retry-request\index.js:159:28)
    at retryRequest (D:\video downloader\node_modules\google-gax\node_modules\retry-request\index.js:119:5)
    at StreamProxy.setStream (D:\video downloader\node_modules\google-gax\build\src\streamingCalls\streaming.js:239:37)
    at StreamingApiCaller.call (D:\video downloader\node_modules\google-gax\build\src\streamingCalls\streamingApiCaller.js:55:16)
Caused by: Error
    at D:\video downloader\node_modules\@google-cloud\firestore\build\src\index.js:1097:27
    at D:\video downloader\node_modules\@google-cloud\firestore\build\src\telemetry\enabled-trace-util.js:125:30
    at NoopContextManager.with (D:\video downloader\node_modules\@opentelemetry\api\build\src\context\NoopContextManager.js:14:19)
    at ContextAPI.with (D:\video downloader\node_modules\@opentelemetry\api\build\src\api\context.js:51:46)
    at NoopTracer.startActiveSpan (D:\video downloader\node_modules\@opentelemetry\api\build\src\trace\NoopTracer.js:54:31)
    at ProxyTracer.startActiveSpan (D:\video downloader\node_modules\@opentelemetry\api\build\src\trace\ProxyTracer.js:27:24)
    at EnabledTraceUtil.startActiveSpan (D:\video downloader\node_modules\@google-cloud\firestore\build\src\telemetry\enabled-trace-util.js:117:28)
    at Firestore.getAll (D:\video downloader\node_modules\@google-cloud\firestore\build\src\index.js:1088:32)
    at D:\video downloader\node_modules\@google-cloud\firestore\build\src\reference\document-reference.js:185:36
    at D:\video downloader\node_modules\@google-cloud\firestore\build\src\telemetry\enabled-trace-util.js:125:30
2026-06-18 19:03:20 [error]: Error: 7 PERMISSION_DENIED: Cloud Firestore API has not been used in project video-downloader-fd8ef before or it is disabled. Enable it by visiting https://console.developers.google.com/apis/api/firestore.googleapis.com/overview?project=video-downloader-fd8ef then retry. If you enabled this API recently, wait a few minutes for the action to propagate to our systems and retry.
    at callErrorFromStatus (D:\video downloader\node_modules\@grpc\grpc-js\build\src\call.js:32:19)
    at Object.onReceiveStatus (D:\video downloader\node_modules\@grpc\grpc-js\build\src\client.js:359:73)
    at Object.onReceiveStatus (D:\video downloader\node_modules\@grpc\grpc-js\build\src\client-interceptors.js:327:181)
    at D:\video downloader\node_modules\@grpc\grpc-js\build\src\resolving-call.js:135:78
    at process.processTicksAndRejections (node:internal/process/task_queues:85:11)
for call at
    at ServiceClientImpl.makeServerStreamRequest (D:\video downloader\node_modules\@grpc\grpc-js\build\src\client.js:342:32)
    at ServiceClientImpl.<anonymous> (D:\video downloader\node_modules\@grpc\grpc-js\build\src\make-client.js:105:19)
    at D:\video downloader\node_modules\@google-cloud\firestore\build\src\v1\firestore_client.js:257:29
    at D:\video downloader\node_modules\google-gax\build\src\streamingCalls\streamingApiCaller.js:39:28
    at D:\video downloader\node_modules\google-gax\build\src\normalCalls\timeout.js:44:16
    at Object.request (D:\video downloader\node_modules\google-gax\build\src\streamingCalls\streaming.js:248:40)
    at makeRequest (D:\video downloader\node_modules\google-gax\node_modules\retry-request\index.js:159:28)
    at retryRequest (D:\video downloader\node_modules\google-gax\node_modules\retry-request\index.js:119:5)
    at StreamProxy.setStream (D:\video downloader\node_modules\google-gax\build\src\streamingCalls\streaming.js:239:37)
    at StreamingApiCaller.call (D:\video downloader\node_modules\google-gax\build\src\streamingCalls\streamingApiCaller.js:55:16)
Caused by: Error
    at D:\video downloader\node_modules\@google-cloud\firestore\build\src\index.js:1097:27
    at D:\video downloader\node_modules\@google-cloud\firestore\build\src\telemetry\enabled-trace-util.js:125:30
    at NoopContextManager.with (D:\video downloader\node_modules\@opentelemetry\api\build\src\context\NoopContextManager.js:14:19)
    at ContextAPI.with (D:\video downloader\node_modules\@opentelemetry\api\build\src\api\context.js:51:46)
    at NoopTracer.startActiveSpan (D:\video downloader\node_modules\@opentelemetry\api\build\src\trace\NoopTracer.js:54:31)
    at ProxyTracer.startActiveSpan (D:\video downloader\node_modules\@opentelemetry\api\build\src\trace\ProxyTracer.js:27:24)
    at EnabledTraceUtil.startActiveSpan (D:\video downloader\node_modules\@google-cloud\firestore\build\src\telemetry\enabled-trace-util.js:117:28)
    at Firestore.getAll (D:\video downloader\node_modules\@google-cloud\firestore\build\src\index.js:1088:32)
    at D:\video downloader\node_modules\@google-cloud\firestore\build\src\reference\document-reference.js:185:36
    at D:\video downloader\node_modules\@google-cloud\firestore\build\src\telemetry\enabled-trace-util.js:125:30
2026-06-18 19:03:20 [error]: Error: 7 PERMISSION_DENIED: Cloud Firestore API has not been used in project video-downloader-fd8ef before or it is disabled. Enable it by visiting https://console.developers.google.com/apis/api/firestore.googleapis.com/overview?project=video-downloader-fd8ef then retry. If you enabled this API recently, wait a few minutes for the action to propagate to our systems and retry.
    at callErrorFromStatus (D:\video downloader\node_modules\@grpc\grpc-js\build\src\call.js:32:19)
    at Object.onReceiveStatus (D:\video downloader\node_modules\@grpc\grpc-js\build\src\client.js:359:73)
    at Object.onReceiveStatus (D:\video downloader\node_modules\@grpc\grpc-js\build\src\client-interceptors.js:327:181)
    at D:\video downloader\node_modules\@grpc\grpc-js\build\src\resolving-call.js:135:78
    at process.processTicksAndRejections (node:internal/process/task_queues:85:11)
for call at
    at ServiceClientImpl.makeServerStreamRequest (D:\video downloader\node_modules\@grpc\grpc-js\build\src\client.js:342:32)
    at ServiceClientImpl.<anonymous> (D:\video downloader\node_modules\@grpc\grpc-js\build\src\make-client.js:105:19)
    at D:\video downloader\node_modules\@google-cloud\firestore\build\src\v1\firestore_client.js:257:29
    at D:\video downloader\node_modules\google-gax\build\src\streamingCalls\streamingApiCaller.js:39:28
    at D:\video downloader\node_modules\google-gax\build\src\normalCalls\timeout.js:44:16
    at Object.request (D:\video downloader\node_modules\google-gax\build\src\streamingCalls\streaming.js:248:40)
    at makeRequest (D:\video downloader\node_modules\google-gax\node_modules\retry-request\index.js:159:28)
    at retryRequest (D:\video downloader\node_modules\google-gax\node_modules\retry-request\index.js:119:5)
    at StreamProxy.setStream (D:\video downloader\node_modules\google-gax\build\src\streamingCalls\streaming.js:239:37)
    at StreamingApiCaller.call (D:\video downloader\node_modules\google-gax\build\src\streamingCalls\streamingApiCaller.js:55:16)
Caused by: Error
    at D:\video downloader\node_modules\@google-cloud\firestore\build\src\index.js:1097:27
    at D:\video downloader\node_modules\@google-cloud\firestore\build\src\telemetry\enabled-trace-util.js:125:30
    at NoopContextManager.with (D:\video downloader\node_modules\@opentelemetry\api\build\src\context\NoopContextManager.js:14:19)
    at ContextAPI.with (D:\video downloader\node_modules\@opentelemetry\api\build\src\api\context.js:51:46)
    at NoopTracer.startActiveSpan (D:\video downloader\node_modules\@opentelemetry\api\build\src\trace\NoopTracer.js:54:31)
    at ProxyTracer.startActiveSpan (D:\video downloader\node_modules\@opentelemetry\api\build\src\trace\ProxyTracer.js:27:24)
    at EnabledTraceUtil.startActiveSpan (D:\video downloader\node_modules\@google-cloud\firestore\build\src\telemetry\enabled-trace-util.js:117:28)
    at Firestore.getAll (D:\video downloader\node_modules\@google-cloud\firestore\build\src\index.js:1088:32)
    at D:\video downloader\node_modules\@google-cloud\firestore\build\src\reference\document-reference.js:185:36
    at D:\video downloader\node_modules\@google-cloud\firestore\build\src\telemetry\enabled-trace-util.js:125:30
2026-06-18 19:03:20 [debug]: [Auth] Token verified: uid=1svszqy2mqc4gzRt8xoFmmGTKyN2 tier=free
2026-06-18 19:03:20 [debug]: POST /verify 200 1280ms — ::1
2026-06-18 19:03:20 [error]: Error: 7 PERMISSION_DENIED: Cloud Firestore API has not been used in project video-downloader-fd8ef before or it is disabled. Enable it by visiting https://console.developers.google.com/apis/api/firestore.googleapis.com/overview?project=video-downloader-fd8ef then retry. If you enabled this API recently, wait a few minutes for the action to propagate to our systems and retry.
    at callErrorFromStatus (D:\video downloader\node_modules\@grpc\grpc-js\build\src\call.js:32:19)
    at Object.onReceiveStatus (D:\video downloader\node_modules\@grpc\grpc-js\build\src\client.js:359:73)
    at Object.onReceiveStatus (D:\video downloader\node_modules\@grpc\grpc-js\build\src\client-interceptors.js:327:181)
    at D:\video downloader\node_modules\@grpc\grpc-js\build\src\resolving-call.js:135:78
    at process.processTicksAndRejections (node:internal/process/task_queues:85:11)
for call at
    at ServiceClientImpl.makeServerStreamRequest (D:\video downloader\node_modules\@grpc\grpc-js\build\src\client.js:342:32)
    at ServiceClientImpl.<anonymous> (D:\video downloader\node_modules\@grpc\grpc-js\build\src\make-client.js:105:19)
    at D:\video downloader\node_modules\@google-cloud\firestore\build\src\v1\firestore_client.js:257:29
    at D:\video downloader\node_modules\google-gax\build\src\streamingCalls\streamingApiCaller.js:39:28
    at D:\video downloader\node_modules\google-gax\build\src\normalCalls\timeout.js:44:16
    at Object.request (D:\video downloader\node_modules\google-gax\build\src\streamingCalls\streaming.js:248:40)
    at makeRequest (D:\video downloader\node_modules\google-gax\node_modules\retry-request\index.js:159:28)
    at retryRequest (D:\video downloader\node_modules\google-gax\node_modules\retry-request\index.js:119:5)
    at StreamProxy.setStream (D:\video downloader\node_modules\google-gax\build\src\streamingCalls\streaming.js:239:37)
    at StreamingApiCaller.call (D:\video downloader\node_modules\google-gax\build\src\streamingCalls\streamingApiCaller.js:55:16)
Caused by: Error
    at D:\video downloader\node_modules\@google-cloud\firestore\build\src\index.js:1097:27
    at D:\video downloader\node_modules\@google-cloud\firestore\build\src\telemetry\enabled-trace-util.js:125:30
    at NoopContextManager.with (D:\video downloader\node_modules\@opentelemetry\api\build\src\context\NoopContextManager.js:14:19)
    at ContextAPI.with (D:\video downloader\node_modules\@opentelemetry\api\build\src\api\context.js:51:46)
    at NoopTracer.startActiveSpan (D:\video downloader\node_modules\@opentelemetry\api\build\src\trace\NoopTracer.js:54:31)
    at ProxyTracer.startActiveSpan (D:\video downloader\node_modules\@opentelemetry\api\build\src\trace\ProxyTracer.js:27:24)
    at EnabledTraceUtil.startActiveSpan (D:\video downloader\node_modules\@google-cloud\firestore\build\src\telemetry\enabled-trace-util.js:117:28)
    at Firestore.getAll (D:\video downloader\node_modules\@google-cloud\firestore\build\src\index.js:1088:32)
    at D:\video downloader\node_modules\@google-cloud\firestore\build\src\reference\document-reference.js:185:36
    at D:\video downloader\node_modules\@google-cloud\firestore\build\src\telemetry\enabled-trace-util.js:125:30
2026-06-18 19:03:20 [debug]: [Auth] Token verified: uid=1svszqy2mqc4gzRt8xoFmmGTKyN2 tier=free
2026-06-18 19:03:20 [debug]: POST /verify 200 601ms — ::1
2026-06-18 19:03:47 [debug]: GET /api/config 304 2ms — ::1
2026-06-18 19:03:48 [debug]: GET /favicon.ico 304 6ms — ::1
2026-06-18 19:05:48 [info]: Firebase Admin SDK initialized for project: video-downloader-fd8ef
2026-06-18 19:05:49 [info]: ✅ yt-dlp found: v2026.06.09
2026-06-18 19:05:49 [info]: ✅ FFmpeg found: ffmpeg version 6.1.1-essentials_build-www.gyan.dev Copyright (c) 2000-2023 the FFmpeg developers
2026-06-18 19:05:49 [info]: 
🚀 Video Downloader API running at http://localhost:3000
2026-06-18 19:05:49 [info]:    Environment: development
2026-06-18 19:05:49 [info]:    Open http://localhost:3000 in your browser

2026-06-18 19:06:15 [debug]: GET / 200 21ms — ::1
2026-06-18 19:06:15 [debug]: GET /css/styles.css 200 16ms — ::1
2026-06-18 19:06:15 [debug]: GET /js/api.js 200 14ms — ::1
2026-06-18 19:06:15 [debug]: GET /js/auth.js 200 15ms — ::1
2026-06-18 19:06:15 [debug]: GET /js/ui.js 200 15ms — ::1
2026-06-18 19:06:15 [debug]: GET /js/app.js 200 16ms — ::1
2026-06-18 19:06:16 [debug]: GET /api/config 200 9ms — ::1
2026-06-18 19:06:17 [debug]: GET /favicon.ico 200 9ms — ::1
2026-06-18 19:07:13 [error]: Error: 7 PERMISSION_DENIED: Cloud Firestore API has not been used in project video-downloader-fd8ef before or it is disabled. Enable it by visiting https://console.developers.google.com/apis/api/firestore.googleapis.com/overview?project=video-downloader-fd8ef then retry. If you enabled this API recently, wait a few minutes for the action to propagate to our systems and retry.
    at callErrorFromStatus (D:\video downloader\node_modules\@grpc\grpc-js\build\src\call.js:32:19)
    at Object.onReceiveStatus (D:\video downloader\node_modules\@grpc\grpc-js\build\src\client.js:193:76)
    at Object.onReceiveStatus (D:\video downloader\node_modules\@grpc\grpc-js\build\src\client-interceptors.js:367:141)
    at Object.onReceiveStatus (D:\video downloader\node_modules\@grpc\grpc-js\build\src\client-interceptors.js:327:181)
    at D:\video downloader\node_modules\@grpc\grpc-js\build\src\resolving-call.js:135:78
    at process.processTicksAndRejections (node:internal/process/task_queues:85:11)
for call at
    at ServiceClientImpl.makeUnaryRequest (D:\video downloader\node_modules\@grpc\grpc-js\build\src\client.js:161:32)
    at ServiceClientImpl.<anonymous> (D:\video downloader\node_modules\@grpc\grpc-js\build\src\make-client.js:105:19)
    at D:\video downloader\node_modules\@google-cloud\firestore\build\src\v1\firestore_client.js:257:29
    at D:\video downloader\node_modules\google-gax\build\src\normalCalls\timeout.js:44:16
    at repeat (D:\video downloader\node_modules\google-gax\build\src\normalCalls\retries.js:114:25)
    at D:\video downloader\node_modules\google-gax\build\src\normalCalls\retries.js:156:13
    at OngoingCallPromise.call (D:\video downloader\node_modules\google-gax\build\src\call.js:70:27)
    at NormalApiCaller.call (D:\video downloader\node_modules\google-gax\build\src\normalCalls\normalApiCaller.js:34:19)
    at D:\video downloader\node_modules\google-gax\build\src\createApiCall.js:110:30
    at process.processTicksAndRejections (node:internal/process/task_queues:104:5)
Caused by: Error
    at _firestore._traceUtil.startActiveSpan (D:\video downloader\node_modules\@google-cloud\firestore\build\src\write-batch.js:442:27)
    at D:\video downloader\node_modules\@google-cloud\firestore\build\src\telemetry\enabled-trace-util.js:125:30
    at NoopContextManager.with (D:\video downloader\node_modules\@opentelemetry\api\build\src\context\NoopContextManager.js:14:19)
    at ContextAPI.with (D:\video downloader\node_modules\@opentelemetry\api\build\src\api\context.js:51:46)
    at NoopTracer.startActiveSpan (D:\video downloader\node_modules\@opentelemetry\api\build\src\trace\NoopTracer.js:54:31)
    at ProxyTracer.startActiveSpan (D:\video downloader\node_modules\@opentelemetry\api\build\src\trace\ProxyTracer.js:27:24)
    at EnabledTraceUtil.startActiveSpan (D:\video downloader\node_modules\@google-cloud\firestore\build\src\telemetry\enabled-trace-util.js:117:28)
    at WriteBatch.commit (D:\video downloader\node_modules\@google-cloud\firestore\build\src\write-batch.js:440:43)
    at D:\video downloader\node_modules\@google-cloud\firestore\build\src\reference\document-reference.js:353:31
    at D:\video downloader\node_modules\@google-cloud\firestore\build\src\telemetry\enabled-trace-util.js:125:30
2026-06-18 19:07:13 [error]: Error: 7 PERMISSION_DENIED: Cloud Firestore API has not been used in project video-downloader-fd8ef before or it is disabled. Enable it by visiting https://console.developers.google.com/apis/api/firestore.googleapis.com/overview?project=video-downloader-fd8ef then retry. If you enabled this API recently, wait a few minutes for the action to propagate to our systems and retry.
    at callErrorFromStatus (D:\video downloader\node_modules\@grpc\grpc-js\build\src\call.js:32:19)
    at Object.onReceiveStatus (D:\video downloader\node_modules\@grpc\grpc-js\build\src\client.js:359:73)
    at Object.onReceiveStatus (D:\video downloader\node_modules\@grpc\grpc-js\build\src\client-interceptors.js:327:181)
    at D:\video downloader\node_modules\@grpc\grpc-js\build\src\resolving-call.js:135:78
    at process.processTicksAndRejections (node:internal/process/task_queues:85:11)
for call at
    at ServiceClientImpl.makeServerStreamRequest (D:\video downloader\node_modules\@grpc\grpc-js\build\src\client.js:342:32)
    at ServiceClientImpl.<anonymous> (D:\video downloader\node_modules\@grpc\grpc-js\build\src\make-client.js:105:19)
    at D:\video downloader\node_modules\@google-cloud\firestore\build\src\v1\firestore_client.js:257:29
    at D:\video downloader\node_modules\google-gax\build\src\streamingCalls\streamingApiCaller.js:39:28
    at D:\video downloader\node_modules\google-gax\build\src\normalCalls\timeout.js:44:16
    at Object.request (D:\video downloader\node_modules\google-gax\build\src\streamingCalls\streaming.js:248:40)
    at makeRequest (D:\video downloader\node_modules\google-gax\node_modules\retry-request\index.js:159:28)
    at retryRequest (D:\video downloader\node_modules\google-gax\node_modules\retry-request\index.js:119:5)
    at StreamProxy.setStream (D:\video downloader\node_modules\google-gax\build\src\streamingCalls\streaming.js:239:37)
    at StreamingApiCaller.call (D:\video downloader\node_modules\google-gax\build\src\streamingCalls\streamingApiCaller.js:55:16)
Caused by: Error
    at D:\video downloader\node_modules\@google-cloud\firestore\build\src\index.js:1097:27
    at D:\video downloader\node_modules\@google-cloud\firestore\build\src\telemetry\enabled-trace-util.js:125:30
    at NoopContextManager.with (D:\video downloader\node_modules\@opentelemetry\api\build\src\context\NoopContextManager.js:14:19)
    at ContextAPI.with (D:\video downloader\node_modules\@opentelemetry\api\build\src\api\context.js:51:46)
    at NoopTracer.startActiveSpan (D:\video downloader\node_modules\@opentelemetry\api\build\src\trace\NoopTracer.js:54:31)
    at ProxyTracer.startActiveSpan (D:\video downloader\node_modules\@opentelemetry\api\build\src\trace\ProxyTracer.js:27:24)
    at EnabledTraceUtil.startActiveSpan (D:\video downloader\node_modules\@google-cloud\firestore\build\src\telemetry\enabled-trace-util.js:117:28)
    at Firestore.getAll (D:\video downloader\node_modules\@google-cloud\firestore\build\src\index.js:1088:32)
    at D:\video downloader\node_modules\@google-cloud\firestore\build\src\reference\document-reference.js:185:36
    at D:\video downloader\node_modules\@google-cloud\firestore\build\src\telemetry\enabled-trace-util.js:125:30
2026-06-18 19:07:13 [error]: Error: 7 PERMISSION_DENIED: Cloud Firestore API has not been used in project video-downloader-fd8ef before or it is disabled. Enable it by visiting https://console.developers.google.com/apis/api/firestore.googleapis.com/overview?project=video-downloader-fd8ef then retry. If you enabled this API recently, wait a few minutes for the action to propagate to our systems and retry.
    at callErrorFromStatus (D:\video downloader\node_modules\@grpc\grpc-js\build\src\call.js:32:19)
    at Object.onReceiveStatus (D:\video downloader\node_modules\@grpc\grpc-js\build\src\client.js:359:73)
    at Object.onReceiveStatus (D:\video downloader\node_modules\@grpc\grpc-js\build\src\client-interceptors.js:327:181)
    at D:\video downloader\node_modules\@grpc\grpc-js\build\src\resolving-call.js:135:78
    at process.processTicksAndRejections (node:internal/process/task_queues:85:11)
for call at
    at ServiceClientImpl.makeServerStreamRequest (D:\video downloader\node_modules\@grpc\grpc-js\build\src\client.js:342:32)
    at ServiceClientImpl.<anonymous> (D:\video downloader\node_modules\@grpc\grpc-js\build\src\make-client.js:105:19)
    at D:\video downloader\node_modules\@google-cloud\firestore\build\src\v1\firestore_client.js:257:29
    at D:\video downloader\node_modules\google-gax\build\src\streamingCalls\streamingApiCaller.js:39:28
    at D:\video downloader\node_modules\google-gax\build\src\normalCalls\timeout.js:44:16
    at Object.request (D:\video downloader\node_modules\google-gax\build\src\streamingCalls\streaming.js:248:40)
    at makeRequest (D:\video downloader\node_modules\google-gax\node_modules\retry-request\index.js:159:28)
    at retryRequest (D:\video downloader\node_modules\google-gax\node_modules\retry-request\index.js:119:5)
    at StreamProxy.setStream (D:\video downloader\node_modules\google-gax\build\src\streamingCalls\streaming.js:239:37)
    at StreamingApiCaller.call (D:\video downloader\node_modules\google-gax\build\src\streamingCalls\streamingApiCaller.js:55:16)
Caused by: Error
    at D:\video downloader\node_modules\@google-cloud\firestore\build\src\index.js:1097:27
    at D:\video downloader\node_modules\@google-cloud\firestore\build\src\telemetry\enabled-trace-util.js:125:30
    at NoopContextManager.with (D:\video downloader\node_modules\@opentelemetry\api\build\src\context\NoopContextManager.js:14:19)
    at ContextAPI.with (D:\video downloader\node_modules\@opentelemetry\api\build\src\api\context.js:51:46)
    at NoopTracer.startActiveSpan (D:\video downloader\node_modules\@opentelemetry\api\build\src\trace\NoopTracer.js:54:31)
    at ProxyTracer.startActiveSpan (D:\video downloader\node_modules\@opentelemetry\api\build\src\trace\ProxyTracer.js:27:24)
    at EnabledTraceUtil.startActiveSpan (D:\video downloader\node_modules\@google-cloud\firestore\build\src\telemetry\enabled-trace-util.js:117:28)
    at Firestore.getAll (D:\video downloader\node_modules\@google-cloud\firestore\build\src\index.js:1088:32)
    at D:\video downloader\node_modules\@google-cloud\firestore\build\src\reference\document-reference.js:185:36
    at D:\video downloader\node_modules\@google-cloud\firestore\build\src\telemetry\enabled-trace-util.js:125:30
2026-06-18 19:07:13 [debug]: [Auth] Token verified: uid=1svszqy2mqc4gzRt8xoFmmGTKyN2 tier=free
2026-06-18 19:07:13 [debug]: POST /verify 200 1414ms — ::1
2026-06-18 19:07:36 [error]: Error: 7 PERMISSION_DENIED: Cloud Firestore API has not been used in project video-downloader-fd8ef before or it is disabled. Enable it by visiting https://console.developers.google.com/apis/api/firestore.googleapis.com/overview?project=video-downloader-fd8ef then retry. If you enabled this API recently, wait a few minutes for the action to propagate to our systems and retry.
    at callErrorFromStatus (D:\video downloader\node_modules\@grpc\grpc-js\build\src\call.js:32:19)
    at Object.onReceiveStatus (D:\video downloader\node_modules\@grpc\grpc-js\build\src\client.js:359:73)
    at Object.onReceiveStatus (D:\video downloader\node_modules\@grpc\grpc-js\build\src\client-interceptors.js:327:181)
    at D:\video downloader\node_modules\@grpc\grpc-js\build\src\resolving-call.js:135:78
    at process.processTicksAndRejections (node:internal/process/task_queues:85:11)
for call at
    at ServiceClientImpl.makeServerStreamRequest (D:\video downloader\node_modules\@grpc\grpc-js\build\src\client.js:342:32)
    at ServiceClientImpl.<anonymous> (D:\video downloader\node_modules\@grpc\grpc-js\build\src\make-client.js:105:19)
    at D:\video downloader\node_modules\@google-cloud\firestore\build\src\v1\firestore_client.js:257:29
    at D:\video downloader\node_modules\google-gax\build\src\streamingCalls\streamingApiCaller.js:39:28
    at D:\video downloader\node_modules\google-gax\build\src\normalCalls\timeout.js:44:16
    at Object.request (D:\video downloader\node_modules\google-gax\build\src\streamingCalls\streaming.js:248:40)
    at makeRequest (D:\video downloader\node_modules\google-gax\node_modules\retry-request\index.js:159:28)
    at retryRequest (D:\video downloader\node_modules\google-gax\node_modules\retry-request\index.js:119:5)
    at StreamProxy.setStream (D:\video downloader\node_modules\google-gax\build\src\streamingCalls\streaming.js:239:37)
    at StreamingApiCaller.call (D:\video downloader\node_modules\google-gax\build\src\streamingCalls\streamingApiCaller.js:55:16)
Caused by: Error
    at D:\video downloader\node_modules\@google-cloud\firestore\build\src\index.js:1097:27
    at D:\video downloader\node_modules\@google-cloud\firestore\build\src\telemetry\enabled-trace-util.js:125:30
    at NoopContextManager.with (D:\video downloader\node_modules\@opentelemetry\api\build\src\context\NoopContextManager.js:14:19)
    at ContextAPI.with (D:\video downloader\node_modules\@opentelemetry\api\build\src\api\context.js:51:46)
    at NoopTracer.startActiveSpan (D:\video downloader\node_modules\@opentelemetry\api\build\src\trace\NoopTracer.js:54:31)
    at ProxyTracer.startActiveSpan (D:\video downloader\node_modules\@opentelemetry\api\build\src\trace\ProxyTracer.js:27:24)
    at EnabledTraceUtil.startActiveSpan (D:\video downloader\node_modules\@google-cloud\firestore\build\src\telemetry\enabled-trace-util.js:117:28)
    at Firestore.getAll (D:\video downloader\node_modules\@google-cloud\firestore\build\src\index.js:1088:32)
    at D:\video downloader\node_modules\@google-cloud\firestore\build\src\reference\document-reference.js:185:36
    at D:\video downloader\node_modules\@google-cloud\firestore\build\src\telemetry\enabled-trace-util.js:125:30
2026-06-18 19:07:36 [debug]: Auth: uid=1svszqy2mqc4gzRt8xoFmmGTKyN2 tier=free
2026-06-18 19:07:36 [error]: Error: 7 PERMISSION_DENIED: Cloud Firestore API has not been used in project video-downloader-fd8ef before or it is disabled. Enable it by visiting https://console.developers.google.com/apis/api/firestore.googleapis.com/overview?project=video-downloader-fd8ef then retry. If you enabled this API recently, wait a few minutes for the action to propagate to our systems and retry.
    at callErrorFromStatus (D:\video downloader\node_modules\@grpc\grpc-js\build\src\call.js:32:19)
    at Object.onReceiveStatus (D:\video downloader\node_modules\@grpc\grpc-js\build\src\client.js:359:73)
    at Object.onReceiveStatus (D:\video downloader\node_modules\@grpc\grpc-js\build\src\client-interceptors.js:327:181)
    at D:\video downloader\node_modules\@grpc\grpc-js\build\src\resolving-call.js:135:78
    at process.processTicksAndRejections (node:internal/process/task_queues:85:11)
for call at
    at ServiceClientImpl.makeServerStreamRequest (D:\video downloader\node_modules\@grpc\grpc-js\build\src\client.js:342:32)
    at ServiceClientImpl.<anonymous> (D:\video downloader\node_modules\@grpc\grpc-js\build\src\make-client.js:105:19)
    at D:\video downloader\node_modules\@google-cloud\firestore\build\src\v1\firestore_client.js:257:29
    at D:\video downloader\node_modules\google-gax\build\src\streamingCalls\streamingApiCaller.js:39:28
    at D:\video downloader\node_modules\google-gax\build\src\normalCalls\timeout.js:44:16
    at Object.request (D:\video downloader\node_modules\google-gax\build\src\streamingCalls\streaming.js:248:40)
    at makeRequest (D:\video downloader\node_modules\google-gax\node_modules\retry-request\index.js:159:28)
    at retryRequest (D:\video downloader\node_modules\google-gax\node_modules\retry-request\index.js:119:5)
    at StreamProxy.setStream (D:\video downloader\node_modules\google-gax\build\src\streamingCalls\streaming.js:239:37)
    at StreamingApiCaller.call (D:\video downloader\node_modules\google-gax\build\src\streamingCalls\streamingApiCaller.js:55:16)
Caused by: Error
    at D:\video downloader\node_modules\@google-cloud\firestore\build\src\index.js:1097:27
    at D:\video downloader\node_modules\@google-cloud\firestore\build\src\telemetry\enabled-trace-util.js:125:30
    at NoopContextManager.with (D:\video downloader\node_modules\@opentelemetry\api\build\src\context\NoopContextManager.js:14:19)
    at ContextAPI.with (D:\video downloader\node_modules\@opentelemetry\api\build\src\api\context.js:51:46)
    at NoopTracer.startActiveSpan (D:\video downloader\node_modules\@opentelemetry\api\build\src\trace\NoopTracer.js:54:31)
    at ProxyTracer.startActiveSpan (D:\video downloader\node_modules\@opentelemetry\api\build\src\trace\ProxyTracer.js:27:24)
    at EnabledTraceUtil.startActiveSpan (D:\video downloader\node_modules\@google-cloud\firestore\build\src\telemetry\enabled-trace-util.js:117:28)
    at Firestore.getAll (D:\video downloader\node_modules\@google-cloud\firestore\build\src\index.js:1088:32)
    at D:\video downloader\node_modules\@google-cloud\firestore\build\src\reference\document-reference.js:185:36
    at D:\video downloader\node_modules\@google-cloud\firestore\build\src\telemetry\enabled-trace-util.js:125:30
2026-06-18 19:07:36 [info]: [yt-dlp] Extracting info: https://youtu.be/tLeBDumanoc?si=dPjz7KyS2x8dIAPz
2026-06-18 19:07:36 [info]: [yt-dlp] Injecting firefox cookies for extraction
2026-06-18 19:07:41 [info]: [yt-dlp] Extracted "SPIDER-MAN: BRAND NEW DAY – New Trailer" — 27 formats found.
2026-06-18 19:07:41 [error]: TypeError: Cannot read properties of undefined (reading 'FieldValue')
    at recordFirestoreUsage (D:\video downloader\server\services\firebase.js:128:32)
    at D:\video downloader\server\routes\extract.js:55:15
    at process.processTicksAndRejections (node:internal/process/task_queues:104:5)
2026-06-18 19:07:41 [debug]: POST / 200 4927ms — ::1
2026-06-18 19:07:46 [error]: Failed to create Razorpay order:
2026-06-18 19:07:46 [error]: Error: Could not initialize payment. Please try again.
    at Object.createOrder (D:\video downloader\server\services\razorpay.js:47:11)
    at process.processTicksAndRejections (node:internal/process/task_queues:104:5)
    at async D:\video downloader\server\routes\razorpay.js:39:19
2026-06-18 19:07:46 [error]: POST /create-order 500 359ms — ::1
2026-06-18 19:07:53 [error]: Failed to create Razorpay order:
2026-06-18 19:07:53 [error]: Error: Could not initialize payment. Please try again.
    at Object.createOrder (D:\video downloader\server\services\razorpay.js:47:11)
    at process.processTicksAndRejections (node:internal/process/task_queues:104:5)
    at async D:\video downloader\server\routes\razorpay.js:39:19
2026-06-18 19:07:53 [error]: POST /create-order 500 247ms — ::1
2026-06-18 19:11:19 [debug]: GET / 200 4ms — ::1
2026-06-18 19:12:06 [debug]: GET / 200 5ms — ::1
2026-06-18 19:12:06 [debug]: GET /css/styles.css 200 5ms — ::1
2026-06-18 19:12:06 [debug]: GET /js/api.js 200 3ms — ::1
2026-06-18 19:12:06 [debug]: GET /js/auth.js 200 3ms — ::1
2026-06-18 19:12:06 [debug]: GET /js/ui.js 200 5ms — ::1
2026-06-18 19:12:06 [debug]: GET /js/app.js 200 5ms — ::1
2026-06-18 19:12:06 [debug]: GET /api/config 200 2ms — ::1
2026-06-18 19:12:07 [debug]: GET /favicon.ico 200 9ms — ::1
2026-06-18 19:12:11 [debug]: GET / 200 4ms — ::1
2026-06-18 19:12:11 [debug]: GET /css/styles.css 200 3ms — ::1
2026-06-18 19:12:11 [debug]: GET /js/api.js 200 8ms — ::1
2026-06-18 19:12:11 [debug]: GET /js/auth.js 200 9ms — ::1
2026-06-18 19:12:11 [debug]: GET /js/ui.js 200 9ms — ::1
2026-06-18 19:12:11 [debug]: GET /js/app.js 200 10ms — ::1
2026-06-18 19:12:11 [debug]: GET /api/config 200 2ms — ::1
2026-06-18 19:12:11 [debug]: GET /favicon.ico 304 5ms — ::1
2026-06-18 19:13:42 [error]: Error: 7 PERMISSION_DENIED: Cloud Firestore API has not been used in project video-downloader-fd8ef before or it is disabled. Enable it by visiting https://console.developers.google.com/apis/api/firestore.googleapis.com/overview?project=video-downloader-fd8ef then retry. If you enabled this API recently, wait a few minutes for the action to propagate to our systems and retry.
    at callErrorFromStatus (D:\video downloader\node_modules\@grpc\grpc-js\build\src\call.js:32:19)
    at Object.onReceiveStatus (D:\video downloader\node_modules\@grpc\grpc-js\build\src\client.js:193:76)
    at Object.onReceiveStatus (D:\video downloader\node_modules\@grpc\grpc-js\build\src\client-interceptors.js:367:141)
    at Object.onReceiveStatus (D:\video downloader\node_modules\@grpc\grpc-js\build\src\client-interceptors.js:327:181)
    at D:\video downloader\node_modules\@grpc\grpc-js\build\src\resolving-call.js:135:78
    at process.processTicksAndRejections (node:internal/process/task_queues:85:11)
for call at
    at ServiceClientImpl.makeUnaryRequest (D:\video downloader\node_modules\@grpc\grpc-js\build\src\client.js:161:32)
    at ServiceClientImpl.<anonymous> (D:\video downloader\node_modules\@grpc\grpc-js\build\src\make-client.js:105:19)
    at D:\video downloader\node_modules\@google-cloud\firestore\build\src\v1\firestore_client.js:257:29
    at D:\video downloader\node_modules\google-gax\build\src\normalCalls\timeout.js:44:16
    at repeat (D:\video downloader\node_modules\google-gax\build\src\normalCalls\retries.js:114:25)
    at D:\video downloader\node_modules\google-gax\build\src\normalCalls\retries.js:156:13
    at OngoingCallPromise.call (D:\video downloader\node_modules\google-gax\build\src\call.js:70:27)
    at NormalApiCaller.call (D:\video downloader\node_modules\google-gax\build\src\normalCalls\normalApiCaller.js:34:19)
    at D:\video downloader\node_modules\google-gax\build\src\createApiCall.js:110:30
    at process.processTicksAndRejections (node:internal/process/task_queues:104:5)
Caused by: Error
    at _firestore._traceUtil.startActiveSpan (D:\video downloader\node_modules\@google-cloud\firestore\build\src\write-batch.js:442:27)
    at D:\video downloader\node_modules\@google-cloud\firestore\build\src\telemetry\enabled-trace-util.js:125:30
    at NoopContextManager.with (D:\video downloader\node_modules\@opentelemetry\api\build\src\context\NoopContextManager.js:14:19)
    at ContextAPI.with (D:\video downloader\node_modules\@opentelemetry\api\build\src\api\context.js:51:46)
    at NoopTracer.startActiveSpan (D:\video downloader\node_modules\@opentelemetry\api\build\src\trace\NoopTracer.js:54:31)
    at ProxyTracer.startActiveSpan (D:\video downloader\node_modules\@opentelemetry\api\build\src\trace\ProxyTracer.js:27:24)
    at EnabledTraceUtil.startActiveSpan (D:\video downloader\node_modules\@google-cloud\firestore\build\src\telemetry\enabled-trace-util.js:117:28)
    at WriteBatch.commit (D:\video downloader\node_modules\@google-cloud\firestore\build\src\write-batch.js:440:43)
    at D:\video downloader\node_modules\@google-cloud\firestore\build\src\reference\document-reference.js:353:31
    at D:\video downloader\node_modules\@google-cloud\firestore\build\src\telemetry\enabled-trace-util.js:125:30
2026-06-18 19:13:42 [error]: Error: 7 PERMISSION_DENIED: Cloud Firestore API has not been used in project video-downloader-fd8ef before or it is disabled. Enable it by visiting https://console.developers.google.com/apis/api/firestore.googleapis.com/overview?project=video-downloader-fd8ef then retry. If you enabled this API recently, wait a few minutes for the action to propagate to our systems and retry.
    at callErrorFromStatus (D:\video downloader\node_modules\@grpc\grpc-js\build\src\call.js:32:19)
    at Object.onReceiveStatus (D:\video downloader\node_modules\@grpc\grpc-js\build\src\client.js:359:73)
    at Object.onReceiveStatus (D:\video downloader\node_modules\@grpc\grpc-js\build\src\client-interceptors.js:327:181)
    at D:\video downloader\node_modules\@grpc\grpc-js\build\src\resolving-call.js:135:78
    at process.processTicksAndRejections (node:internal/process/task_queues:85:11)
for call at
    at ServiceClientImpl.makeServerStreamRequest (D:\video downloader\node_modules\@grpc\grpc-js\build\src\client.js:342:32)
    at ServiceClientImpl.<anonymous> (D:\video downloader\node_modules\@grpc\grpc-js\build\src\make-client.js:105:19)
    at D:\video downloader\node_modules\@google-cloud\firestore\build\src\v1\firestore_client.js:257:29
    at D:\video downloader\node_modules\google-gax\build\src\streamingCalls\streamingApiCaller.js:39:28
    at D:\video downloader\node_modules\google-gax\build\src\normalCalls\timeout.js:44:16
    at Object.request (D:\video downloader\node_modules\google-gax\build\src\streamingCalls\streaming.js:248:40)
    at makeRequest (D:\video downloader\node_modules\google-gax\node_modules\retry-request\index.js:159:28)
    at retryRequest (D:\video downloader\node_modules\google-gax\node_modules\retry-request\index.js:119:5)
    at StreamProxy.setStream (D:\video downloader\node_modules\google-gax\build\src\streamingCalls\streaming.js:239:37)
    at StreamingApiCaller.call (D:\video downloader\node_modules\google-gax\build\src\streamingCalls\streamingApiCaller.js:55:16)
Caused by: Error
    at D:\video downloader\node_modules\@google-cloud\firestore\build\src\index.js:1097:27
    at D:\video downloader\node_modules\@google-cloud\firestore\build\src\telemetry\enabled-trace-util.js:125:30
    at NoopContextManager.with (D:\video downloader\node_modules\@opentelemetry\api\build\src\context\NoopContextManager.js:14:19)
    at ContextAPI.with (D:\video downloader\node_modules\@opentelemetry\api\build\src\api\context.js:51:46)
    at NoopTracer.startActiveSpan (D:\video downloader\node_modules\@opentelemetry\api\build\src\trace\NoopTracer.js:54:31)
    at ProxyTracer.startActiveSpan (D:\video downloader\node_modules\@opentelemetry\api\build\src\trace\ProxyTracer.js:27:24)
    at EnabledTraceUtil.startActiveSpan (D:\video downloader\node_modules\@google-cloud\firestore\build\src\telemetry\enabled-trace-util.js:117:28)
    at Firestore.getAll (D:\video downloader\node_modules\@google-cloud\firestore\build\src\index.js:1088:32)
    at D:\video downloader\node_modules\@google-cloud\firestore\build\src\reference\document-reference.js:185:36
    at D:\video downloader\node_modules\@google-cloud\firestore\build\src\telemetry\enabled-trace-util.js:125:30
2026-06-18 19:13:42 [error]: Error: 7 PERMISSION_DENIED: Cloud Firestore API has not been used in project video-downloader-fd8ef before or it is disabled. Enable it by visiting https://console.developers.google.com/apis/api/firestore.googleapis.com/overview?project=video-downloader-fd8ef then retry. If you enabled this API recently, wait a few minutes for the action to propagate to our systems and retry.
    at callErrorFromStatus (D:\video downloader\node_modules\@grpc\grpc-js\build\src\call.js:32:19)
    at Object.onReceiveStatus (D:\video downloader\node_modules\@grpc\grpc-js\build\src\client.js:359:73)
    at Object.onReceiveStatus (D:\video downloader\node_modules\@grpc\grpc-js\build\src\client-interceptors.js:327:181)
    at D:\video downloader\node_modules\@grpc\grpc-js\build\src\resolving-call.js:135:78
    at process.processTicksAndRejections (node:internal/process/task_queues:85:11)
for call at
    at ServiceClientImpl.makeServerStreamRequest (D:\video downloader\node_modules\@grpc\grpc-js\build\src\client.js:342:32)
    at ServiceClientImpl.<anonymous> (D:\video downloader\node_modules\@grpc\grpc-js\build\src\make-client.js:105:19)
    at D:\video downloader\node_modules\@google-cloud\firestore\build\src\v1\firestore_client.js:257:29
    at D:\video downloader\node_modules\google-gax\build\src\streamingCalls\streamingApiCaller.js:39:28
    at D:\video downloader\node_modules\google-gax\build\src\normalCalls\timeout.js:44:16
    at Object.request (D:\video downloader\node_modules\google-gax\build\src\streamingCalls\streaming.js:248:40)
    at makeRequest (D:\video downloader\node_modules\google-gax\node_modules\retry-request\index.js:159:28)
    at retryRequest (D:\video downloader\node_modules\google-gax\node_modules\retry-request\index.js:119:5)
    at StreamProxy.setStream (D:\video downloader\node_modules\google-gax\build\src\streamingCalls\streaming.js:239:37)
    at StreamingApiCaller.call (D:\video downloader\node_modules\google-gax\build\src\streamingCalls\streamingApiCaller.js:55:16)
Caused by: Error
    at D:\video downloader\node_modules\@google-cloud\firestore\build\src\index.js:1097:27
    at D:\video downloader\node_modules\@google-cloud\firestore\build\src\telemetry\enabled-trace-util.js:125:30
    at NoopContextManager.with (D:\video downloader\node_modules\@opentelemetry\api\build\src\context\NoopContextManager.js:14:19)
    at ContextAPI.with (D:\video downloader\node_modules\@opentelemetry\api\build\src\api\context.js:51:46)
    at NoopTracer.startActiveSpan (D:\video downloader\node_modules\@opentelemetry\api\build\src\trace\NoopTracer.js:54:31)
    at ProxyTracer.startActiveSpan (D:\video downloader\node_modules\@opentelemetry\api\build\src\trace\ProxyTracer.js:27:24)
    at EnabledTraceUtil.startActiveSpan (D:\video downloader\node_modules\@google-cloud\firestore\build\src\telemetry\enabled-trace-util.js:117:28)
    at Firestore.getAll (D:\video downloader\node_modules\@google-cloud\firestore\build\src\index.js:1088:32)
    at D:\video downloader\node_modules\@google-cloud\firestore\build\src\reference\document-reference.js:185:36
    at D:\video downloader\node_modules\@google-cloud\firestore\build\src\telemetry\enabled-trace-util.js:125:30
2026-06-18 19:13:42 [debug]: [Auth] Token verified: uid=tXJRLNL6OVXJJ9xHM8VfglcryeV2 tier=free
2026-06-18 19:13:42 [debug]: POST /verify 200 543ms — ::1
2026-06-18 19:13:55 [error]: Failed to create Razorpay order:
2026-06-18 19:13:55 [error]: Error: Could not initialize payment. Please try again.
    at Object.createOrder (D:\video downloader\server\services\razorpay.js:47:11)
    at process.processTicksAndRejections (node:internal/process/task_queues:104:5)
    at async D:\video downloader\server\routes\razorpay.js:39:19
2026-06-18 19:13:55 [error]: POST /create-order 500 325ms — ::1
2026-06-18 19:14:02 [error]: Error: 7 PERMISSION_DENIED: Cloud Firestore API has not been used in project video-downloader-fd8ef before or it is disabled. Enable it by visiting https://console.developers.google.com/apis/api/firestore.googleapis.com/overview?project=video-downloader-fd8ef then retry. If you enabled this API recently, wait a few minutes for the action to propagate to our systems and retry.
    at callErrorFromStatus (D:\video downloader\node_modules\@grpc\grpc-js\build\src\call.js:32:19)
    at Object.onReceiveStatus (D:\video downloader\node_modules\@grpc\grpc-js\build\src\client.js:359:73)
    at Object.onReceiveStatus (D:\video downloader\node_modules\@grpc\grpc-js\build\src\client-interceptors.js:327:181)
    at D:\video downloader\node_modules\@grpc\grpc-js\build\src\resolving-call.js:135:78
    at process.processTicksAndRejections (node:internal/process/task_queues:85:11)
for call at
    at ServiceClientImpl.makeServerStreamRequest (D:\video downloader\node_modules\@grpc\grpc-js\build\src\client.js:342:32)
    at ServiceClientImpl.<anonymous> (D:\video downloader\node_modules\@grpc\grpc-js\build\src\make-client.js:105:19)
    at D:\video downloader\node_modules\@google-cloud\firestore\build\src\v1\firestore_client.js:257:29
    at D:\video downloader\node_modules\google-gax\build\src\streamingCalls\streamingApiCaller.js:39:28
    at D:\video downloader\node_modules\google-gax\build\src\normalCalls\timeout.js:44:16
    at Object.request (D:\video downloader\node_modules\google-gax\build\src\streamingCalls\streaming.js:248:40)
    at makeRequest (D:\video downloader\node_modules\google-gax\node_modules\retry-request\index.js:159:28)
    at retryRequest (D:\video downloader\node_modules\google-gax\node_modules\retry-request\index.js:119:5)
    at StreamProxy.setStream (D:\video downloader\node_modules\google-gax\build\src\streamingCalls\streaming.js:239:37)
    at StreamingApiCaller.call (D:\video downloader\node_modules\google-gax\build\src\streamingCalls\streamingApiCaller.js:55:16)
Caused by: Error
    at D:\video downloader\node_modules\@google-cloud\firestore\build\src\index.js:1097:27
    at D:\video downloader\node_modules\@google-cloud\firestore\build\src\telemetry\enabled-trace-util.js:125:30
    at NoopContextManager.with (D:\video downloader\node_modules\@opentelemetry\api\build\src\context\NoopContextManager.js:14:19)
    at ContextAPI.with (D:\video downloader\node_modules\@opentelemetry\api\build\src\api\context.js:51:46)
    at NoopTracer.startActiveSpan (D:\video downloader\node_modules\@opentelemetry\api\build\src\trace\NoopTracer.js:54:31)
    at ProxyTracer.startActiveSpan (D:\video downloader\node_modules\@opentelemetry\api\build\src\trace\ProxyTracer.js:27:24)
    at EnabledTraceUtil.startActiveSpan (D:\video downloader\node_modules\@google-cloud\firestore\build\src\telemetry\enabled-trace-util.js:117:28)
    at Firestore.getAll (D:\video downloader\node_modules\@google-cloud\firestore\build\src\index.js:1088:32)
    at D:\video downloader\node_modules\@google-cloud\firestore\build\src\reference\document-reference.js:185:36
    at D:\video downloader\node_modules\@google-cloud\firestore\build\src\telemetry\enabled-trace-util.js:125:30
2026-06-18 19:14:02 [debug]: Auth: uid=tXJRLNL6OVXJJ9xHM8VfglcryeV2 tier=free
2026-06-18 19:14:02 [warn]: URL validation failed: Private/internal URLs are not allowed. | Input: http://localhost:3000
2026-06-18 19:14:02 [warn]: POST / 400 134ms — ::1
2026-06-18 19:14:04 [error]: Error: 7 PERMISSION_DENIED: Cloud Firestore API has not been used in project video-downloader-fd8ef before or it is disabled. Enable it by visiting https://console.developers.google.com/apis/api/firestore.googleapis.com/overview?project=video-downloader-fd8ef then retry. If you enabled this API recently, wait a few minutes for the action to propagate to our systems and retry.
    at callErrorFromStatus (D:\video downloader\node_modules\@grpc\grpc-js\build\src\call.js:32:19)
    at Object.onReceiveStatus (D:\video downloader\node_modules\@grpc\grpc-js\build\src\client.js:359:73)
    at Object.onReceiveStatus (D:\video downloader\node_modules\@grpc\grpc-js\build\src\client-interceptors.js:327:181)
    at D:\video downloader\node_modules\@grpc\grpc-js\build\src\resolving-call.js:135:78
    at process.processTicksAndRejections (node:internal/process/task_queues:85:11)
for call at
    at ServiceClientImpl.makeServerStreamRequest (D:\video downloader\node_modules\@grpc\grpc-js\build\src\client.js:342:32)
    at ServiceClientImpl.<anonymous> (D:\video downloader\node_modules\@grpc\grpc-js\build\src\make-client.js:105:19)
    at D:\video downloader\node_modules\@google-cloud\firestore\build\src\v1\firestore_client.js:257:29
    at D:\video downloader\node_modules\google-gax\build\src\streamingCalls\streamingApiCaller.js:39:28
    at D:\video downloader\node_modules\google-gax\build\src\normalCalls\timeout.js:44:16
    at Object.request (D:\video downloader\node_modules\google-gax\build\src\streamingCalls\streaming.js:248:40)
    at makeRequest (D:\video downloader\node_modules\google-gax\node_modules\retry-request\index.js:159:28)
    at retryRequest (D:\video downloader\node_modules\google-gax\node_modules\retry-request\index.js:119:5)
    at StreamProxy.setStream (D:\video downloader\node_modules\google-gax\build\src\streamingCalls\streaming.js:239:37)
    at StreamingApiCaller.call (D:\video downloader\node_modules\google-gax\build\src\streamingCalls\streamingApiCaller.js:55:16)
Caused by: Error
    at D:\video downloader\node_modules\@google-cloud\firestore\build\src\index.js:1097:27
    at D:\video downloader\node_modules\@google-cloud\firestore\build\src\telemetry\enabled-trace-util.js:125:30
    at NoopContextManager.with (D:\video downloader\node_modules\@opentelemetry\api\build\src\context\NoopContextManager.js:14:19)
    at ContextAPI.with (D:\video downloader\node_modules\@opentelemetry\api\build\src\api\context.js:51:46)
    at NoopTracer.startActiveSpan (D:\video downloader\node_modules\@opentelemetry\api\build\src\trace\NoopTracer.js:54:31)
    at ProxyTracer.startActiveSpan (D:\video downloader\node_modules\@opentelemetry\api\build\src\trace\ProxyTracer.js:27:24)
    at EnabledTraceUtil.startActiveSpan (D:\video downloader\node_modules\@google-cloud\firestore\build\src\telemetry\enabled-trace-util.js:117:28)
    at Firestore.getAll (D:\video downloader\node_modules\@google-cloud\firestore\build\src\index.js:1088:32)
    at D:\video downloader\node_modules\@google-cloud\firestore\build\src\reference\document-reference.js:185:36
    at D:\video downloader\node_modules\@google-cloud\firestore\build\src\telemetry\enabled-trace-util.js:125:30
2026-06-18 19:14:04 [debug]: Auth: uid=tXJRLNL6OVXJJ9xHM8VfglcryeV2 tier=free
2026-06-18 19:14:04 [warn]: URL validation failed: Private/internal URLs are not allowed. | Input: http://localhost:3000
2026-06-18 19:14:04 [warn]: POST / 400 110ms — ::1
2026-06-18 19:15:10 [error]: Error: 7 PERMISSION_DENIED: Cloud Firestore API has not been used in project video-downloader-fd8ef before or it is disabled. Enable it by visiting https://console.developers.google.com/apis/api/firestore.googleapis.com/overview?project=video-downloader-fd8ef then retry. If you enabled this API recently, wait a few minutes for the action to propagate to our systems and retry.
    at callErrorFromStatus (D:\video downloader\node_modules\@grpc\grpc-js\build\src\call.js:32:19)
    at Object.onReceiveStatus (D:\video downloader\node_modules\@grpc\grpc-js\build\src\client.js:359:73)
    at Object.onReceiveStatus (D:\video downloader\node_modules\@grpc\grpc-js\build\src\client-interceptors.js:327:181)
    at D:\video downloader\node_modules\@grpc\grpc-js\build\src\resolving-call.js:135:78
    at process.processTicksAndRejections (node:internal/process/task_queues:85:11)
for call at
    at ServiceClientImpl.makeServerStreamRequest (D:\video downloader\node_modules\@grpc\grpc-js\build\src\client.js:342:32)
    at ServiceClientImpl.<anonymous> (D:\video downloader\node_modules\@grpc\grpc-js\build\src\make-client.js:105:19)
    at D:\video downloader\node_modules\@google-cloud\firestore\build\src\v1\firestore_client.js:257:29
    at D:\video downloader\node_modules\google-gax\build\src\streamingCalls\streamingApiCaller.js:39:28
    at D:\video downloader\node_modules\google-gax\build\src\normalCalls\timeout.js:44:16
    at Object.request (D:\video downloader\node_modules\google-gax\build\src\streamingCalls\streaming.js:248:40)
    at makeRequest (D:\video downloader\node_modules\google-gax\node_modules\retry-request\index.js:159:28)
    at retryRequest (D:\video downloader\node_modules\google-gax\node_modules\retry-request\index.js:119:5)
    at StreamProxy.setStream (D:\video downloader\node_modules\google-gax\build\src\streamingCalls\streaming.js:239:37)
    at StreamingApiCaller.call (D:\video downloader\node_modules\google-gax\build\src\streamingCalls\streamingApiCaller.js:55:16)
Caused by: Error
    at D:\video downloader\node_modules\@google-cloud\firestore\build\src\index.js:1097:27
    at D:\video downloader\node_modules\@google-cloud\firestore\build\src\telemetry\enabled-trace-util.js:125:30
    at NoopContextManager.with (D:\video downloader\node_modules\@opentelemetry\api\build\src\context\NoopContextManager.js:14:19)
    at ContextAPI.with (D:\video downloader\node_modules\@opentelemetry\api\build\src\api\context.js:51:46)
    at NoopTracer.startActiveSpan (D:\video downloader\node_modules\@opentelemetry\api\build\src\trace\NoopTracer.js:54:31)
    at ProxyTracer.startActiveSpan (D:\video downloader\node_modules\@opentelemetry\api\build\src\trace\ProxyTracer.js:27:24)
    at EnabledTraceUtil.startActiveSpan (D:\video downloader\node_modules\@google-cloud\firestore\build\src\telemetry\enabled-trace-util.js:117:28)
    at Firestore.getAll (D:\video downloader\node_modules\@google-cloud\firestore\build\src\index.js:1088:32)
    at D:\video downloader\node_modules\@google-cloud\firestore\build\src\reference\document-reference.js:185:36
    at D:\video downloader\node_modules\@google-cloud\firestore\build\src\telemetry\enabled-trace-util.js:125:30
2026-06-18 19:15:10 [debug]: Auth: uid=tXJRLNL6OVXJJ9xHM8VfglcryeV2 tier=free
2026-06-18 19:15:10 [error]: Error: 7 PERMISSION_DENIED: Cloud Firestore API has not been used in project video-downloader-fd8ef before or it is disabled. Enable it by visiting https://console.developers.google.com/apis/api/firestore.googleapis.com/overview?project=video-downloader-fd8ef then retry. If you enabled this API recently, wait a few minutes for the action to propagate to our systems and retry.
    at callErrorFromStatus (D:\video downloader\node_modules\@grpc\grpc-js\build\src\call.js:32:19)
    at Object.onReceiveStatus (D:\video downloader\node_modules\@grpc\grpc-js\build\src\client.js:359:73)
    at Object.onReceiveStatus (D:\video downloader\node_modules\@grpc\grpc-js\build\src\client-interceptors.js:327:181)
    at D:\video downloader\node_modules\@grpc\grpc-js\build\src\resolving-call.js:135:78
    at process.processTicksAndRejections (node:internal/process/task_queues:85:11)
for call at
    at ServiceClientImpl.makeServerStreamRequest (D:\video downloader\node_modules\@grpc\grpc-js\build\src\client.js:342:32)
    at ServiceClientImpl.<anonymous> (D:\video downloader\node_modules\@grpc\grpc-js\build\src\make-client.js:105:19)
    at D:\video downloader\node_modules\@google-cloud\firestore\build\src\v1\firestore_client.js:257:29
    at D:\video downloader\node_modules\google-gax\build\src\streamingCalls\streamingApiCaller.js:39:28
    at D:\video downloader\node_modules\google-gax\build\src\normalCalls\timeout.js:44:16
    at Object.request (D:\video downloader\node_modules\google-gax\build\src\streamingCalls\streaming.js:248:40)
    at makeRequest (D:\video downloader\node_modules\google-gax\node_modules\retry-request\index.js:159:28)
    at retryRequest (D:\video downloader\node_modules\google-gax\node_modules\retry-request\index.js:119:5)
    at StreamProxy.setStream (D:\video downloader\node_modules\google-gax\build\src\streamingCalls\streaming.js:239:37)
    at StreamingApiCaller.call (D:\video downloader\node_modules\google-gax\build\src\streamingCalls\streamingApiCaller.js:55:16)
Caused by: Error
    at D:\video downloader\node_modules\@google-cloud\firestore\build\src\index.js:1097:27
    at D:\video downloader\node_modules\@google-cloud\firestore\build\src\telemetry\enabled-trace-util.js:125:30
    at NoopContextManager.with (D:\video downloader\node_modules\@opentelemetry\api\build\src\context\NoopContextManager.js:14:19)
    at ContextAPI.with (D:\video downloader\node_modules\@opentelemetry\api\build\src\api\context.js:51:46)
    at NoopTracer.startActiveSpan (D:\video downloader\node_modules\@opentelemetry\api\build\src\trace\NoopTracer.js:54:31)
    at ProxyTracer.startActiveSpan (D:\video downloader\node_modules\@opentelemetry\api\build\src\trace\ProxyTracer.js:27:24)
    at EnabledTraceUtil.startActiveSpan (D:\video downloader\node_modules\@google-cloud\firestore\build\src\telemetry\enabled-trace-util.js:117:28)
    at Firestore.getAll (D:\video downloader\node_modules\@google-cloud\firestore\build\src\index.js:1088:32)
    at D:\video downloader\node_modules\@google-cloud\firestore\build\src\reference\document-reference.js:185:36
    at D:\video downloader\node_modules\@google-cloud\firestore\build\src\telemetry\enabled-trace-util.js:125:30
2026-06-18 19:15:10 [info]: [yt-dlp] Extracting info: https://youtu.be/Fi1wAaQkJHU?si=EjfwJ9_E0OTaWbkh
2026-06-18 19:15:10 [info]: [yt-dlp] Injecting firefox cookies for extraction
2026-06-18 19:15:18 [info]: [yt-dlp] Extracted "SPIDER-MAN: BRAND NEW DAY - New Trailer - Hindi | Exclusively In Cinemas July 30" — 27 formats found.
2026-06-18 19:15:18 [error]: TypeError: Cannot read properties of undefined (reading 'FieldValue')
    at recordFirestoreUsage (D:\video downloader\server\services\firebase.js:128:32)
    at D:\video downloader\server\routes\extract.js:55:15
    at process.processTicksAndRejections (node:internal/process/task_queues:104:5)
2026-06-18 19:15:18 [debug]: POST / 200 8369ms — ::1
2026-06-18 19:15:27 [error]: Failed to create Razorpay order:
2026-06-18 19:15:27 [error]: Error: Could not initialize payment. Please try again.
    at Object.createOrder (D:\video downloader\server\services\razorpay.js:47:11)
    at process.processTicksAndRejections (node:internal/process/task_queues:104:5)
    at async D:\video downloader\server\routes\razorpay.js:39:19
2026-06-18 19:15:27 [error]: POST /create-order 500 368ms — ::1
2026-06-18 19:18:30 [info]: Firebase Admin SDK initialized for project: video-downloader-fd8ef
2026-06-18 19:18:31 [info]: ✅ yt-dlp found: v2026.06.09
2026-06-18 19:18:31 [info]: ✅ FFmpeg found: ffmpeg version 6.1.1-essentials_build-www.gyan.dev Copyright (c) 2000-2023 the FFmpeg developers
2026-06-18 19:18:31 [info]: 
🚀 Video Downloader API running at http://localhost:3000
2026-06-18 19:18:31 [info]:    Environment: development
2026-06-18 19:18:31 [info]:    Open http://localhost:3000 in your browser

2026-06-18 19:18:50 [info]: Firebase Admin SDK initialized for project: video-downloader-fd8ef
2026-06-18 19:18:51 [info]: ✅ yt-dlp found: v2026.06.09
2026-06-18 19:18:51 [info]: ✅ FFmpeg found: ffmpeg version 6.1.1-essentials_build-www.gyan.dev Copyright (c) 2000-2023 the FFmpeg developers
2026-06-18 19:18:51 [info]: 
🚀 Video Downloader API running at http://localhost:3000
2026-06-18 19:18:51 [info]:    Environment: development
2026-06-18 19:18:51 [info]:    Open http://localhost:3000 in your browser

2026-06-18 19:19:06 [debug]: GET / 200 23ms — ::1
2026-06-18 19:19:06 [debug]: GET /css/styles.css 200 17ms — ::1
2026-06-18 19:19:06 [debug]: GET /js/api.js 200 19ms — ::1
2026-06-18 19:19:06 [debug]: GET /js/auth.js 200 18ms — ::1
2026-06-18 19:19:06 [debug]: GET /js/ui.js 200 19ms — ::1
2026-06-18 19:19:06 [debug]: GET /js/app.js 200 15ms — ::1
2026-06-18 19:19:07 [debug]: GET /api/config 200 7ms — ::1
2026-06-18 19:19:08 [debug]: GET /favicon.ico 304 9ms — ::1
2026-06-18 19:19:09 [error]: Error: 7 PERMISSION_DENIED: Cloud Firestore API has not been used in project video-downloader-fd8ef before or it is disabled. Enable it by visiting https://console.developers.google.com/apis/api/firestore.googleapis.com/overview?project=video-downloader-fd8ef then retry. If you enabled this API recently, wait a few minutes for the action to propagate to our systems and retry.
    at callErrorFromStatus (D:\video downloader\node_modules\@grpc\grpc-js\build\src\call.js:32:19)
    at Object.onReceiveStatus (D:\video downloader\node_modules\@grpc\grpc-js\build\src\client.js:193:76)
    at Object.onReceiveStatus (D:\video downloader\node_modules\@grpc\grpc-js\build\src\client-interceptors.js:367:141)
    at Object.onReceiveStatus (D:\video downloader\node_modules\@grpc\grpc-js\build\src\client-interceptors.js:327:181)
    at D:\video downloader\node_modules\@grpc\grpc-js\build\src\resolving-call.js:135:78
    at process.processTicksAndRejections (node:internal/process/task_queues:85:11)
for call at
    at ServiceClientImpl.makeUnaryRequest (D:\video downloader\node_modules\@grpc\grpc-js\build\src\client.js:161:32)
    at ServiceClientImpl.<anonymous> (D:\video downloader\node_modules\@grpc\grpc-js\build\src\make-client.js:105:19)
    at D:\video downloader\node_modules\@google-cloud\firestore\build\src\v1\firestore_client.js:257:29
    at D:\video downloader\node_modules\google-gax\build\src\normalCalls\timeout.js:44:16
    at repeat (D:\video downloader\node_modules\google-gax\build\src\normalCalls\retries.js:114:25)
    at D:\video downloader\node_modules\google-gax\build\src\normalCalls\retries.js:156:13
    at OngoingCallPromise.call (D:\video downloader\node_modules\google-gax\build\src\call.js:70:27)
    at NormalApiCaller.call (D:\video downloader\node_modules\google-gax\build\src\normalCalls\normalApiCaller.js:34:19)
    at D:\video downloader\node_modules\google-gax\build\src\createApiCall.js:110:30
    at process.processTicksAndRejections (node:internal/process/task_queues:104:5)
Caused by: Error
    at _firestore._traceUtil.startActiveSpan (D:\video downloader\node_modules\@google-cloud\firestore\build\src\write-batch.js:442:27)
    at D:\video downloader\node_modules\@google-cloud\firestore\build\src\telemetry\enabled-trace-util.js:125:30
    at NoopContextManager.with (D:\video downloader\node_modules\@opentelemetry\api\build\src\context\NoopContextManager.js:14:19)
    at ContextAPI.with (D:\video downloader\node_modules\@opentelemetry\api\build\src\api\context.js:51:46)
    at NoopTracer.startActiveSpan (D:\video downloader\node_modules\@opentelemetry\api\build\src\trace\NoopTracer.js:54:31)
    at ProxyTracer.startActiveSpan (D:\video downloader\node_modules\@opentelemetry\api\build\src\trace\ProxyTracer.js:27:24)
    at EnabledTraceUtil.startActiveSpan (D:\video downloader\node_modules\@google-cloud\firestore\build\src\telemetry\enabled-trace-util.js:117:28)
    at WriteBatch.commit (D:\video downloader\node_modules\@google-cloud\firestore\build\src\write-batch.js:440:43)
    at D:\video downloader\node_modules\@google-cloud\firestore\build\src\reference\document-reference.js:353:31
    at D:\video downloader\node_modules\@google-cloud\firestore\build\src\telemetry\enabled-trace-util.js:125:30
2026-06-18 19:19:09 [error]: Error: 7 PERMISSION_DENIED: Cloud Firestore API has not been used in project video-downloader-fd8ef before or it is disabled. Enable it by visiting https://console.developers.google.com/apis/api/firestore.googleapis.com/overview?project=video-downloader-fd8ef then retry. If you enabled this API recently, wait a few minutes for the action to propagate to our systems and retry.
    at callErrorFromStatus (D:\video downloader\node_modules\@grpc\grpc-js\build\src\call.js:32:19)
    at Object.onReceiveStatus (D:\video downloader\node_modules\@grpc\grpc-js\build\src\client.js:359:73)
    at Object.onReceiveStatus (D:\video downloader\node_modules\@grpc\grpc-js\build\src\client-interceptors.js:327:181)
    at D:\video downloader\node_modules\@grpc\grpc-js\build\src\resolving-call.js:135:78
    at process.processTicksAndRejections (node:internal/process/task_queues:85:11)
for call at
    at ServiceClientImpl.makeServerStreamRequest (D:\video downloader\node_modules\@grpc\grpc-js\build\src\client.js:342:32)
    at ServiceClientImpl.<anonymous> (D:\video downloader\node_modules\@grpc\grpc-js\build\src\make-client.js:105:19)
    at D:\video downloader\node_modules\@google-cloud\firestore\build\src\v1\firestore_client.js:257:29
    at D:\video downloader\node_modules\google-gax\build\src\streamingCalls\streamingApiCaller.js:39:28
    at D:\video downloader\node_modules\google-gax\build\src\normalCalls\timeout.js:44:16
    at Object.request (D:\video downloader\node_modules\google-gax\build\src\streamingCalls\streaming.js:248:40)
    at makeRequest (D:\video downloader\node_modules\google-gax\node_modules\retry-request\index.js:159:28)
    at retryRequest (D:\video downloader\node_modules\google-gax\node_modules\retry-request\index.js:119:5)
    at StreamProxy.setStream (D:\video downloader\node_modules\google-gax\build\src\streamingCalls\streaming.js:239:37)
    at StreamingApiCaller.call (D:\video downloader\node_modules\google-gax\build\src\streamingCalls\streamingApiCaller.js:55:16)
Caused by: Error
    at D:\video downloader\node_modules\@google-cloud\firestore\build\src\index.js:1097:27
    at D:\video downloader\node_modules\@google-cloud\firestore\build\src\telemetry\enabled-trace-util.js:125:30
    at NoopContextManager.with (D:\video downloader\node_modules\@opentelemetry\api\build\src\context\NoopContextManager.js:14:19)
    at ContextAPI.with (D:\video downloader\node_modules\@opentelemetry\api\build\src\api\context.js:51:46)
    at NoopTracer.startActiveSpan (D:\video downloader\node_modules\@opentelemetry\api\build\src\trace\NoopTracer.js:54:31)
    at ProxyTracer.startActiveSpan (D:\video downloader\node_modules\@opentelemetry\api\build\src\trace\ProxyTracer.js:27:24)
    at EnabledTraceUtil.startActiveSpan (D:\video downloader\node_modules\@google-cloud\firestore\build\src\telemetry\enabled-trace-util.js:117:28)
    at Firestore.getAll (D:\video downloader\node_modules\@google-cloud\firestore\build\src\index.js:1088:32)
    at D:\video downloader\node_modules\@google-cloud\firestore\build\src\reference\document-reference.js:185:36
    at D:\video downloader\node_modules\@google-cloud\firestore\build\src\telemetry\enabled-trace-util.js:125:30
2026-06-18 19:19:09 [error]: Error: 7 PERMISSION_DENIED: Cloud Firestore API has not been used in project video-downloader-fd8ef before or it is disabled. Enable it by visiting https://console.developers.google.com/apis/api/firestore.googleapis.com/overview?project=video-downloader-fd8ef then retry. If you enabled this API recently, wait a few minutes for the action to propagate to our systems and retry.
    at callErrorFromStatus (D:\video downloader\node_modules\@grpc\grpc-js\build\src\call.js:32:19)
    at Object.onReceiveStatus (D:\video downloader\node_modules\@grpc\grpc-js\build\src\client.js:359:73)
    at Object.onReceiveStatus (D:\video downloader\node_modules\@grpc\grpc-js\build\src\client-interceptors.js:327:181)
    at D:\video downloader\node_modules\@grpc\grpc-js\build\src\resolving-call.js:135:78
    at process.processTicksAndRejections (node:internal/process/task_queues:85:11)
for call at
    at ServiceClientImpl.makeServerStreamRequest (D:\video downloader\node_modules\@grpc\grpc-js\build\src\client.js:342:32)
    at ServiceClientImpl.<anonymous> (D:\video downloader\node_modules\@grpc\grpc-js\build\src\make-client.js:105:19)
    at D:\video downloader\node_modules\@google-cloud\firestore\build\src\v1\firestore_client.js:257:29
    at D:\video downloader\node_modules\google-gax\build\src\streamingCalls\streamingApiCaller.js:39:28
    at D:\video downloader\node_modules\google-gax\build\src\normalCalls\timeout.js:44:16
    at Object.request (D:\video downloader\node_modules\google-gax\build\src\streamingCalls\streaming.js:248:40)
    at makeRequest (D:\video downloader\node_modules\google-gax\node_modules\retry-request\index.js:159:28)
    at retryRequest (D:\video downloader\node_modules\google-gax\node_modules\retry-request\index.js:119:5)
    at StreamProxy.setStream (D:\video downloader\node_modules\google-gax\build\src\streamingCalls\streaming.js:239:37)
    at StreamingApiCaller.call (D:\video downloader\node_modules\google-gax\build\src\streamingCalls\streamingApiCaller.js:55:16)
Caused by: Error
    at D:\video downloader\node_modules\@google-cloud\firestore\build\src\index.js:1097:27
    at D:\video downloader\node_modules\@google-cloud\firestore\build\src\telemetry\enabled-trace-util.js:125:30
    at NoopContextManager.with (D:\video downloader\node_modules\@opentelemetry\api\build\src\context\NoopContextManager.js:14:19)
    at ContextAPI.with (D:\video downloader\node_modules\@opentelemetry\api\build\src\api\context.js:51:46)
    at NoopTracer.startActiveSpan (D:\video downloader\node_modules\@opentelemetry\api\build\src\trace\NoopTracer.js:54:31)
    at ProxyTracer.startActiveSpan (D:\video downloader\node_modules\@opentelemetry\api\build\src\trace\ProxyTracer.js:27:24)
    at EnabledTraceUtil.startActiveSpan (D:\video downloader\node_modules\@google-cloud\firestore\build\src\telemetry\enabled-trace-util.js:117:28)
    at Firestore.getAll (D:\video downloader\node_modules\@google-cloud\firestore\build\src\index.js:1088:32)
    at D:\video downloader\node_modules\@google-cloud\firestore\build\src\reference\document-reference.js:185:36
    at D:\video downloader\node_modules\@google-cloud\firestore\build\src\telemetry\enabled-trace-util.js:125:30
2026-06-18 19:19:09 [debug]: [Auth] Token verified: uid=tXJRLNL6OVXJJ9xHM8VfglcryeV2 tier=free
2026-06-18 19:19:09 [debug]: POST /verify 200 1590ms — ::1
2026-06-18 19:19:51 [debug]: POST /create-order 200 379ms — ::1
2026-06-18 19:55:48 [info]: Firebase Admin SDK initialized for project: video-downloader-fd8ef
2026-06-18 19:55:49 [info]: ✅ yt-dlp found: v2026.06.09
2026-06-18 19:55:49 [info]: ✅ FFmpeg found: ffmpeg version 6.1.1-essentials_build-www.gyan.dev Copyright (c) 2000-2023 the FFmpeg developers
2026-06-18 19:55:49 [info]: 
🚀 Video Downloader API running at http://localhost:3000
2026-06-18 19:55:49 [info]:    Environment: development
2026-06-18 19:55:49 [info]:    Open http://localhost:3000 in your browser

2026-06-18 19:55:55 [info]: Firebase Admin SDK initialized for project: video-downloader-fd8ef
2026-06-18 19:55:56 [info]: ✅ yt-dlp found: v2026.06.09
2026-06-18 19:55:56 [info]: ✅ FFmpeg found: ffmpeg version 6.1.1-essentials_build-www.gyan.dev Copyright (c) 2000-2023 the FFmpeg developers
2026-06-18 19:55:56 [info]: 
🚀 Video Downloader API running at http://localhost:3000
2026-06-18 19:55:56 [info]:    Environment: development
2026-06-18 19:55:56 [info]:    Open http://localhost:3000 in your browser

2026-06-18 19:56:14 [info]: Firebase Admin SDK initialized for project: video-downloader-fd8ef
2026-06-18 19:56:15 [info]: ✅ yt-dlp found: v2026.06.09
2026-06-18 19:56:15 [info]: ✅ FFmpeg found: ffmpeg version 6.1.1-essentials_build-www.gyan.dev Copyright (c) 2000-2023 the FFmpeg developers
2026-06-18 19:56:15 [info]: 
🚀 Video Downloader API running at http://localhost:3000
2026-06-18 19:56:15 [info]:    Environment: development
2026-06-18 19:56:15 [info]:    Open http://localhost:3000 in your browser

2026-06-18 19:58:50 [info]: Firebase Admin SDK initialized for project: video-downloader-fd8ef
2026-06-18 19:58:51 [info]: ✅ yt-dlp found: v2026.06.09
2026-06-18 19:58:51 [info]: ✅ FFmpeg found: ffmpeg version 6.1.1-essentials_build-www.gyan.dev Copyright (c) 2000-2023 the FFmpeg developers
2026-06-18 19:58:51 [info]: 
🚀 Video Downloader API running at http://localhost:3000
2026-06-18 19:58:51 [info]:    Environment: development
2026-06-18 19:58:51 [info]:    Open http://localhost:3000 in your browser

2026-06-18 19:58:58 [info]: Firebase Admin SDK initialized for project: video-downloader-fd8ef
2026-06-18 19:58:59 [info]: ✅ yt-dlp found: v2026.06.09
2026-06-18 19:58:59 [info]: ✅ FFmpeg found: ffmpeg version 6.1.1-essentials_build-www.gyan.dev Copyright (c) 2000-2023 the FFmpeg developers
2026-06-18 19:58:59 [info]: 
🚀 Video Downloader API running at http://localhost:3000
2026-06-18 19:58:59 [info]:    Environment: development
2026-06-18 19:58:59 [info]:    Open http://localhost:3000 in your browser

2026-06-18 20:09:21 [info]: Firebase Admin SDK initialized for project: video-downloader-fd8ef
2026-06-18 20:09:22 [info]: ✅ yt-dlp found: v2026.06.09
2026-06-18 20:09:22 [info]: ✅ FFmpeg found: ffmpeg version 6.1.1-essentials_build-www.gyan.dev Copyright (c) 2000-2023 the FFmpeg developers
2026-06-18 20:09:22 [info]: 
🚀 Video Downloader API running at http://localhost:3000
2026-06-18 20:09:22 [info]:    Environment: development
2026-06-18 20:09:22 [info]:    Open http://localhost:3000 in your browser

2026-06-18 20:09:31 [info]: Firebase Admin SDK initialized for project: video-downloader-fd8ef
2026-06-18 20:09:33 [info]: ✅ yt-dlp found: v2026.06.09
2026-06-18 20:09:33 [info]: ✅ FFmpeg found: ffmpeg version 6.1.1-essentials_build-www.gyan.dev Copyright (c) 2000-2023 the FFmpeg developers
2026-06-18 20:09:33 [info]: 
🚀 Video Downloader API running at http://localhost:3000
2026-06-18 20:09:33 [info]:    Environment: development
2026-06-18 20:09:33 [info]:    Open http://localhost:3000 in your browser

2026-06-18 20:09:43 [info]: Firebase Admin SDK initialized for project: video-downloader-fd8ef
2026-06-18 20:09:44 [info]: ✅ yt-dlp found: v2026.06.09
2026-06-18 20:09:44 [info]: ✅ FFmpeg found: ffmpeg version 6.1.1-essentials_build-www.gyan.dev Copyright (c) 2000-2023 the FFmpeg developers
2026-06-18 20:09:44 [info]: 
🚀 Video Downloader API running at http://localhost:3000
2026-06-18 20:09:44 [info]:    Environment: development
2026-06-18 20:09:44 [info]:    Open http://localhost:3000 in your browser

2026-06-18 20:09:53 [info]: Firebase Admin SDK initialized for project: video-downloader-fd8ef
2026-06-18 20:09:54 [info]: ✅ yt-dlp found: v2026.06.09
2026-06-18 20:09:54 [info]: ✅ FFmpeg found: ffmpeg version 6.1.1-essentials_build-www.gyan.dev Copyright (c) 2000-2023 the FFmpeg developers
2026-06-18 20:09:54 [info]: 
🚀 Video Downloader API running at http://localhost:3000
2026-06-18 20:09:54 [info]:    Environment: development
2026-06-18 20:09:54 [info]:    Open http://localhost:3000 in your browser

2026-06-18 20:10:01 [info]: Firebase Admin SDK initialized for project: video-downloader-fd8ef
2026-06-18 20:10:03 [info]: ✅ yt-dlp found: v2026.06.09
2026-06-18 20:10:03 [info]: ✅ FFmpeg found: ffmpeg version 6.1.1-essentials_build-www.gyan.dev Copyright (c) 2000-2023 the FFmpeg developers
2026-06-18 20:10:03 [info]: 
🚀 Video Downloader API running at http://localhost:3000
2026-06-18 20:10:03 [info]:    Environment: development
2026-06-18 20:10:03 [info]:    Open http://localhost:3000 in your browser

2026-06-18 20:10:09 [info]: Firebase Admin SDK initialized for project: video-downloader-fd8ef
2026-06-18 20:10:10 [info]: ✅ yt-dlp found: v2026.06.09
2026-06-18 20:10:10 [info]: ✅ FFmpeg found: ffmpeg version 6.1.1-essentials_build-www.gyan.dev Copyright (c) 2000-2023 the FFmpeg developers
2026-06-18 20:10:10 [info]: 
🚀 Video Downloader API running at http://localhost:3000
2026-06-18 20:10:10 [info]:    Environment: development
2026-06-18 20:10:10 [info]:    Open http://localhost:3000 in your browser

2026-06-18 20:10:19 [info]: Firebase Admin SDK initialized for project: video-downloader-fd8ef
2026-06-18 20:10:20 [info]: ✅ yt-dlp found: v2026.06.09
2026-06-18 20:10:20 [info]: ✅ FFmpeg found: ffmpeg version 6.1.1-essentials_build-www.gyan.dev Copyright (c) 2000-2023 the FFmpeg developers
2026-06-18 20:10:20 [info]: 
🚀 Video Downloader API running at http://localhost:3000
2026-06-18 20:10:20 [info]:    Environment: development
2026-06-18 20:10:20 [info]:    Open http://localhost:3000 in your browser

2026-06-18 20:11:41 [info]: [yt-dlp] Extracting info: https://www.youtube.com/watch?v=dQw4w9WgXcQ
2026-06-18 20:11:41 [info]: [yt-dlp] Injecting firefox cookies for extraction
2026-06-18 20:11:46 [info]: [yt-dlp] Extracted "Rick Astley - Never Gonna Give You Up (Official Video) (4K Remaster)" — 31 formats found.
2026-06-18 20:11:46 [debug]: Quota recorded for ::1: 1/3
2026-06-18 20:11:46 [debug]: POST / 200 5324ms — ::1
2026-06-18 20:11:46 [info]: [Download] Injecting firefox cookies
2026-06-18 20:11:46 [info]: [Download] Job b93696fe9bedce34e9a69bf94ad1: "free_test_combined.mp4" fmt=18
2026-06-18 20:11:46 [debug]: POST / 200 33ms — ::1
2026-06-18 20:11:46 [warn]: POST / 403 3ms — ::1
2026-06-18 20:11:46 [info]: [Download] Injecting firefox cookies
2026-06-18 20:11:46 [info]: [Download] Job 2163a2e4604fb59e42c0c0d48641: "authorized_premium_test.mp4" fmt=137+140
2026-06-18 20:11:46 [debug]: POST / 200 15ms — ::1
2026-06-18 20:11:53 [info]: [Download] Job b93696fe9bedce34e9a69bf94ad1 complete: free_test_combined.mp4 (dlv_b93696fe9bedce34e9a69bf94ad1.mp4)
2026-06-18 20:12:04 [info]: [Download] Job 2163a2e4604fb59e42c0c0d48641 complete: authorized_premium_test.mp4 (dlv_2163a2e4604fb59e42c0c0d48641.mp4)
2026-06-18 20:28:27 [error]: Error: 7 PERMISSION_DENIED: Cloud Firestore API has not been used in project video-downloader-fd8ef before or it is disabled. Enable it by visiting https://console.developers.google.com/apis/api/firestore.googleapis.com/overview?project=video-downloader-fd8ef then retry. If you enabled this API recently, wait a few minutes for the action to propagate to our systems and retry.
    at callErrorFromStatus (D:\video downloader\node_modules\@grpc\grpc-js\build\src\call.js:32:19)
    at Object.onReceiveStatus (D:\video downloader\node_modules\@grpc\grpc-js\build\src\client.js:359:73)
    at Object.onReceiveStatus (D:\video downloader\node_modules\@grpc\grpc-js\build\src\client-interceptors.js:327:181)
    at D:\video downloader\node_modules\@grpc\grpc-js\build\src\resolving-call.js:135:78
    at process.processTicksAndRejections (node:internal/process/task_queues:85:11)
for call at
    at ServiceClientImpl.makeServerStreamRequest (D:\video downloader\node_modules\@grpc\grpc-js\build\src\client.js:342:32)
    at ServiceClientImpl.<anonymous> (D:\video downloader\node_modules\@grpc\grpc-js\build\src\make-client.js:105:19)
    at D:\video downloader\node_modules\@google-cloud\firestore\build\src\v1\firestore_client.js:257:29
    at D:\video downloader\node_modules\google-gax\build\src\streamingCalls\streamingApiCaller.js:39:28
    at D:\video downloader\node_modules\google-gax\build\src\normalCalls\timeout.js:44:16
    at Object.request (D:\video downloader\node_modules\google-gax\build\src\streamingCalls\streaming.js:248:40)
    at makeRequest (D:\video downloader\node_modules\google-gax\node_modules\retry-request\index.js:159:28)
    at retryRequest (D:\video downloader\node_modules\google-gax\node_modules\retry-request\index.js:119:5)
    at StreamProxy.setStream (D:\video downloader\node_modules\google-gax\build\src\streamingCalls\streaming.js:239:37)
    at StreamingApiCaller.call (D:\video downloader\node_modules\google-gax\build\src\streamingCalls\streamingApiCaller.js:55:16)
Caused by: Error
    at D:\video downloader\node_modules\@google-cloud\firestore\build\src\index.js:1097:27
    at D:\video downloader\node_modules\@google-cloud\firestore\build\src\telemetry\enabled-trace-util.js:125:30
    at NoopContextManager.with (D:\video downloader\node_modules\@opentelemetry\api\build\src\context\NoopContextManager.js:14:19)
    at ContextAPI.with (D:\video downloader\node_modules\@opentelemetry\api\build\src\api\context.js:51:46)
    at NoopTracer.startActiveSpan (D:\video downloader\node_modules\@opentelemetry\api\build\src\trace\NoopTracer.js:54:31)
    at ProxyTracer.startActiveSpan (D:\video downloader\node_modules\@opentelemetry\api\build\src\trace\ProxyTracer.js:27:24)
    at EnabledTraceUtil.startActiveSpan (D:\video downloader\node_modules\@google-cloud\firestore\build\src\telemetry\enabled-trace-util.js:117:28)
    at Firestore.getAll (D:\video downloader\node_modules\@google-cloud\firestore\build\src\index.js:1088:32)
    at D:\video downloader\node_modules\@google-cloud\firestore\build\src\reference\document-reference.js:185:36
    at D:\video downloader\node_modules\@google-cloud\firestore\build\src\telemetry\enabled-trace-util.js:125:30
2026-06-18 20:28:27 [debug]: Auth: uid=tXJRLNL6OVXJJ9xHM8VfglcryeV2 tier=free
2026-06-18 20:28:27 [error]: Error: 7 PERMISSION_DENIED: Cloud Firestore API has not been used in project video-downloader-fd8ef before or it is disabled. Enable it by visiting https://console.developers.google.com/apis/api/firestore.googleapis.com/overview?project=video-downloader-fd8ef then retry. If you enabled this API recently, wait a few minutes for the action to propagate to our systems and retry.
    at callErrorFromStatus (D:\video downloader\node_modules\@grpc\grpc-js\build\src\call.js:32:19)
    at Object.onReceiveStatus (D:\video downloader\node_modules\@grpc\grpc-js\build\src\client.js:359:73)
    at Object.onReceiveStatus (D:\video downloader\node_modules\@grpc\grpc-js\build\src\client-interceptors.js:327:181)
    at D:\video downloader\node_modules\@grpc\grpc-js\build\src\resolving-call.js:135:78
    at process.processTicksAndRejections (node:internal/process/task_queues:85:11)
for call at
    at ServiceClientImpl.makeServerStreamRequest (D:\video downloader\node_modules\@grpc\grpc-js\build\src\client.js:342:32)
    at ServiceClientImpl.<anonymous> (D:\video downloader\node_modules\@grpc\grpc-js\build\src\make-client.js:105:19)
    at D:\video downloader\node_modules\@google-cloud\firestore\build\src\v1\firestore_client.js:257:29
    at D:\video downloader\node_modules\google-gax\build\src\streamingCalls\streamingApiCaller.js:39:28
    at D:\video downloader\node_modules\google-gax\build\src\normalCalls\timeout.js:44:16
    at Object.request (D:\video downloader\node_modules\google-gax\build\src\streamingCalls\streaming.js:248:40)
    at makeRequest (D:\video downloader\node_modules\google-gax\node_modules\retry-request\index.js:159:28)
    at retryRequest (D:\video downloader\node_modules\google-gax\node_modules\retry-request\index.js:119:5)
    at StreamProxy.setStream (D:\video downloader\node_modules\google-gax\build\src\streamingCalls\streaming.js:239:37)
    at StreamingApiCaller.call (D:\video downloader\node_modules\google-gax\build\src\streamingCalls\streamingApiCaller.js:55:16)
Caused by: Error
    at D:\video downloader\node_modules\@google-cloud\firestore\build\src\index.js:1097:27
    at D:\video downloader\node_modules\@google-cloud\firestore\build\src\telemetry\enabled-trace-util.js:125:30
    at NoopContextManager.with (D:\video downloader\node_modules\@opentelemetry\api\build\src\context\NoopContextManager.js:14:19)
    at ContextAPI.with (D:\video downloader\node_modules\@opentelemetry\api\build\src\api\context.js:51:46)
    at NoopTracer.startActiveSpan (D:\video downloader\node_modules\@opentelemetry\api\build\src\trace\NoopTracer.js:54:31)
    at ProxyTracer.startActiveSpan (D:\video downloader\node_modules\@opentelemetry\api\build\src\trace\ProxyTracer.js:27:24)
    at EnabledTraceUtil.startActiveSpan (D:\video downloader\node_modules\@google-cloud\firestore\build\src\telemetry\enabled-trace-util.js:117:28)
    at Firestore.getAll (D:\video downloader\node_modules\@google-cloud\firestore\build\src\index.js:1088:32)
    at D:\video downloader\node_modules\@google-cloud\firestore\build\src\reference\document-reference.js:185:36
    at D:\video downloader\node_modules\@google-cloud\firestore\build\src\telemetry\enabled-trace-util.js:125:30
2026-06-18 20:28:27 [info]: [yt-dlp] Extracting info: https://youtu.be/Fi1wAaQkJHU?si=Wba3B8rDv9HBg0go
2026-06-18 20:28:27 [info]: [yt-dlp] Injecting firefox cookies for extraction
2026-06-18 20:28:31 [info]: [yt-dlp] Extracted "SPIDER-MAN: BRAND NEW DAY - New Trailer - Hindi | Exclusively In Cinemas July 30" — 27 formats found.
2026-06-18 20:28:31 [error]: Error: 7 PERMISSION_DENIED: Cloud Firestore API has not been used in project video-downloader-fd8ef before or it is disabled. Enable it by visiting https://console.developers.google.com/apis/api/firestore.googleapis.com/overview?project=video-downloader-fd8ef then retry. If you enabled this API recently, wait a few minutes for the action to propagate to our systems and retry.
    at callErrorFromStatus (D:\video downloader\node_modules\@grpc\grpc-js\build\src\call.js:32:19)
    at Object.onReceiveStatus (D:\video downloader\node_modules\@grpc\grpc-js\build\src\client.js:193:76)
    at Object.onReceiveStatus (D:\video downloader\node_modules\@grpc\grpc-js\build\src\client-interceptors.js:367:141)
    at Object.onReceiveStatus (D:\video downloader\node_modules\@grpc\grpc-js\build\src\client-interceptors.js:327:181)
    at D:\video downloader\node_modules\@grpc\grpc-js\build\src\resolving-call.js:135:78
    at process.processTicksAndRejections (node:internal/process/task_queues:85:11)
for call at
    at ServiceClientImpl.makeUnaryRequest (D:\video downloader\node_modules\@grpc\grpc-js\build\src\client.js:161:32)
    at ServiceClientImpl.<anonymous> (D:\video downloader\node_modules\@grpc\grpc-js\build\src\make-client.js:105:19)
    at D:\video downloader\node_modules\@google-cloud\firestore\build\src\v1\firestore_client.js:257:29
    at D:\video downloader\node_modules\google-gax\build\src\normalCalls\timeout.js:44:16
    at repeat (D:\video downloader\node_modules\google-gax\build\src\normalCalls\retries.js:114:25)
    at D:\video downloader\node_modules\google-gax\build\src\normalCalls\retries.js:156:13
    at OngoingCallPromise.call (D:\video downloader\node_modules\google-gax\build\src\call.js:70:27)
    at NormalApiCaller.call (D:\video downloader\node_modules\google-gax\build\src\normalCalls\normalApiCaller.js:34:19)
    at D:\video downloader\node_modules\google-gax\build\src\createApiCall.js:110:30
    at process.processTicksAndRejections (node:internal/process/task_queues:104:5)
Caused by: Error
    at _firestore._traceUtil.startActiveSpan (D:\video downloader\node_modules\@google-cloud\firestore\build\src\write-batch.js:442:27)
    at D:\video downloader\node_modules\@google-cloud\firestore\build\src\telemetry\enabled-trace-util.js:125:30
    at NoopContextManager.with (D:\video downloader\node_modules\@opentelemetry\api\build\src\context\NoopContextManager.js:14:19)
    at ContextAPI.with (D:\video downloader\node_modules\@opentelemetry\api\build\src\api\context.js:51:46)
    at NoopTracer.startActiveSpan (D:\video downloader\node_modules\@opentelemetry\api\build\src\trace\NoopTracer.js:54:31)
    at ProxyTracer.startActiveSpan (D:\video downloader\node_modules\@opentelemetry\api\build\src\trace\ProxyTracer.js:27:24)
    at EnabledTraceUtil.startActiveSpan (D:\video downloader\node_modules\@google-cloud\firestore\build\src\telemetry\enabled-trace-util.js:117:28)
    at WriteBatch.commit (D:\video downloader\node_modules\@google-cloud\firestore\build\src\write-batch.js:440:43)
    at D:\video downloader\node_modules\@google-cloud\firestore\build\src\reference\document-reference.js:353:31
    at D:\video downloader\node_modules\@google-cloud\firestore\build\src\telemetry\enabled-trace-util.js:125:30
2026-06-18 20:28:31 [debug]: POST / 200 5412ms — ::1
2026-06-18 20:29:43 [info]: Firebase Admin SDK initialized for project: video-downloader-fd8ef
2026-06-18 20:29:44 [info]: ✅ yt-dlp found: v2026.06.09
2026-06-18 20:29:44 [info]: ✅ FFmpeg found: ffmpeg version 6.1.1-essentials_build-www.gyan.dev Copyright (c) 2000-2023 the FFmpeg developers
2026-06-18 20:29:44 [info]: 
🚀 Video Downloader API running at http://localhost:3000
2026-06-18 20:29:44 [info]:    Environment: development
2026-06-18 20:29:44 [info]:    Open http://localhost:3000 in your browser

2026-06-18 20:29:49 [info]: Firebase Admin SDK initialized for project: video-downloader-fd8ef
2026-06-18 20:29:50 [info]: ✅ yt-dlp found: v2026.06.09
2026-06-18 20:29:50 [info]: ✅ FFmpeg found: ffmpeg version 6.1.1-essentials_build-www.gyan.dev Copyright (c) 2000-2023 the FFmpeg developers
2026-06-18 20:29:50 [info]: 
🚀 Video Downloader API running at http://localhost:3000
2026-06-18 20:29:50 [info]:    Environment: development
2026-06-18 20:29:50 [info]:    Open http://localhost:3000 in your browser

2026-06-18 20:30:31 [debug]: GET / 200 20ms — ::1
2026-06-18 20:30:31 [debug]: GET /css/styles.css 200 17ms — ::1
2026-06-18 20:30:31 [debug]: GET /js/api.js 200 16ms — ::1
2026-06-18 20:30:31 [debug]: GET /js/auth.js 200 13ms — ::1
2026-06-18 20:30:31 [debug]: GET /js/ui.js 200 15ms — ::1
2026-06-18 20:30:31 [debug]: GET /js/app.js 200 15ms — ::1
2026-06-18 20:30:31 [debug]: GET /api/config 200 8ms — ::1
2026-06-18 20:30:32 [debug]: GET /favicon.ico 200 13ms — ::1
2026-06-18 20:30:33 [error]: Error: 7 PERMISSION_DENIED: Cloud Firestore API has not been used in project video-downloader-fd8ef before or it is disabled. Enable it by visiting https://console.developers.google.com/apis/api/firestore.googleapis.com/overview?project=video-downloader-fd8ef then retry. If you enabled this API recently, wait a few minutes for the action to propagate to our systems and retry.
    at callErrorFromStatus (D:\video downloader\node_modules\@grpc\grpc-js\build\src\call.js:32:19)
    at Object.onReceiveStatus (D:\video downloader\node_modules\@grpc\grpc-js\build\src\client.js:193:76)
    at Object.onReceiveStatus (D:\video downloader\node_modules\@grpc\grpc-js\build\src\client-interceptors.js:367:141)
    at Object.onReceiveStatus (D:\video downloader\node_modules\@grpc\grpc-js\build\src\client-interceptors.js:327:181)
    at D:\video downloader\node_modules\@grpc\grpc-js\build\src\resolving-call.js:135:78
    at process.processTicksAndRejections (node:internal/process/task_queues:85:11)
for call at
    at ServiceClientImpl.makeUnaryRequest (D:\video downloader\node_modules\@grpc\grpc-js\build\src\client.js:161:32)
    at ServiceClientImpl.<anonymous> (D:\video downloader\node_modules\@grpc\grpc-js\build\src\make-client.js:105:19)
    at D:\video downloader\node_modules\@google-cloud\firestore\build\src\v1\firestore_client.js:257:29
    at D:\video downloader\node_modules\google-gax\build\src\normalCalls\timeout.js:44:16
    at repeat (D:\video downloader\node_modules\google-gax\build\src\normalCalls\retries.js:114:25)
    at D:\video downloader\node_modules\google-gax\build\src\normalCalls\retries.js:156:13
    at OngoingCallPromise.call (D:\video downloader\node_modules\google-gax\build\src\call.js:70:27)
    at NormalApiCaller.call (D:\video downloader\node_modules\google-gax\build\src\normalCalls\normalApiCaller.js:34:19)
    at D:\video downloader\node_modules\google-gax\build\src\createApiCall.js:110:30
    at process.processTicksAndRejections (node:internal/process/task_queues:104:5)
Caused by: Error
    at _firestore._traceUtil.startActiveSpan (D:\video downloader\node_modules\@google-cloud\firestore\build\src\write-batch.js:442:27)
    at D:\video downloader\node_modules\@google-cloud\firestore\build\src\telemetry\enabled-trace-util.js:125:30
    at NoopContextManager.with (D:\video downloader\node_modules\@opentelemetry\api\build\src\context\NoopContextManager.js:14:19)
    at ContextAPI.with (D:\video downloader\node_modules\@opentelemetry\api\build\src\api\context.js:51:46)
    at NoopTracer.startActiveSpan (D:\video downloader\node_modules\@opentelemetry\api\build\src\trace\NoopTracer.js:54:31)
    at ProxyTracer.startActiveSpan (D:\video downloader\node_modules\@opentelemetry\api\build\src\trace\ProxyTracer.js:27:24)
    at EnabledTraceUtil.startActiveSpan (D:\video downloader\node_modules\@google-cloud\firestore\build\src\telemetry\enabled-trace-util.js:117:28)
    at WriteBatch.commit (D:\video downloader\node_modules\@google-cloud\firestore\build\src\write-batch.js:440:43)
    at D:\video downloader\node_modules\@google-cloud\firestore\build\src\reference\document-reference.js:353:31
    at D:\video downloader\node_modules\@google-cloud\firestore\build\src\telemetry\enabled-trace-util.js:125:30
2026-06-18 20:30:33 [error]: Error: 7 PERMISSION_DENIED: Cloud Firestore API has not been used in project video-downloader-fd8ef before or it is disabled. Enable it by visiting https://console.developers.google.com/apis/api/firestore.googleapis.com/overview?project=video-downloader-fd8ef then retry. If you enabled this API recently, wait a few minutes for the action to propagate to our systems and retry.
    at callErrorFromStatus (D:\video downloader\node_modules\@grpc\grpc-js\build\src\call.js:32:19)
    at Object.onReceiveStatus (D:\video downloader\node_modules\@grpc\grpc-js\build\src\client.js:359:73)
    at Object.onReceiveStatus (D:\video downloader\node_modules\@grpc\grpc-js\build\src\client-interceptors.js:327:181)
    at D:\video downloader\node_modules\@grpc\grpc-js\build\src\resolving-call.js:135:78
    at process.processTicksAndRejections (node:internal/process/task_queues:85:11)
for call at
    at ServiceClientImpl.makeServerStreamRequest (D:\video downloader\node_modules\@grpc\grpc-js\build\src\client.js:342:32)
    at ServiceClientImpl.<anonymous> (D:\video downloader\node_modules\@grpc\grpc-js\build\src\make-client.js:105:19)
    at D:\video downloader\node_modules\@google-cloud\firestore\build\src\v1\firestore_client.js:257:29
    at D:\video downloader\node_modules\google-gax\build\src\streamingCalls\streamingApiCaller.js:39:28
    at D:\video downloader\node_modules\google-gax\build\src\normalCalls\timeout.js:44:16
    at Object.request (D:\video downloader\node_modules\google-gax\build\src\streamingCalls\streaming.js:248:40)
    at makeRequest (D:\video downloader\node_modules\google-gax\node_modules\retry-request\index.js:159:28)
    at retryRequest (D:\video downloader\node_modules\google-gax\node_modules\retry-request\index.js:119:5)
    at StreamProxy.setStream (D:\video downloader\node_modules\google-gax\build\src\streamingCalls\streaming.js:239:37)
    at StreamingApiCaller.call (D:\video downloader\node_modules\google-gax\build\src\streamingCalls\streamingApiCaller.js:55:16)
Caused by: Error
    at D:\video downloader\node_modules\@google-cloud\firestore\build\src\index.js:1097:27
    at D:\video downloader\node_modules\@google-cloud\firestore\build\src\telemetry\enabled-trace-util.js:125:30
    at NoopContextManager.with (D:\video downloader\node_modules\@opentelemetry\api\build\src\context\NoopContextManager.js:14:19)
    at ContextAPI.with (D:\video downloader\node_modules\@opentelemetry\api\build\src\api\context.js:51:46)
    at NoopTracer.startActiveSpan (D:\video downloader\node_modules\@opentelemetry\api\build\src\trace\NoopTracer.js:54:31)
    at ProxyTracer.startActiveSpan (D:\video downloader\node_modules\@opentelemetry\api\build\src\trace\ProxyTracer.js:27:24)
    at EnabledTraceUtil.startActiveSpan (D:\video downloader\node_modules\@google-cloud\firestore\build\src\telemetry\enabled-trace-util.js:117:28)
    at Firestore.getAll (D:\video downloader\node_modules\@google-cloud\firestore\build\src\index.js:1088:32)
    at D:\video downloader\node_modules\@google-cloud\firestore\build\src\reference\document-reference.js:185:36
    at D:\video downloader\node_modules\@google-cloud\firestore\build\src\telemetry\enabled-trace-util.js:125:30
2026-06-18 20:30:33 [error]: Error: 7 PERMISSION_DENIED: Cloud Firestore API has not been used in project video-downloader-fd8ef before or it is disabled. Enable it by visiting https://console.developers.google.com/apis/api/firestore.googleapis.com/overview?project=video-downloader-fd8ef then retry. If you enabled this API recently, wait a few minutes for the action to propagate to our systems and retry.
    at callErrorFromStatus (D:\video downloader\node_modules\@grpc\grpc-js\build\src\call.js:32:19)
    at Object.onReceiveStatus (D:\video downloader\node_modules\@grpc\grpc-js\build\src\client.js:359:73)
    at Object.onReceiveStatus (D:\video downloader\node_modules\@grpc\grpc-js\build\src\client-interceptors.js:327:181)
    at D:\video downloader\node_modules\@grpc\grpc-js\build\src\resolving-call.js:135:78
    at process.processTicksAndRejections (node:internal/process/task_queues:85:11)
for call at
    at ServiceClientImpl.makeServerStreamRequest (D:\video downloader\node_modules\@grpc\grpc-js\build\src\client.js:342:32)
    at ServiceClientImpl.<anonymous> (D:\video downloader\node_modules\@grpc\grpc-js\build\src\make-client.js:105:19)
    at D:\video downloader\node_modules\@google-cloud\firestore\build\src\v1\firestore_client.js:257:29
    at D:\video downloader\node_modules\google-gax\build\src\streamingCalls\streamingApiCaller.js:39:28
    at D:\video downloader\node_modules\google-gax\build\src\normalCalls\timeout.js:44:16
    at Object.request (D:\video downloader\node_modules\google-gax\build\src\streamingCalls\streaming.js:248:40)
    at makeRequest (D:\video downloader\node_modules\google-gax\node_modules\retry-request\index.js:159:28)
    at retryRequest (D:\video downloader\node_modules\google-gax\node_modules\retry-request\index.js:119:5)
    at StreamProxy.setStream (D:\video downloader\node_modules\google-gax\build\src\streamingCalls\streaming.js:239:37)
    at StreamingApiCaller.call (D:\video downloader\node_modules\google-gax\build\src\streamingCalls\streamingApiCaller.js:55:16)
Caused by: Error
    at D:\video downloader\node_modules\@google-cloud\firestore\build\src\index.js:1097:27
    at D:\video downloader\node_modules\@google-cloud\firestore\build\src\telemetry\enabled-trace-util.js:125:30
    at NoopContextManager.with (D:\video downloader\node_modules\@opentelemetry\api\build\src\context\NoopContextManager.js:14:19)
    at ContextAPI.with (D:\video downloader\node_modules\@opentelemetry\api\build\src\api\context.js:51:46)
    at NoopTracer.startActiveSpan (D:\video downloader\node_modules\@opentelemetry\api\build\src\trace\NoopTracer.js:54:31)
    at ProxyTracer.startActiveSpan (D:\video downloader\node_modules\@opentelemetry\api\build\src\trace\ProxyTracer.js:27:24)
    at EnabledTraceUtil.startActiveSpan (D:\video downloader\node_modules\@google-cloud\firestore\build\src\telemetry\enabled-trace-util.js:117:28)
    at Firestore.getAll (D:\video downloader\node_modules\@google-cloud\firestore\build\src\index.js:1088:32)
    at D:\video downloader\node_modules\@google-cloud\firestore\build\src\reference\document-reference.js:185:36
    at D:\video downloader\node_modules\@google-cloud\firestore\build\src\telemetry\enabled-trace-util.js:125:30
2026-06-18 20:30:33 [debug]: [Auth] Token verified: uid=tXJRLNL6OVXJJ9xHM8VfglcryeV2 tier=free
2026-06-18 20:30:33 [debug]: POST /verify 200 1394ms — ::1
2026-06-18 20:30:47 [error]: Error: 7 PERMISSION_DENIED: Cloud Firestore API has not been used in project video-downloader-fd8ef before or it is disabled. Enable it by visiting https://console.developers.google.com/apis/api/firestore.googleapis.com/overview?project=video-downloader-fd8ef then retry. If you enabled this API recently, wait a few minutes for the action to propagate to our systems and retry.
    at callErrorFromStatus (D:\video downloader\node_modules\@grpc\grpc-js\build\src\call.js:32:19)
    at Object.onReceiveStatus (D:\video downloader\node_modules\@grpc\grpc-js\build\src\client.js:359:73)
    at Object.onReceiveStatus (D:\video downloader\node_modules\@grpc\grpc-js\build\src\client-interceptors.js:327:181)
    at D:\video downloader\node_modules\@grpc\grpc-js\build\src\resolving-call.js:135:78
    at process.processTicksAndRejections (node:internal/process/task_queues:85:11)
for call at
    at ServiceClientImpl.makeServerStreamRequest (D:\video downloader\node_modules\@grpc\grpc-js\build\src\client.js:342:32)
    at ServiceClientImpl.<anonymous> (D:\video downloader\node_modules\@grpc\grpc-js\build\src\make-client.js:105:19)
    at D:\video downloader\node_modules\@google-cloud\firestore\build\src\v1\firestore_client.js:257:29
    at D:\video downloader\node_modules\google-gax\build\src\streamingCalls\streamingApiCaller.js:39:28
    at D:\video downloader\node_modules\google-gax\build\src\normalCalls\timeout.js:44:16
    at Object.request (D:\video downloader\node_modules\google-gax\build\src\streamingCalls\streaming.js:248:40)
    at makeRequest (D:\video downloader\node_modules\google-gax\node_modules\retry-request\index.js:159:28)
    at retryRequest (D:\video downloader\node_modules\google-gax\node_modules\retry-request\index.js:119:5)
    at StreamProxy.setStream (D:\video downloader\node_modules\google-gax\build\src\streamingCalls\streaming.js:239:37)
    at StreamingApiCaller.call (D:\video downloader\node_modules\google-gax\build\src\streamingCalls\streamingApiCaller.js:55:16)
Caused by: Error
    at D:\video downloader\node_modules\@google-cloud\firestore\build\src\index.js:1097:27
    at D:\video downloader\node_modules\@google-cloud\firestore\build\src\telemetry\enabled-trace-util.js:125:30
    at NoopContextManager.with (D:\video downloader\node_modules\@opentelemetry\api\build\src\context\NoopContextManager.js:14:19)
    at ContextAPI.with (D:\video downloader\node_modules\@opentelemetry\api\build\src\api\context.js:51:46)
    at NoopTracer.startActiveSpan (D:\video downloader\node_modules\@opentelemetry\api\build\src\trace\NoopTracer.js:54:31)
    at ProxyTracer.startActiveSpan (D:\video downloader\node_modules\@opentelemetry\api\build\src\trace\ProxyTracer.js:27:24)
    at EnabledTraceUtil.startActiveSpan (D:\video downloader\node_modules\@google-cloud\firestore\build\src\telemetry\enabled-trace-util.js:117:28)
    at Firestore.getAll (D:\video downloader\node_modules\@google-cloud\firestore\build\src\index.js:1088:32)
    at D:\video downloader\node_modules\@google-cloud\firestore\build\src\reference\document-reference.js:185:36
    at D:\video downloader\node_modules\@google-cloud\firestore\build\src\telemetry\enabled-trace-util.js:125:30
2026-06-18 20:30:47 [debug]: Auth: uid=tXJRLNL6OVXJJ9xHM8VfglcryeV2 tier=free
2026-06-18 20:30:47 [error]: Error: 7 PERMISSION_DENIED: Cloud Firestore API has not been used in project video-downloader-fd8ef before or it is disabled. Enable it by visiting https://console.developers.google.com/apis/api/firestore.googleapis.com/overview?project=video-downloader-fd8ef then retry. If you enabled this API recently, wait a few minutes for the action to propagate to our systems and retry.
    at callErrorFromStatus (D:\video downloader\node_modules\@grpc\grpc-js\build\src\call.js:32:19)
    at Object.onReceiveStatus (D:\video downloader\node_modules\@grpc\grpc-js\build\src\client.js:359:73)
    at Object.onReceiveStatus (D:\video downloader\node_modules\@grpc\grpc-js\build\src\client-interceptors.js:327:181)
    at D:\video downloader\node_modules\@grpc\grpc-js\build\src\resolving-call.js:135:78
    at process.processTicksAndRejections (node:internal/process/task_queues:85:11)
for call at
    at ServiceClientImpl.makeServerStreamRequest (D:\video downloader\node_modules\@grpc\grpc-js\build\src\client.js:342:32)
    at ServiceClientImpl.<anonymous> (D:\video downloader\node_modules\@grpc\grpc-js\build\src\make-client.js:105:19)
    at D:\video downloader\node_modules\@google-cloud\firestore\build\src\v1\firestore_client.js:257:29
    at D:\video downloader\node_modules\google-gax\build\src\streamingCalls\streamingApiCaller.js:39:28
    at D:\video downloader\node_modules\google-gax\build\src\normalCalls\timeout.js:44:16
    at Object.request (D:\video downloader\node_modules\google-gax\build\src\streamingCalls\streaming.js:248:40)
    at makeRequest (D:\video downloader\node_modules\google-gax\node_modules\retry-request\index.js:159:28)
    at retryRequest (D:\video downloader\node_modules\google-gax\node_modules\retry-request\index.js:119:5)
    at StreamProxy.setStream (D:\video downloader\node_modules\google-gax\build\src\streamingCalls\streaming.js:239:37)
    at StreamingApiCaller.call (D:\video downloader\node_modules\google-gax\build\src\streamingCalls\streamingApiCaller.js:55:16)
Caused by: Error
    at D:\video downloader\node_modules\@google-cloud\firestore\build\src\index.js:1097:27
    at D:\video downloader\node_modules\@google-cloud\firestore\build\src\telemetry\enabled-trace-util.js:125:30
    at NoopContextManager.with (D:\video downloader\node_modules\@opentelemetry\api\build\src\context\NoopContextManager.js:14:19)
    at ContextAPI.with (D:\video downloader\node_modules\@opentelemetry\api\build\src\api\context.js:51:46)
    at NoopTracer.startActiveSpan (D:\video downloader\node_modules\@opentelemetry\api\build\src\trace\NoopTracer.js:54:31)
    at ProxyTracer.startActiveSpan (D:\video downloader\node_modules\@opentelemetry\api\build\src\trace\ProxyTracer.js:27:24)
    at EnabledTraceUtil.startActiveSpan (D:\video downloader\node_modules\@google-cloud\firestore\build\src\telemetry\enabled-trace-util.js:117:28)
    at Firestore.getAll (D:\video downloader\node_modules\@google-cloud\firestore\build\src\index.js:1088:32)
    at D:\video downloader\node_modules\@google-cloud\firestore\build\src\reference\document-reference.js:185:36
    at D:\video downloader\node_modules\@google-cloud\firestore\build\src\telemetry\enabled-trace-util.js:125:30
2026-06-18 20:30:47 [info]: [yt-dlp] Extracting info: https://youtu.be/Fi1wAaQkJHU?si=Wba3B8rDv9HBg0go
2026-06-18 20:30:47 [info]: [yt-dlp] Injecting firefox cookies for extraction
2026-06-18 20:30:51 [info]: [yt-dlp] Extracted "SPIDER-MAN: BRAND NEW DAY - New Trailer - Hindi | Exclusively In Cinemas July 30" — 27 formats found.
2026-06-18 20:30:51 [error]: Error: 7 PERMISSION_DENIED: Cloud Firestore API has not been used in project video-downloader-fd8ef before or it is disabled. Enable it by visiting https://console.developers.google.com/apis/api/firestore.googleapis.com/overview?project=video-downloader-fd8ef then retry. If you enabled this API recently, wait a few minutes for the action to propagate to our systems and retry.
    at callErrorFromStatus (D:\video downloader\node_modules\@grpc\grpc-js\build\src\call.js:32:19)
    at Object.onReceiveStatus (D:\video downloader\node_modules\@grpc\grpc-js\build\src\client.js:193:76)
    at Object.onReceiveStatus (D:\video downloader\node_modules\@grpc\grpc-js\build\src\client-interceptors.js:367:141)
    at Object.onReceiveStatus (D:\video downloader\node_modules\@grpc\grpc-js\build\src\client-interceptors.js:327:181)
    at D:\video downloader\node_modules\@grpc\grpc-js\build\src\resolving-call.js:135:78
    at process.processTicksAndRejections (node:internal/process/task_queues:85:11)
for call at
    at ServiceClientImpl.makeUnaryRequest (D:\video downloader\node_modules\@grpc\grpc-js\build\src\client.js:161:32)
    at ServiceClientImpl.<anonymous> (D:\video downloader\node_modules\@grpc\grpc-js\build\src\make-client.js:105:19)
    at D:\video downloader\node_modules\@google-cloud\firestore\build\src\v1\firestore_client.js:257:29
    at D:\video downloader\node_modules\google-gax\build\src\normalCalls\timeout.js:44:16
    at repeat (D:\video downloader\node_modules\google-gax\build\src\normalCalls\retries.js:114:25)
    at D:\video downloader\node_modules\google-gax\build\src\normalCalls\retries.js:156:13
    at OngoingCallPromise.call (D:\video downloader\node_modules\google-gax\build\src\call.js:70:27)
    at NormalApiCaller.call (D:\video downloader\node_modules\google-gax\build\src\normalCalls\normalApiCaller.js:34:19)
    at D:\video downloader\node_modules\google-gax\build\src\createApiCall.js:110:30
    at process.processTicksAndRejections (node:internal/process/task_queues:104:5)
Caused by: Error
    at _firestore._traceUtil.startActiveSpan (D:\video downloader\node_modules\@google-cloud\firestore\build\src\write-batch.js:442:27)
    at D:\video downloader\node_modules\@google-cloud\firestore\build\src\telemetry\enabled-trace-util.js:125:30
    at NoopContextManager.with (D:\video downloader\node_modules\@opentelemetry\api\build\src\context\NoopContextManager.js:14:19)
    at ContextAPI.with (D:\video downloader\node_modules\@opentelemetry\api\build\src\api\context.js:51:46)
    at NoopTracer.startActiveSpan (D:\video downloader\node_modules\@opentelemetry\api\build\src\trace\NoopTracer.js:54:31)
    at ProxyTracer.startActiveSpan (D:\video downloader\node_modules\@opentelemetry\api\build\src\trace\ProxyTracer.js:27:24)
    at EnabledTraceUtil.startActiveSpan (D:\video downloader\node_modules\@google-cloud\firestore\build\src\telemetry\enabled-trace-util.js:117:28)
    at WriteBatch.commit (D:\video downloader\node_modules\@google-cloud\firestore\build\src\write-batch.js:440:43)
    at D:\video downloader\node_modules\@google-cloud\firestore\build\src\reference\document-reference.js:353:31
    at D:\video downloader\node_modules\@google-cloud\firestore\build\src\telemetry\enabled-trace-util.js:125:30
2026-06-18 20:30:51 [debug]: POST / 200 4198ms — ::1
2026-06-18 20:32:11 [debug]: GET / 200 5ms — ::1
2026-06-18 20:32:11 [debug]: GET /css/styles.css 200 5ms — ::1
2026-06-18 20:32:11 [debug]: GET /js/api.js 200 13ms — ::1
2026-06-18 20:32:11 [debug]: GET /js/auth.js 200 10ms — ::1
2026-06-18 20:32:11 [debug]: GET /js/app.js 200 7ms — ::1
2026-06-18 20:32:11 [debug]: GET /js/ui.js 200 8ms — ::1
2026-06-18 20:32:12 [debug]: GET /api/config 200 1ms — ::1
2026-06-18 20:32:13 [debug]: GET /favicon.ico 200 5ms — ::1
2026-06-18 20:32:13 [error]: Error: 7 PERMISSION_DENIED: Cloud Firestore API has not been used in project video-downloader-fd8ef before or it is disabled. Enable it by visiting https://console.developers.google.com/apis/api/firestore.googleapis.com/overview?project=video-downloader-fd8ef then retry. If you enabled this API recently, wait a few minutes for the action to propagate to our systems and retry.
    at callErrorFromStatus (D:\video downloader\node_modules\@grpc\grpc-js\build\src\call.js:32:19)
    at Object.onReceiveStatus (D:\video downloader\node_modules\@grpc\grpc-js\build\src\client.js:193:76)
    at Object.onReceiveStatus (D:\video downloader\node_modules\@grpc\grpc-js\build\src\client-interceptors.js:367:141)
    at Object.onReceiveStatus (D:\video downloader\node_modules\@grpc\grpc-js\build\src\client-interceptors.js:327:181)
    at D:\video downloader\node_modules\@grpc\grpc-js\build\src\resolving-call.js:135:78
    at process.processTicksAndRejections (node:internal/process/task_queues:85:11)
for call at
    at ServiceClientImpl.makeUnaryRequest (D:\video downloader\node_modules\@grpc\grpc-js\build\src\client.js:161:32)
    at ServiceClientImpl.<anonymous> (D:\video downloader\node_modules\@grpc\grpc-js\build\src\make-client.js:105:19)
    at D:\video downloader\node_modules\@google-cloud\firestore\build\src\v1\firestore_client.js:257:29
    at D:\video downloader\node_modules\google-gax\build\src\normalCalls\timeout.js:44:16
    at repeat (D:\video downloader\node_modules\google-gax\build\src\normalCalls\retries.js:114:25)
    at D:\video downloader\node_modules\google-gax\build\src\normalCalls\retries.js:156:13
    at OngoingCallPromise.call (D:\video downloader\node_modules\google-gax\build\src\call.js:70:27)
    at NormalApiCaller.call (D:\video downloader\node_modules\google-gax\build\src\normalCalls\normalApiCaller.js:34:19)
    at D:\video downloader\node_modules\google-gax\build\src\createApiCall.js:110:30
    at process.processTicksAndRejections (node:internal/process/task_queues:104:5)
Caused by: Error
    at _firestore._traceUtil.startActiveSpan (D:\video downloader\node_modules\@google-cloud\firestore\build\src\write-batch.js:442:27)
    at D:\video downloader\node_modules\@google-cloud\firestore\build\src\telemetry\enabled-trace-util.js:125:30
    at NoopContextManager.with (D:\video downloader\node_modules\@opentelemetry\api\build\src\context\NoopContextManager.js:14:19)
    at ContextAPI.with (D:\video downloader\node_modules\@opentelemetry\api\build\src\api\context.js:51:46)
    at NoopTracer.startActiveSpan (D:\video downloader\node_modules\@opentelemetry\api\build\src\trace\NoopTracer.js:54:31)
    at ProxyTracer.startActiveSpan (D:\video downloader\node_modules\@opentelemetry\api\build\src\trace\ProxyTracer.js:27:24)
    at EnabledTraceUtil.startActiveSpan (D:\video downloader\node_modules\@google-cloud\firestore\build\src\telemetry\enabled-trace-util.js:117:28)
    at WriteBatch.commit (D:\video downloader\node_modules\@google-cloud\firestore\build\src\write-batch.js:440:43)
    at D:\video downloader\node_modules\@google-cloud\firestore\build\src\reference\document-reference.js:353:31
    at D:\video downloader\node_modules\@google-cloud\firestore\build\src\telemetry\enabled-trace-util.js:125:30
2026-06-18 20:32:13 [error]: Error: 7 PERMISSION_DENIED: Cloud Firestore API has not been used in project video-downloader-fd8ef before or it is disabled. Enable it by visiting https://console.developers.google.com/apis/api/firestore.googleapis.com/overview?project=video-downloader-fd8ef then retry. If you enabled this API recently, wait a few minutes for the action to propagate to our systems and retry.
    at callErrorFromStatus (D:\video downloader\node_modules\@grpc\grpc-js\build\src\call.js:32:19)
    at Object.onReceiveStatus (D:\video downloader\node_modules\@grpc\grpc-js\build\src\client.js:359:73)
    at Object.onReceiveStatus (D:\video downloader\node_modules\@grpc\grpc-js\build\src\client-interceptors.js:327:181)
    at D:\video downloader\node_modules\@grpc\grpc-js\build\src\resolving-call.js:135:78
    at process.processTicksAndRejections (node:internal/process/task_queues:85:11)
for call at
    at ServiceClientImpl.makeServerStreamRequest (D:\video downloader\node_modules\@grpc\grpc-js\build\src\client.js:342:32)
    at ServiceClientImpl.<anonymous> (D:\video downloader\node_modules\@grpc\grpc-js\build\src\make-client.js:105:19)
    at D:\video downloader\node_modules\@google-cloud\firestore\build\src\v1\firestore_client.js:257:29
    at D:\video downloader\node_modules\google-gax\build\src\streamingCalls\streamingApiCaller.js:39:28
    at D:\video downloader\node_modules\google-gax\build\src\normalCalls\timeout.js:44:16
    at Object.request (D:\video downloader\node_modules\google-gax\build\src\streamingCalls\streaming.js:248:40)
    at makeRequest (D:\video downloader\node_modules\google-gax\node_modules\retry-request\index.js:159:28)
    at retryRequest (D:\video downloader\node_modules\google-gax\node_modules\retry-request\index.js:119:5)
    at StreamProxy.setStream (D:\video downloader\node_modules\google-gax\build\src\streamingCalls\streaming.js:239:37)
    at StreamingApiCaller.call (D:\video downloader\node_modules\google-gax\build\src\streamingCalls\streamingApiCaller.js:55:16)
Caused by: Error
    at D:\video downloader\node_modules\@google-cloud\firestore\build\src\index.js:1097:27
    at D:\video downloader\node_modules\@google-cloud\firestore\build\src\telemetry\enabled-trace-util.js:125:30
    at NoopContextManager.with (D:\video downloader\node_modules\@opentelemetry\api\build\src\context\NoopContextManager.js:14:19)
    at ContextAPI.with (D:\video downloader\node_modules\@opentelemetry\api\build\src\api\context.js:51:46)
    at NoopTracer.startActiveSpan (D:\video downloader\node_modules\@opentelemetry\api\build\src\trace\NoopTracer.js:54:31)
    at ProxyTracer.startActiveSpan (D:\video downloader\node_modules\@opentelemetry\api\build\src\trace\ProxyTracer.js:27:24)
    at EnabledTraceUtil.startActiveSpan (D:\video downloader\node_modules\@google-cloud\firestore\build\src\telemetry\enabled-trace-util.js:117:28)
    at Firestore.getAll (D:\video downloader\node_modules\@google-cloud\firestore\build\src\index.js:1088:32)
    at D:\video downloader\node_modules\@google-cloud\firestore\build\src\reference\document-reference.js:185:36
    at D:\video downloader\node_modules\@google-cloud\firestore\build\src\telemetry\enabled-trace-util.js:125:30
2026-06-18 20:32:13 [error]: Error: 7 PERMISSION_DENIED: Cloud Firestore API has not been used in project video-downloader-fd8ef before or it is disabled. Enable it by visiting https://console.developers.google.com/apis/api/firestore.googleapis.com/overview?project=video-downloader-fd8ef then retry. If you enabled this API recently, wait a few minutes for the action to propagate to our systems and retry.
    at callErrorFromStatus (D:\video downloader\node_modules\@grpc\grpc-js\build\src\call.js:32:19)
    at Object.onReceiveStatus (D:\video downloader\node_modules\@grpc\grpc-js\build\src\client.js:359:73)
    at Object.onReceiveStatus (D:\video downloader\node_modules\@grpc\grpc-js\build\src\client-interceptors.js:327:181)
    at D:\video downloader\node_modules\@grpc\grpc-js\build\src\resolving-call.js:135:78
    at process.processTicksAndRejections (node:internal/process/task_queues:85:11)
for call at
    at ServiceClientImpl.makeServerStreamRequest (D:\video downloader\node_modules\@grpc\grpc-js\build\src\client.js:342:32)
    at ServiceClientImpl.<anonymous> (D:\video downloader\node_modules\@grpc\grpc-js\build\src\make-client.js:105:19)
    at D:\video downloader\node_modules\@google-cloud\firestore\build\src\v1\firestore_client.js:257:29
    at D:\video downloader\node_modules\google-gax\build\src\streamingCalls\streamingApiCaller.js:39:28
    at D:\video downloader\node_modules\google-gax\build\src\normalCalls\timeout.js:44:16
    at Object.request (D:\video downloader\node_modules\google-gax\build\src\streamingCalls\streaming.js:248:40)
    at makeRequest (D:\video downloader\node_modules\google-gax\node_modules\retry-request\index.js:159:28)
    at retryRequest (D:\video downloader\node_modules\google-gax\node_modules\retry-request\index.js:119:5)
    at StreamProxy.setStream (D:\video downloader\node_modules\google-gax\build\src\streamingCalls\streaming.js:239:37)
    at StreamingApiCaller.call (D:\video downloader\node_modules\google-gax\build\src\streamingCalls\streamingApiCaller.js:55:16)
Caused by: Error
    at D:\video downloader\node_modules\@google-cloud\firestore\build\src\index.js:1097:27
    at D:\video downloader\node_modules\@google-cloud\firestore\build\src\telemetry\enabled-trace-util.js:125:30
    at NoopContextManager.with (D:\video downloader\node_modules\@opentelemetry\api\build\src\context\NoopContextManager.js:14:19)
    at ContextAPI.with (D:\video downloader\node_modules\@opentelemetry\api\build\src\api\context.js:51:46)
    at NoopTracer.startActiveSpan (D:\video downloader\node_modules\@opentelemetry\api\build\src\trace\NoopTracer.js:54:31)
    at ProxyTracer.startActiveSpan (D:\video downloader\node_modules\@opentelemetry\api\build\src\trace\ProxyTracer.js:27:24)
    at EnabledTraceUtil.startActiveSpan (D:\video downloader\node_modules\@google-cloud\firestore\build\src\telemetry\enabled-trace-util.js:117:28)
    at Firestore.getAll (D:\video downloader\node_modules\@google-cloud\firestore\build\src\index.js:1088:32)
    at D:\video downloader\node_modules\@google-cloud\firestore\build\src\reference\document-reference.js:185:36
    at D:\video downloader\node_modules\@google-cloud\firestore\build\src\telemetry\enabled-trace-util.js:125:30
2026-06-18 20:32:13 [debug]: [Auth] Token verified: uid=tXJRLNL6OVXJJ9xHM8VfglcryeV2 tier=free
2026-06-18 20:32:13 [debug]: POST /verify 200 608ms — ::1
2026-06-18 20:46:55 [error]: Error: 7 PERMISSION_DENIED: Cloud Firestore API has not been used in project video-downloader-fd8ef before or it is disabled. Enable it by visiting https://console.developers.google.com/apis/api/firestore.googleapis.com/overview?project=video-downloader-fd8ef then retry. If you enabled this API recently, wait a few minutes for the action to propagate to our systems and retry.
    at callErrorFromStatus (D:\video downloader\node_modules\@grpc\grpc-js\build\src\call.js:32:19)
    at Object.onReceiveStatus (D:\video downloader\node_modules\@grpc\grpc-js\build\src\client.js:359:73)
    at Object.onReceiveStatus (D:\video downloader\node_modules\@grpc\grpc-js\build\src\client-interceptors.js:327:181)
    at D:\video downloader\node_modules\@grpc\grpc-js\build\src\resolving-call.js:135:78
    at process.processTicksAndRejections (node:internal/process/task_queues:85:11)
for call at
    at ServiceClientImpl.makeServerStreamRequest (D:\video downloader\node_modules\@grpc\grpc-js\build\src\client.js:342:32)
    at ServiceClientImpl.<anonymous> (D:\video downloader\node_modules\@grpc\grpc-js\build\src\make-client.js:105:19)
    at D:\video downloader\node_modules\@google-cloud\firestore\build\src\v1\firestore_client.js:257:29
    at D:\video downloader\node_modules\google-gax\build\src\streamingCalls\streamingApiCaller.js:39:28
    at D:\video downloader\node_modules\google-gax\build\src\normalCalls\timeout.js:44:16
    at Object.request (D:\video downloader\node_modules\google-gax\build\src\streamingCalls\streaming.js:248:40)
    at makeRequest (D:\video downloader\node_modules\google-gax\node_modules\retry-request\index.js:159:28)
    at retryRequest (D:\video downloader\node_modules\google-gax\node_modules\retry-request\index.js:119:5)
    at StreamProxy.setStream (D:\video downloader\node_modules\google-gax\build\src\streamingCalls\streaming.js:239:37)
    at StreamingApiCaller.call (D:\video downloader\node_modules\google-gax\build\src\streamingCalls\streamingApiCaller.js:55:16)
Caused by: Error
    at D:\video downloader\node_modules\@google-cloud\firestore\build\src\index.js:1097:27
    at D:\video downloader\node_modules\@google-cloud\firestore\build\src\telemetry\enabled-trace-util.js:125:30
    at NoopContextManager.with (D:\video downloader\node_modules\@opentelemetry\api\build\src\context\NoopContextManager.js:14:19)
    at ContextAPI.with (D:\video downloader\node_modules\@opentelemetry\api\build\src\api\context.js:51:46)
    at NoopTracer.startActiveSpan (D:\video downloader\node_modules\@opentelemetry\api\build\src\trace\NoopTracer.js:54:31)
    at ProxyTracer.startActiveSpan (D:\video downloader\node_modules\@opentelemetry\api\build\src\trace\ProxyTracer.js:27:24)
    at EnabledTraceUtil.startActiveSpan (D:\video downloader\node_modules\@google-cloud\firestore\build\src\telemetry\enabled-trace-util.js:117:28)
    at Firestore.getAll (D:\video downloader\node_modules\@google-cloud\firestore\build\src\index.js:1088:32)
    at D:\video downloader\node_modules\@google-cloud\firestore\build\src\reference\document-reference.js:185:36
    at D:\video downloader\node_modules\@google-cloud\firestore\build\src\telemetry\enabled-trace-util.js:125:30
2026-06-18 20:46:55 [debug]: Auth: uid=tXJRLNL6OVXJJ9xHM8VfglcryeV2 tier=free
2026-06-18 20:46:56 [error]: Error: 7 PERMISSION_DENIED: Cloud Firestore API has not been used in project video-downloader-fd8ef before or it is disabled. Enable it by visiting https://console.developers.google.com/apis/api/firestore.googleapis.com/overview?project=video-downloader-fd8ef then retry. If you enabled this API recently, wait a few minutes for the action to propagate to our systems and retry.
    at callErrorFromStatus (D:\video downloader\node_modules\@grpc\grpc-js\build\src\call.js:32:19)
    at Object.onReceiveStatus (D:\video downloader\node_modules\@grpc\grpc-js\build\src\client.js:359:73)
    at Object.onReceiveStatus (D:\video downloader\node_modules\@grpc\grpc-js\build\src\client-interceptors.js:327:181)
    at D:\video downloader\node_modules\@grpc\grpc-js\build\src\resolving-call.js:135:78
    at process.processTicksAndRejections (node:internal/process/task_queues:85:11)
for call at
    at ServiceClientImpl.makeServerStreamRequest (D:\video downloader\node_modules\@grpc\grpc-js\build\src\client.js:342:32)
    at ServiceClientImpl.<anonymous> (D:\video downloader\node_modules\@grpc\grpc-js\build\src\make-client.js:105:19)
    at D:\video downloader\node_modules\@google-cloud\firestore\build\src\v1\firestore_client.js:257:29
    at D:\video downloader\node_modules\google-gax\build\src\streamingCalls\streamingApiCaller.js:39:28
    at D:\video downloader\node_modules\google-gax\build\src\normalCalls\timeout.js:44:16
    at Object.request (D:\video downloader\node_modules\google-gax\build\src\streamingCalls\streaming.js:248:40)
    at makeRequest (D:\video downloader\node_modules\google-gax\node_modules\retry-request\index.js:159:28)
    at retryRequest (D:\video downloader\node_modules\google-gax\node_modules\retry-request\index.js:119:5)
    at StreamProxy.setStream (D:\video downloader\node_modules\google-gax\build\src\streamingCalls\streaming.js:239:37)
    at StreamingApiCaller.call (D:\video downloader\node_modules\google-gax\build\src\streamingCalls\streamingApiCaller.js:55:16)
Caused by: Error
    at D:\video downloader\node_modules\@google-cloud\firestore\build\src\index.js:1097:27
    at D:\video downloader\node_modules\@google-cloud\firestore\build\src\telemetry\enabled-trace-util.js:125:30
    at NoopContextManager.with (D:\video downloader\node_modules\@opentelemetry\api\build\src\context\NoopContextManager.js:14:19)
    at ContextAPI.with (D:\video downloader\node_modules\@opentelemetry\api\build\src\api\context.js:51:46)
    at NoopTracer.startActiveSpan (D:\video downloader\node_modules\@opentelemetry\api\build\src\trace\NoopTracer.js:54:31)
    at ProxyTracer.startActiveSpan (D:\video downloader\node_modules\@opentelemetry\api\build\src\trace\ProxyTracer.js:27:24)
    at EnabledTraceUtil.startActiveSpan (D:\video downloader\node_modules\@google-cloud\firestore\build\src\telemetry\enabled-trace-util.js:117:28)
    at Firestore.getAll (D:\video downloader\node_modules\@google-cloud\firestore\build\src\index.js:1088:32)
    at D:\video downloader\node_modules\@google-cloud\firestore\build\src\reference\document-reference.js:185:36
    at D:\video downloader\node_modules\@google-cloud\firestore\build\src\telemetry\enabled-trace-util.js:125:30
2026-06-18 20:46:56 [info]: [yt-dlp] Extracting info: https://www.snapchat.com/@snapchat/spotlight/W7_EDlXWTBiXAEEniNoMPwAAYc3BvaHllY2hvAZcVrSa1AZcVrSaPAAAAAQ
2026-06-18 20:46:56 [info]: [yt-dlp] Injecting firefox cookies for extraction
2026-06-18 20:47:06 [info]: [yt-dlp] Extracted "1.2मि. लाइक्स, 4.8ह. कमेंट्स, और 1751542.2मि. बार शेयर किया गया | #reel #reelsviralvideo #viral #video #reels  #unfreezemyacount #foryourspotlight  #unfreezemyspotlightviews #fyp #triending #trindingspotlight #spotlightvidal | Fiza Qureshi (@fiza.qureshii) | 28 मई 2025 को पोस्ट किया गया | स्पॉटलाइट (1)" — 1 formats found.
2026-06-18 20:47:06 [error]: Error: 7 PERMISSION_DENIED: Cloud Firestore API has not been used in project video-downloader-fd8ef before or it is disabled. Enable it by visiting https://console.developers.google.com/apis/api/firestore.googleapis.com/overview?project=video-downloader-fd8ef then retry. If you enabled this API recently, wait a few minutes for the action to propagate to our systems and retry.
    at callErrorFromStatus (D:\video downloader\node_modules\@grpc\grpc-js\build\src\call.js:32:19)
    at Object.onReceiveStatus (D:\video downloader\node_modules\@grpc\grpc-js\build\src\client.js:193:76)
    at Object.onReceiveStatus (D:\video downloader\node_modules\@grpc\grpc-js\build\src\client-interceptors.js:367:141)
    at Object.onReceiveStatus (D:\video downloader\node_modules\@grpc\grpc-js\build\src\client-interceptors.js:327:181)
    at D:\video downloader\node_modules\@grpc\grpc-js\build\src\resolving-call.js:135:78
    at process.processTicksAndRejections (node:internal/process/task_queues:85:11)
for call at
    at ServiceClientImpl.makeUnaryRequest (D:\video downloader\node_modules\@grpc\grpc-js\build\src\client.js:161:32)
    at ServiceClientImpl.<anonymous> (D:\video downloader\node_modules\@grpc\grpc-js\build\src\make-client.js:105:19)
    at D:\video downloader\node_modules\@google-cloud\firestore\build\src\v1\firestore_client.js:257:29
    at D:\video downloader\node_modules\google-gax\build\src\normalCalls\timeout.js:44:16
    at repeat (D:\video downloader\node_modules\google-gax\build\src\normalCalls\retries.js:114:25)
    at D:\video downloader\node_modules\google-gax\build\src\normalCalls\retries.js:156:13
    at OngoingCallPromise.call (D:\video downloader\node_modules\google-gax\build\src\call.js:70:27)
    at NormalApiCaller.call (D:\video downloader\node_modules\google-gax\build\src\normalCalls\normalApiCaller.js:34:19)
    at D:\video downloader\node_modules\google-gax\build\src\createApiCall.js:110:30
    at process.processTicksAndRejections (node:internal/process/task_queues:104:5)
Caused by: Error
    at _firestore._traceUtil.startActiveSpan (D:\video downloader\node_modules\@google-cloud\firestore\build\src\write-batch.js:442:27)
    at D:\video downloader\node_modules\@google-cloud\firestore\build\src\telemetry\enabled-trace-util.js:125:30
    at NoopContextManager.with (D:\video downloader\node_modules\@opentelemetry\api\build\src\context\NoopContextManager.js:14:19)
    at ContextAPI.with (D:\video downloader\node_modules\@opentelemetry\api\build\src\api\context.js:51:46)
    at NoopTracer.startActiveSpan (D:\video downloader\node_modules\@opentelemetry\api\build\src\trace\NoopTracer.js:54:31)
    at ProxyTracer.startActiveSpan (D:\video downloader\node_modules\@opentelemetry\api\build\src\trace\ProxyTracer.js:27:24)
    at EnabledTraceUtil.startActiveSpan (D:\video downloader\node_modules\@google-cloud\firestore\build\src\telemetry\enabled-trace-util.js:117:28)
    at WriteBatch.commit (D:\video downloader\node_modules\@google-cloud\firestore\build\src\write-batch.js:440:43)
    at D:\video downloader\node_modules\@google-cloud\firestore\build\src\reference\document-reference.js:353:31
    at D:\video downloader\node_modules\@google-cloud\firestore\build\src\telemetry\enabled-trace-util.js:125:30
2026-06-18 20:47:06 [debug]: POST / 200 10801ms — ::1
2026-06-18 20:49:30 [info]: Firebase Admin SDK initialized for project: video-downloader-fd8ef
2026-06-18 20:49:31 [info]: ✅ yt-dlp found: v2026.06.09
2026-06-18 20:49:31 [info]: ✅ FFmpeg found: ffmpeg version 6.1.1-essentials_build-www.gyan.dev Copyright (c) 2000-2023 the FFmpeg developers
2026-06-18 20:49:31 [info]: 
🚀 Video Downloader API running at http://localhost:3000
2026-06-18 20:49:31 [info]:    Environment: development
2026-06-18 20:49:31 [info]:    Open http://localhost:3000 in your browser

2026-06-18 20:50:27 [debug]: GET / 200 24ms — ::1
2026-06-18 20:50:27 [debug]: GET /css/styles.css 200 19ms — ::1
2026-06-18 20:50:27 [debug]: GET /js/api.js 200 17ms — ::1
2026-06-18 20:50:27 [debug]: GET /js/auth.js 200 16ms — ::1
2026-06-18 20:50:27 [debug]: GET /js/ui.js 200 16ms — ::1
2026-06-18 20:50:27 [debug]: GET /js/app.js 200 14ms — ::1
2026-06-18 20:50:28 [debug]: GET /api/config 200 6ms — ::1
2026-06-18 20:50:29 [debug]: GET /favicon.ico 304 13ms — ::1
2026-06-18 20:50:30 [error]: Error: 7 PERMISSION_DENIED: Cloud Firestore API has not been used in project video-downloader-fd8ef before or it is disabled. Enable it by visiting https://console.developers.google.com/apis/api/firestore.googleapis.com/overview?project=video-downloader-fd8ef then retry. If you enabled this API recently, wait a few minutes for the action to propagate to our systems and retry.
    at callErrorFromStatus (D:\video downloader\node_modules\@grpc\grpc-js\build\src\call.js:32:19)
    at Object.onReceiveStatus (D:\video downloader\node_modules\@grpc\grpc-js\build\src\client.js:193:76)
    at Object.onReceiveStatus (D:\video downloader\node_modules\@grpc\grpc-js\build\src\client-interceptors.js:367:141)
    at Object.onReceiveStatus (D:\video downloader\node_modules\@grpc\grpc-js\build\src\client-interceptors.js:327:181)
    at D:\video downloader\node_modules\@grpc\grpc-js\build\src\resolving-call.js:135:78
    at process.processTicksAndRejections (node:internal/process/task_queues:85:11)
for call at
    at ServiceClientImpl.makeUnaryRequest (D:\video downloader\node_modules\@grpc\grpc-js\build\src\client.js:161:32)
    at ServiceClientImpl.<anonymous> (D:\video downloader\node_modules\@grpc\grpc-js\build\src\make-client.js:105:19)
    at D:\video downloader\node_modules\@google-cloud\firestore\build\src\v1\firestore_client.js:257:29
    at D:\video downloader\node_modules\google-gax\build\src\normalCalls\timeout.js:44:16
    at repeat (D:\video downloader\node_modules\google-gax\build\src\normalCalls\retries.js:114:25)
    at D:\video downloader\node_modules\google-gax\build\src\normalCalls\retries.js:156:13
    at OngoingCallPromise.call (D:\video downloader\node_modules\google-gax\build\src\call.js:70:27)
    at NormalApiCaller.call (D:\video downloader\node_modules\google-gax\build\src\normalCalls\normalApiCaller.js:34:19)
    at D:\video downloader\node_modules\google-gax\build\src\createApiCall.js:110:30
    at process.processTicksAndRejections (node:internal/process/task_queues:104:5)
Caused by: Error
    at _firestore._traceUtil.startActiveSpan (D:\video downloader\node_modules\@google-cloud\firestore\build\src\write-batch.js:442:27)
    at D:\video downloader\node_modules\@google-cloud\firestore\build\src\telemetry\enabled-trace-util.js:125:30
    at NoopContextManager.with (D:\video downloader\node_modules\@opentelemetry\api\build\src\context\NoopContextManager.js:14:19)
    at ContextAPI.with (D:\video downloader\node_modules\@opentelemetry\api\build\src\api\context.js:51:46)
    at NoopTracer.startActiveSpan (D:\video downloader\node_modules\@opentelemetry\api\build\src\trace\NoopTracer.js:54:31)
    at ProxyTracer.startActiveSpan (D:\video downloader\node_modules\@opentelemetry\api\build\src\trace\ProxyTracer.js:27:24)
    at EnabledTraceUtil.startActiveSpan (D:\video downloader\node_modules\@google-cloud\firestore\build\src\telemetry\enabled-trace-util.js:117:28)
    at WriteBatch.commit (D:\video downloader\node_modules\@google-cloud\firestore\build\src\write-batch.js:440:43)
    at D:\video downloader\node_modules\@google-cloud\firestore\build\src\reference\document-reference.js:353:31
    at D:\video downloader\node_modules\@google-cloud\firestore\build\src\telemetry\enabled-trace-util.js:125:30
2026-06-18 20:50:30 [error]: Error: 7 PERMISSION_DENIED: Cloud Firestore API has not been used in project video-downloader-fd8ef before or it is disabled. Enable it by visiting https://console.developers.google.com/apis/api/firestore.googleapis.com/overview?project=video-downloader-fd8ef then retry. If you enabled this API recently, wait a few minutes for the action to propagate to our systems and retry.
    at callErrorFromStatus (D:\video downloader\node_modules\@grpc\grpc-js\build\src\call.js:32:19)
    at Object.onReceiveStatus (D:\video downloader\node_modules\@grpc\grpc-js\build\src\client.js:359:73)
    at Object.onReceiveStatus (D:\video downloader\node_modules\@grpc\grpc-js\build\src\client-interceptors.js:327:181)
    at D:\video downloader\node_modules\@grpc\grpc-js\build\src\resolving-call.js:135:78
    at process.processTicksAndRejections (node:internal/process/task_queues:85:11)
for call at
    at ServiceClientImpl.makeServerStreamRequest (D:\video downloader\node_modules\@grpc\grpc-js\build\src\client.js:342:32)
    at ServiceClientImpl.<anonymous> (D:\video downloader\node_modules\@grpc\grpc-js\build\src\make-client.js:105:19)
    at D:\video downloader\node_modules\@google-cloud\firestore\build\src\v1\firestore_client.js:257:29
    at D:\video downloader\node_modules\google-gax\build\src\streamingCalls\streamingApiCaller.js:39:28
    at D:\video downloader\node_modules\google-gax\build\src\normalCalls\timeout.js:44:16
    at Object.request (D:\video downloader\node_modules\google-gax\build\src\streamingCalls\streaming.js:248:40)
    at makeRequest (D:\video downloader\node_modules\google-gax\node_modules\retry-request\index.js:159:28)
    at retryRequest (D:\video downloader\node_modules\google-gax\node_modules\retry-request\index.js:119:5)
    at StreamProxy.setStream (D:\video downloader\node_modules\google-gax\build\src\streamingCalls\streaming.js:239:37)
    at StreamingApiCaller.call (D:\video downloader\node_modules\google-gax\build\src\streamingCalls\streamingApiCaller.js:55:16)
Caused by: Error
    at D:\video downloader\node_modules\@google-cloud\firestore\build\src\index.js:1097:27
    at D:\video downloader\node_modules\@google-cloud\firestore\build\src\telemetry\enabled-trace-util.js:125:30
    at NoopContextManager.with (D:\video downloader\node_modules\@opentelemetry\api\build\src\context\NoopContextManager.js:14:19)
    at ContextAPI.with (D:\video downloader\node_modules\@opentelemetry\api\build\src\api\context.js:51:46)
    at NoopTracer.startActiveSpan (D:\video downloader\node_modules\@opentelemetry\api\build\src\trace\NoopTracer.js:54:31)
    at ProxyTracer.startActiveSpan (D:\video downloader\node_modules\@opentelemetry\api\build\src\trace\ProxyTracer.js:27:24)
    at EnabledTraceUtil.startActiveSpan (D:\video downloader\node_modules\@google-cloud\firestore\build\src\telemetry\enabled-trace-util.js:117:28)
    at Firestore.getAll (D:\video downloader\node_modules\@google-cloud\firestore\build\src\index.js:1088:32)
    at D:\video downloader\node_modules\@google-cloud\firestore\build\src\reference\document-reference.js:185:36
    at D:\video downloader\node_modules\@google-cloud\firestore\build\src\telemetry\enabled-trace-util.js:125:30
2026-06-18 20:50:30 [error]: Error: 7 PERMISSION_DENIED: Cloud Firestore API has not been used in project video-downloader-fd8ef before or it is disabled. Enable it by visiting https://console.developers.google.com/apis/api/firestore.googleapis.com/overview?project=video-downloader-fd8ef then retry. If you enabled this API recently, wait a few minutes for the action to propagate to our systems and retry.
    at callErrorFromStatus (D:\video downloader\node_modules\@grpc\grpc-js\build\src\call.js:32:19)
    at Object.onReceiveStatus (D:\video downloader\node_modules\@grpc\grpc-js\build\src\client.js:359:73)
    at Object.onReceiveStatus (D:\video downloader\node_modules\@grpc\grpc-js\build\src\client-interceptors.js:327:181)
    at D:\video downloader\node_modules\@grpc\grpc-js\build\src\resolving-call.js:135:78
    at process.processTicksAndRejections (node:internal/process/task_queues:85:11)
for call at
    at ServiceClientImpl.makeServerStreamRequest (D:\video downloader\node_modules\@grpc\grpc-js\build\src\client.js:342:32)
    at ServiceClientImpl.<anonymous> (D:\video downloader\node_modules\@grpc\grpc-js\build\src\make-client.js:105:19)
    at D:\video downloader\node_modules\@google-cloud\firestore\build\src\v1\firestore_client.js:257:29
    at D:\video downloader\node_modules\google-gax\build\src\streamingCalls\streamingApiCaller.js:39:28
    at D:\video downloader\node_modules\google-gax\build\src\normalCalls\timeout.js:44:16
    at Object.request (D:\video downloader\node_modules\google-gax\build\src\streamingCalls\streaming.js:248:40)
    at makeRequest (D:\video downloader\node_modules\google-gax\node_modules\retry-request\index.js:159:28)
    at retryRequest (D:\video downloader\node_modules\google-gax\node_modules\retry-request\index.js:119:5)
    at StreamProxy.setStream (D:\video downloader\node_modules\google-gax\build\src\streamingCalls\streaming.js:239:37)
    at StreamingApiCaller.call (D:\video downloader\node_modules\google-gax\build\src\streamingCalls\streamingApiCaller.js:55:16)
Caused by: Error
    at D:\video downloader\node_modules\@google-cloud\firestore\build\src\index.js:1097:27
    at D:\video downloader\node_modules\@google-cloud\firestore\build\src\telemetry\enabled-trace-util.js:125:30
    at NoopContextManager.with (D:\video downloader\node_modules\@opentelemetry\api\build\src\context\NoopContextManager.js:14:19)
    at ContextAPI.with (D:\video downloader\node_modules\@opentelemetry\api\build\src\api\context.js:51:46)
    at NoopTracer.startActiveSpan (D:\video downloader\node_modules\@opentelemetry\api\build\src\trace\NoopTracer.js:54:31)
    at ProxyTracer.startActiveSpan (D:\video downloader\node_modules\@opentelemetry\api\build\src\trace\ProxyTracer.js:27:24)
    at EnabledTraceUtil.startActiveSpan (D:\video downloader\node_modules\@google-cloud\firestore\build\src\telemetry\enabled-trace-util.js:117:28)
    at Firestore.getAll (D:\video downloader\node_modules\@google-cloud\firestore\build\src\index.js:1088:32)
    at D:\video downloader\node_modules\@google-cloud\firestore\build\src\reference\document-reference.js:185:36
    at D:\video downloader\node_modules\@google-cloud\firestore\build\src\telemetry\enabled-trace-util.js:125:30
2026-06-18 20:50:30 [debug]: [Auth] Token verified: uid=tXJRLNL6OVXJJ9xHM8VfglcryeV2 tier=free
2026-06-18 20:50:30 [debug]: POST /verify 200 1348ms — ::1
2026-06-18 20:50:46 [error]: Error: 7 PERMISSION_DENIED: Cloud Firestore API has not been used in project video-downloader-fd8ef before or it is disabled. Enable it by visiting https://console.developers.google.com/apis/api/firestore.googleapis.com/overview?project=video-downloader-fd8ef then retry. If you enabled this API recently, wait a few minutes for the action to propagate to our systems and retry.
    at callErrorFromStatus (D:\video downloader\node_modules\@grpc\grpc-js\build\src\call.js:32:19)
    at Object.onReceiveStatus (D:\video downloader\node_modules\@grpc\grpc-js\build\src\client.js:359:73)
    at Object.onReceiveStatus (D:\video downloader\node_modules\@grpc\grpc-js\build\src\client-interceptors.js:327:181)
    at D:\video downloader\node_modules\@grpc\grpc-js\build\src\resolving-call.js:135:78
    at process.processTicksAndRejections (node:internal/process/task_queues:85:11)
for call at
    at ServiceClientImpl.makeServerStreamRequest (D:\video downloader\node_modules\@grpc\grpc-js\build\src\client.js:342:32)
    at ServiceClientImpl.<anonymous> (D:\video downloader\node_modules\@grpc\grpc-js\build\src\make-client.js:105:19)
    at D:\video downloader\node_modules\@google-cloud\firestore\build\src\v1\firestore_client.js:257:29
    at D:\video downloader\node_modules\google-gax\build\src\streamingCalls\streamingApiCaller.js:39:28
    at D:\video downloader\node_modules\google-gax\build\src\normalCalls\timeout.js:44:16
    at Object.request (D:\video downloader\node_modules\google-gax\build\src\streamingCalls\streaming.js:248:40)
    at makeRequest (D:\video downloader\node_modules\google-gax\node_modules\retry-request\index.js:159:28)
    at retryRequest (D:\video downloader\node_modules\google-gax\node_modules\retry-request\index.js:119:5)
    at StreamProxy.setStream (D:\video downloader\node_modules\google-gax\build\src\streamingCalls\streaming.js:239:37)
    at StreamingApiCaller.call (D:\video downloader\node_modules\google-gax\build\src\streamingCalls\streamingApiCaller.js:55:16)
Caused by: Error
    at D:\video downloader\node_modules\@google-cloud\firestore\build\src\index.js:1097:27
    at D:\video downloader\node_modules\@google-cloud\firestore\build\src\telemetry\enabled-trace-util.js:125:30
    at NoopContextManager.with (D:\video downloader\node_modules\@opentelemetry\api\build\src\context\NoopContextManager.js:14:19)
    at ContextAPI.with (D:\video downloader\node_modules\@opentelemetry\api\build\src\api\context.js:51:46)
    at NoopTracer.startActiveSpan (D:\video downloader\node_modules\@opentelemetry\api\build\src\trace\NoopTracer.js:54:31)
    at ProxyTracer.startActiveSpan (D:\video downloader\node_modules\@opentelemetry\api\build\src\trace\ProxyTracer.js:27:24)
    at EnabledTraceUtil.startActiveSpan (D:\video downloader\node_modules\@google-cloud\firestore\build\src\telemetry\enabled-trace-util.js:117:28)
    at Firestore.getAll (D:\video downloader\node_modules\@google-cloud\firestore\build\src\index.js:1088:32)
    at D:\video downloader\node_modules\@google-cloud\firestore\build\src\reference\document-reference.js:185:36
    at D:\video downloader\node_modules\@google-cloud\firestore\build\src\telemetry\enabled-trace-util.js:125:30
2026-06-18 20:50:46 [debug]: Auth: uid=tXJRLNL6OVXJJ9xHM8VfglcryeV2 tier=free
2026-06-18 20:50:46 [error]: Error: 7 PERMISSION_DENIED: Cloud Firestore API has not been used in project video-downloader-fd8ef before or it is disabled. Enable it by visiting https://console.developers.google.com/apis/api/firestore.googleapis.com/overview?project=video-downloader-fd8ef then retry. If you enabled this API recently, wait a few minutes for the action to propagate to our systems and retry.
    at callErrorFromStatus (D:\video downloader\node_modules\@grpc\grpc-js\build\src\call.js:32:19)
    at Object.onReceiveStatus (D:\video downloader\node_modules\@grpc\grpc-js\build\src\client.js:359:73)
    at Object.onReceiveStatus (D:\video downloader\node_modules\@grpc\grpc-js\build\src\client-interceptors.js:327:181)
    at D:\video downloader\node_modules\@grpc\grpc-js\build\src\resolving-call.js:135:78
    at process.processTicksAndRejections (node:internal/process/task_queues:85:11)
for call at
    at ServiceClientImpl.makeServerStreamRequest (D:\video downloader\node_modules\@grpc\grpc-js\build\src\client.js:342:32)
    at ServiceClientImpl.<anonymous> (D:\video downloader\node_modules\@grpc\grpc-js\build\src\make-client.js:105:19)
    at D:\video downloader\node_modules\@google-cloud\firestore\build\src\v1\firestore_client.js:257:29
    at D:\video downloader\node_modules\google-gax\build\src\streamingCalls\streamingApiCaller.js:39:28
    at D:\video downloader\node_modules\google-gax\build\src\normalCalls\timeout.js:44:16
    at Object.request (D:\video downloader\node_modules\google-gax\build\src\streamingCalls\streaming.js:248:40)
    at makeRequest (D:\video downloader\node_modules\google-gax\node_modules\retry-request\index.js:159:28)
    at retryRequest (D:\video downloader\node_modules\google-gax\node_modules\retry-request\index.js:119:5)
    at StreamProxy.setStream (D:\video downloader\node_modules\google-gax\build\src\streamingCalls\streaming.js:239:37)
    at StreamingApiCaller.call (D:\video downloader\node_modules\google-gax\build\src\streamingCalls\streamingApiCaller.js:55:16)
Caused by: Error
    at D:\video downloader\node_modules\@google-cloud\firestore\build\src\index.js:1097:27
    at D:\video downloader\node_modules\@google-cloud\firestore\build\src\telemetry\enabled-trace-util.js:125:30
    at NoopContextManager.with (D:\video downloader\node_modules\@opentelemetry\api\build\src\context\NoopContextManager.js:14:19)
    at ContextAPI.with (D:\video downloader\node_modules\@opentelemetry\api\build\src\api\context.js:51:46)
    at NoopTracer.startActiveSpan (D:\video downloader\node_modules\@opentelemetry\api\build\src\trace\NoopTracer.js:54:31)
    at ProxyTracer.startActiveSpan (D:\video downloader\node_modules\@opentelemetry\api\build\src\trace\ProxyTracer.js:27:24)
    at EnabledTraceUtil.startActiveSpan (D:\video downloader\node_modules\@google-cloud\firestore\build\src\telemetry\enabled-trace-util.js:117:28)
    at Firestore.getAll (D:\video downloader\node_modules\@google-cloud\firestore\build\src\index.js:1088:32)
    at D:\video downloader\node_modules\@google-cloud\firestore\build\src\reference\document-reference.js:185:36
    at D:\video downloader\node_modules\@google-cloud\firestore\build\src\telemetry\enabled-trace-util.js:125:30
2026-06-18 20:50:46 [info]: [yt-dlp] Extracting info: https://www.snapchat.com/@snapchat/spotlight/W7_EDlXWTBiXAEEniNoMPwAAYc3BvaHllY2hvAZcVrSa1AZcVrSaPAAAAAQ
2026-06-18 20:50:46 [info]: [yt-dlp] Injecting firefox cookies for extraction
2026-06-18 20:50:53 [info]: [yt-dlp] Extracted "1.2मि. लाइक्स, 4.8ह. कमेंट्स, और 1751542.2मि. बार शेयर किया गया | #reel #reelsviralvideo #viral #video #reels  #unfreezemyacount #foryourspotlight  #unfreezemyspotlightviews #fyp #triending #trindingspotlight #spotlightvidal | Fiza Qureshi (@fiza.qureshii) | 28 मई 2025 को पोस्ट किया गया | स्पॉटलाइट (1)" — 1 formats found.
2026-06-18 20:50:53 [error]: Error: 7 PERMISSION_DENIED: Cloud Firestore API has not been used in project video-downloader-fd8ef before or it is disabled. Enable it by visiting https://console.developers.google.com/apis/api/firestore.googleapis.com/overview?project=video-downloader-fd8ef then retry. If you enabled this API recently, wait a few minutes for the action to propagate to our systems and retry.
    at callErrorFromStatus (D:\video downloader\node_modules\@grpc\grpc-js\build\src\call.js:32:19)
    at Object.onReceiveStatus (D:\video downloader\node_modules\@grpc\grpc-js\build\src\client.js:193:76)
    at Object.onReceiveStatus (D:\video downloader\node_modules\@grpc\grpc-js\build\src\client-interceptors.js:367:141)
    at Object.onReceiveStatus (D:\video downloader\node_modules\@grpc\grpc-js\build\src\client-interceptors.js:327:181)
    at D:\video downloader\node_modules\@grpc\grpc-js\build\src\resolving-call.js:135:78
    at process.processTicksAndRejections (node:internal/process/task_queues:85:11)
for call at
    at ServiceClientImpl.makeUnaryRequest (D:\video downloader\node_modules\@grpc\grpc-js\build\src\client.js:161:32)
    at ServiceClientImpl.<anonymous> (D:\video downloader\node_modules\@grpc\grpc-js\build\src\make-client.js:105:19)
    at D:\video downloader\node_modules\@google-cloud\firestore\build\src\v1\firestore_client.js:257:29
    at D:\video downloader\node_modules\google-gax\build\src\normalCalls\timeout.js:44:16
    at repeat (D:\video downloader\node_modules\google-gax\build\src\normalCalls\retries.js:114:25)
    at D:\video downloader\node_modules\google-gax\build\src\normalCalls\retries.js:156:13
    at OngoingCallPromise.call (D:\video downloader\node_modules\google-gax\build\src\call.js:70:27)
    at NormalApiCaller.call (D:\video downloader\node_modules\google-gax\build\src\normalCalls\normalApiCaller.js:34:19)
    at D:\video downloader\node_modules\google-gax\build\src\createApiCall.js:110:30
    at process.processTicksAndRejections (node:internal/process/task_queues:104:5)
Caused by: Error
    at _firestore._traceUtil.startActiveSpan (D:\video downloader\node_modules\@google-cloud\firestore\build\src\write-batch.js:442:27)
    at D:\video downloader\node_modules\@google-cloud\firestore\build\src\telemetry\enabled-trace-util.js:125:30
    at NoopContextManager.with (D:\video downloader\node_modules\@opentelemetry\api\build\src\context\NoopContextManager.js:14:19)
    at ContextAPI.with (D:\video downloader\node_modules\@opentelemetry\api\build\src\api\context.js:51:46)
    at NoopTracer.startActiveSpan (D:\video downloader\node_modules\@opentelemetry\api\build\src\trace\NoopTracer.js:54:31)
    at ProxyTracer.startActiveSpan (D:\video downloader\node_modules\@opentelemetry\api\build\src\trace\ProxyTracer.js:27:24)
    at EnabledTraceUtil.startActiveSpan (D:\video downloader\node_modules\@google-cloud\firestore\build\src\telemetry\enabled-trace-util.js:117:28)
    at WriteBatch.commit (D:\video downloader\node_modules\@google-cloud\firestore\build\src\write-batch.js:440:43)
    at D:\video downloader\node_modules\@google-cloud\firestore\build\src\reference\document-reference.js:353:31
    at D:\video downloader\node_modules\@google-cloud\firestore\build\src\telemetry\enabled-trace-util.js:125:30
2026-06-18 20:50:53 [debug]: POST / 200 8012ms — ::1
2026-06-18 20:51:53 [info]: Firebase Admin SDK initialized for project: video-downloader-fd8ef
2026-06-18 20:51:54 [info]: ✅ yt-dlp found: v2026.06.09
2026-06-18 20:51:54 [info]: ✅ FFmpeg found: ffmpeg version 6.1.1-essentials_build-www.gyan.dev Copyright (c) 2000-2023 the FFmpeg developers
2026-06-18 20:51:54 [info]: 
🚀 Video Downloader API running at http://localhost:3000
2026-06-18 20:51:54 [info]:    Environment: development
2026-06-18 20:51:54 [info]:    Open http://localhost:3000 in your browser

2026-06-18 20:52:17 [debug]: GET / 200 20ms — ::1
2026-06-18 20:52:17 [debug]: GET /css/styles.css 200 26ms — ::1
2026-06-18 20:52:17 [debug]: GET /js/api.js 200 22ms — ::1
2026-06-18 20:52:17 [debug]: GET /js/auth.js 200 14ms — ::1
2026-06-18 20:52:17 [debug]: GET /js/ui.js 200 14ms — ::1
2026-06-18 20:52:17 [debug]: GET /js/app.js 200 18ms — ::1
2026-06-18 20:52:17 [debug]: GET /api/config 200 6ms — ::1
2026-06-18 20:52:18 [debug]: GET /favicon.ico 304 7ms — ::1
2026-06-18 20:52:19 [error]: Error: 7 PERMISSION_DENIED: Cloud Firestore API has not been used in project video-downloader-fd8ef before or it is disabled. Enable it by visiting https://console.developers.google.com/apis/api/firestore.googleapis.com/overview?project=video-downloader-fd8ef then retry. If you enabled this API recently, wait a few minutes for the action to propagate to our systems and retry.
    at callErrorFromStatus (D:\video downloader\node_modules\@grpc\grpc-js\build\src\call.js:32:19)
    at Object.onReceiveStatus (D:\video downloader\node_modules\@grpc\grpc-js\build\src\client.js:193:76)
    at Object.onReceiveStatus (D:\video downloader\node_modules\@grpc\grpc-js\build\src\client-interceptors.js:367:141)
    at Object.onReceiveStatus (D:\video downloader\node_modules\@grpc\grpc-js\build\src\client-interceptors.js:327:181)
    at D:\video downloader\node_modules\@grpc\grpc-js\build\src\resolving-call.js:135:78
    at process.processTicksAndRejections (node:internal/process/task_queues:85:11)
for call at
    at ServiceClientImpl.makeUnaryRequest (D:\video downloader\node_modules\@grpc\grpc-js\build\src\client.js:161:32)
    at ServiceClientImpl.<anonymous> (D:\video downloader\node_modules\@grpc\grpc-js\build\src\make-client.js:105:19)
    at D:\video downloader\node_modules\@google-cloud\firestore\build\src\v1\firestore_client.js:257:29
    at D:\video downloader\node_modules\google-gax\build\src\normalCalls\timeout.js:44:16
    at repeat (D:\video downloader\node_modules\google-gax\build\src\normalCalls\retries.js:114:25)
    at D:\video downloader\node_modules\google-gax\build\src\normalCalls\retries.js:156:13
    at OngoingCallPromise.call (D:\video downloader\node_modules\google-gax\build\src\call.js:70:27)
    at NormalApiCaller.call (D:\video downloader\node_modules\google-gax\build\src\normalCalls\normalApiCaller.js:34:19)
    at D:\video downloader\node_modules\google-gax\build\src\createApiCall.js:110:30
    at process.processTicksAndRejections (node:internal/process/task_queues:104:5)
Caused by: Error
    at _firestore._traceUtil.startActiveSpan (D:\video downloader\node_modules\@google-cloud\firestore\build\src\write-batch.js:442:27)
    at D:\video downloader\node_modules\@google-cloud\firestore\build\src\telemetry\enabled-trace-util.js:125:30
    at NoopContextManager.with (D:\video downloader\node_modules\@opentelemetry\api\build\src\context\NoopContextManager.js:14:19)
    at ContextAPI.with (D:\video downloader\node_modules\@opentelemetry\api\build\src\api\context.js:51:46)
    at NoopTracer.startActiveSpan (D:\video downloader\node_modules\@opentelemetry\api\build\src\trace\NoopTracer.js:54:31)
    at ProxyTracer.startActiveSpan (D:\video downloader\node_modules\@opentelemetry\api\build\src\trace\ProxyTracer.js:27:24)
    at EnabledTraceUtil.startActiveSpan (D:\video downloader\node_modules\@google-cloud\firestore\build\src\telemetry\enabled-trace-util.js:117:28)
    at WriteBatch.commit (D:\video downloader\node_modules\@google-cloud\firestore\build\src\write-batch.js:440:43)
    at D:\video downloader\node_modules\@google-cloud\firestore\build\src\reference\document-reference.js:353:31
    at D:\video downloader\node_modules\@google-cloud\firestore\build\src\telemetry\enabled-trace-util.js:125:30
2026-06-18 20:52:19 [error]: Error: 7 PERMISSION_DENIED: Cloud Firestore API has not been used in project video-downloader-fd8ef before or it is disabled. Enable it by visiting https://console.developers.google.com/apis/api/firestore.googleapis.com/overview?project=video-downloader-fd8ef then retry. If you enabled this API recently, wait a few minutes for the action to propagate to our systems and retry.
    at callErrorFromStatus (D:\video downloader\node_modules\@grpc\grpc-js\build\src\call.js:32:19)
    at Object.onReceiveStatus (D:\video downloader\node_modules\@grpc\grpc-js\build\src\client.js:359:73)
    at Object.onReceiveStatus (D:\video downloader\node_modules\@grpc\grpc-js\build\src\client-interceptors.js:327:181)
    at D:\video downloader\node_modules\@grpc\grpc-js\build\src\resolving-call.js:135:78
    at process.processTicksAndRejections (node:internal/process/task_queues:85:11)
for call at
    at ServiceClientImpl.makeServerStreamRequest (D:\video downloader\node_modules\@grpc\grpc-js\build\src\client.js:342:32)
    at ServiceClientImpl.<anonymous> (D:\video downloader\node_modules\@grpc\grpc-js\build\src\make-client.js:105:19)
    at D:\video downloader\node_modules\@google-cloud\firestore\build\src\v1\firestore_client.js:257:29
    at D:\video downloader\node_modules\google-gax\build\src\streamingCalls\streamingApiCaller.js:39:28
    at D:\video downloader\node_modules\google-gax\build\src\normalCalls\timeout.js:44:16
    at Object.request (D:\video downloader\node_modules\google-gax\build\src\streamingCalls\streaming.js:248:40)
    at makeRequest (D:\video downloader\node_modules\google-gax\node_modules\retry-request\index.js:159:28)
    at retryRequest (D:\video downloader\node_modules\google-gax\node_modules\retry-request\index.js:119:5)
    at StreamProxy.setStream (D:\video downloader\node_modules\google-gax\build\src\streamingCalls\streaming.js:239:37)
    at StreamingApiCaller.call (D:\video downloader\node_modules\google-gax\build\src\streamingCalls\streamingApiCaller.js:55:16)
Caused by: Error
    at D:\video downloader\node_modules\@google-cloud\firestore\build\src\index.js:1097:27
    at D:\video downloader\node_modules\@google-cloud\firestore\build\src\telemetry\enabled-trace-util.js:125:30
    at NoopContextManager.with (D:\video downloader\node_modules\@opentelemetry\api\build\src\context\NoopContextManager.js:14:19)
    at ContextAPI.with (D:\video downloader\node_modules\@opentelemetry\api\build\src\api\context.js:51:46)
    at NoopTracer.startActiveSpan (D:\video downloader\node_modules\@opentelemetry\api\build\src\trace\NoopTracer.js:54:31)
    at ProxyTracer.startActiveSpan (D:\video downloader\node_modules\@opentelemetry\api\build\src\trace\ProxyTracer.js:27:24)
    at EnabledTraceUtil.startActiveSpan (D:\video downloader\node_modules\@google-cloud\firestore\build\src\telemetry\enabled-trace-util.js:117:28)
    at Firestore.getAll (D:\video downloader\node_modules\@google-cloud\firestore\build\src\index.js:1088:32)
    at D:\video downloader\node_modules\@google-cloud\firestore\build\src\reference\document-reference.js:185:36
    at D:\video downloader\node_modules\@google-cloud\firestore\build\src\telemetry\enabled-trace-util.js:125:30
2026-06-18 20:52:19 [error]: Error: 7 PERMISSION_DENIED: Cloud Firestore API has not been used in project video-downloader-fd8ef before or it is disabled. Enable it by visiting https://console.developers.google.com/apis/api/firestore.googleapis.com/overview?project=video-downloader-fd8ef then retry. If you enabled this API recently, wait a few minutes for the action to propagate to our systems and retry.
    at callErrorFromStatus (D:\video downloader\node_modules\@grpc\grpc-js\build\src\call.js:32:19)
    at Object.onReceiveStatus (D:\video downloader\node_modules\@grpc\grpc-js\build\src\client.js:359:73)
    at Object.onReceiveStatus (D:\video downloader\node_modules\@grpc\grpc-js\build\src\client-interceptors.js:327:181)
    at D:\video downloader\node_modules\@grpc\grpc-js\build\src\resolving-call.js:135:78
    at process.processTicksAndRejections (node:internal/process/task_queues:85:11)
for call at
    at ServiceClientImpl.makeServerStreamRequest (D:\video downloader\node_modules\@grpc\grpc-js\build\src\client.js:342:32)
    at ServiceClientImpl.<anonymous> (D:\video downloader\node_modules\@grpc\grpc-js\build\src\make-client.js:105:19)
    at D:\video downloader\node_modules\@google-cloud\firestore\build\src\v1\firestore_client.js:257:29
    at D:\video downloader\node_modules\google-gax\build\src\streamingCalls\streamingApiCaller.js:39:28
    at D:\video downloader\node_modules\google-gax\build\src\normalCalls\timeout.js:44:16
    at Object.request (D:\video downloader\node_modules\google-gax\build\src\streamingCalls\streaming.js:248:40)
    at makeRequest (D:\video downloader\node_modules\google-gax\node_modules\retry-request\index.js:159:28)
    at retryRequest (D:\video downloader\node_modules\google-gax\node_modules\retry-request\index.js:119:5)
    at StreamProxy.setStream (D:\video downloader\node_modules\google-gax\build\src\streamingCalls\streaming.js:239:37)
    at StreamingApiCaller.call (D:\video downloader\node_modules\google-gax\build\src\streamingCalls\streamingApiCaller.js:55:16)
Caused by: Error
    at D:\video downloader\node_modules\@google-cloud\firestore\build\src\index.js:1097:27
    at D:\video downloader\node_modules\@google-cloud\firestore\build\src\telemetry\enabled-trace-util.js:125:30
    at NoopContextManager.with (D:\video downloader\node_modules\@opentelemetry\api\build\src\context\NoopContextManager.js:14:19)
    at ContextAPI.with (D:\video downloader\node_modules\@opentelemetry\api\build\src\api\context.js:51:46)
    at NoopTracer.startActiveSpan (D:\video downloader\node_modules\@opentelemetry\api\build\src\trace\NoopTracer.js:54:31)
    at ProxyTracer.startActiveSpan (D:\video downloader\node_modules\@opentelemetry\api\build\src\trace\ProxyTracer.js:27:24)
    at EnabledTraceUtil.startActiveSpan (D:\video downloader\node_modules\@google-cloud\firestore\build\src\telemetry\enabled-trace-util.js:117:28)
    at Firestore.getAll (D:\video downloader\node_modules\@google-cloud\firestore\build\src\index.js:1088:32)
    at D:\video downloader\node_modules\@google-cloud\firestore\build\src\reference\document-reference.js:185:36
    at D:\video downloader\node_modules\@google-cloud\firestore\build\src\telemetry\enabled-trace-util.js:125:30
2026-06-18 20:52:19 [debug]: [Auth] Token verified: uid=tXJRLNL6OVXJJ9xHM8VfglcryeV2 tier=free
2026-06-18 20:52:19 [debug]: POST /verify 200 1313ms — ::1
2026-06-18 20:52:23 [error]: Error: 7 PERMISSION_DENIED: Cloud Firestore API has not been used in project video-downloader-fd8ef before or it is disabled. Enable it by visiting https://console.developers.google.com/apis/api/firestore.googleapis.com/overview?project=video-downloader-fd8ef then retry. If you enabled this API recently, wait a few minutes for the action to propagate to our systems and retry.
    at callErrorFromStatus (D:\video downloader\node_modules\@grpc\grpc-js\build\src\call.js:32:19)
    at Object.onReceiveStatus (D:\video downloader\node_modules\@grpc\grpc-js\build\src\client.js:359:73)
    at Object.onReceiveStatus (D:\video downloader\node_modules\@grpc\grpc-js\build\src\client-interceptors.js:327:181)
    at D:\video downloader\node_modules\@grpc\grpc-js\build\src\resolving-call.js:135:78
    at process.processTicksAndRejections (node:internal/process/task_queues:85:11)
for call at
    at ServiceClientImpl.makeServerStreamRequest (D:\video downloader\node_modules\@grpc\grpc-js\build\src\client.js:342:32)
    at ServiceClientImpl.<anonymous> (D:\video downloader\node_modules\@grpc\grpc-js\build\src\make-client.js:105:19)
    at D:\video downloader\node_modules\@google-cloud\firestore\build\src\v1\firestore_client.js:257:29
    at D:\video downloader\node_modules\google-gax\build\src\streamingCalls\streamingApiCaller.js:39:28
    at D:\video downloader\node_modules\google-gax\build\src\normalCalls\timeout.js:44:16
    at Object.request (D:\video downloader\node_modules\google-gax\build\src\streamingCalls\streaming.js:248:40)
    at makeRequest (D:\video downloader\node_modules\google-gax\node_modules\retry-request\index.js:159:28)
    at retryRequest (D:\video downloader\node_modules\google-gax\node_modules\retry-request\index.js:119:5)
    at StreamProxy.setStream (D:\video downloader\node_modules\google-gax\build\src\streamingCalls\streaming.js:239:37)
    at StreamingApiCaller.call (D:\video downloader\node_modules\google-gax\build\src\streamingCalls\streamingApiCaller.js:55:16)
Caused by: Error
    at D:\video downloader\node_modules\@google-cloud\firestore\build\src\index.js:1097:27
    at D:\video downloader\node_modules\@google-cloud\firestore\build\src\telemetry\enabled-trace-util.js:125:30
    at NoopContextManager.with (D:\video downloader\node_modules\@opentelemetry\api\build\src\context\NoopContextManager.js:14:19)
    at ContextAPI.with (D:\video downloader\node_modules\@opentelemetry\api\build\src\api\context.js:51:46)
    at NoopTracer.startActiveSpan (D:\video downloader\node_modules\@opentelemetry\api\build\src\trace\NoopTracer.js:54:31)
    at ProxyTracer.startActiveSpan (D:\video downloader\node_modules\@opentelemetry\api\build\src\trace\ProxyTracer.js:27:24)
    at EnabledTraceUtil.startActiveSpan (D:\video downloader\node_modules\@google-cloud\firestore\build\src\telemetry\enabled-trace-util.js:117:28)
    at Firestore.getAll (D:\video downloader\node_modules\@google-cloud\firestore\build\src\index.js:1088:32)
    at D:\video downloader\node_modules\@google-cloud\firestore\build\src\reference\document-reference.js:185:36
    at D:\video downloader\node_modules\@google-cloud\firestore\build\src\telemetry\enabled-trace-util.js:125:30
2026-06-18 20:52:23 [debug]: Auth: uid=tXJRLNL6OVXJJ9xHM8VfglcryeV2 tier=free
2026-06-18 20:52:23 [error]: Error: 7 PERMISSION_DENIED: Cloud Firestore API has not been used in project video-downloader-fd8ef before or it is disabled. Enable it by visiting https://console.developers.google.com/apis/api/firestore.googleapis.com/overview?project=video-downloader-fd8ef then retry. If you enabled this API recently, wait a few minutes for the action to propagate to our systems and retry.
    at callErrorFromStatus (D:\video downloader\node_modules\@grpc\grpc-js\build\src\call.js:32:19)
    at Object.onReceiveStatus (D:\video downloader\node_modules\@grpc\grpc-js\build\src\client.js:359:73)
    at Object.onReceiveStatus (D:\video downloader\node_modules\@grpc\grpc-js\build\src\client-interceptors.js:327:181)
    at D:\video downloader\node_modules\@grpc\grpc-js\build\src\resolving-call.js:135:78
    at process.processTicksAndRejections (node:internal/process/task_queues:85:11)
for call at
    at ServiceClientImpl.makeServerStreamRequest (D:\video downloader\node_modules\@grpc\grpc-js\build\src\client.js:342:32)
    at ServiceClientImpl.<anonymous> (D:\video downloader\node_modules\@grpc\grpc-js\build\src\make-client.js:105:19)
    at D:\video downloader\node_modules\@google-cloud\firestore\build\src\v1\firestore_client.js:257:29
    at D:\video downloader\node_modules\google-gax\build\src\streamingCalls\streamingApiCaller.js:39:28
    at D:\video downloader\node_modules\google-gax\build\src\normalCalls\timeout.js:44:16
    at Object.request (D:\video downloader\node_modules\google-gax\build\src\streamingCalls\streaming.js:248:40)
    at makeRequest (D:\video downloader\node_modules\google-gax\node_modules\retry-request\index.js:159:28)
    at retryRequest (D:\video downloader\node_modules\google-gax\node_modules\retry-request\index.js:119:5)
    at StreamProxy.setStream (D:\video downloader\node_modules\google-gax\build\src\streamingCalls\streaming.js:239:37)
    at StreamingApiCaller.call (D:\video downloader\node_modules\google-gax\build\src\streamingCalls\streamingApiCaller.js:55:16)
Caused by: Error
    at D:\video downloader\node_modules\@google-cloud\firestore\build\src\index.js:1097:27
    at D:\video downloader\node_modules\@google-cloud\firestore\build\src\telemetry\enabled-trace-util.js:125:30
    at NoopContextManager.with (D:\video downloader\node_modules\@opentelemetry\api\build\src\context\NoopContextManager.js:14:19)
    at ContextAPI.with (D:\video downloader\node_modules\@opentelemetry\api\build\src\api\context.js:51:46)
    at NoopTracer.startActiveSpan (D:\video downloader\node_modules\@opentelemetry\api\build\src\trace\NoopTracer.js:54:31)
    at ProxyTracer.startActiveSpan (D:\video downloader\node_modules\@opentelemetry\api\build\src\trace\ProxyTracer.js:27:24)
    at EnabledTraceUtil.startActiveSpan (D:\video downloader\node_modules\@google-cloud\firestore\build\src\telemetry\enabled-trace-util.js:117:28)
    at Firestore.getAll (D:\video downloader\node_modules\@google-cloud\firestore\build\src\index.js:1088:32)
    at D:\video downloader\node_modules\@google-cloud\firestore\build\src\reference\document-reference.js:185:36
    at D:\video downloader\node_modules\@google-cloud\firestore\build\src\telemetry\enabled-trace-util.js:125:30
2026-06-18 20:52:23 [info]: [yt-dlp] Extracting info: https://snapchat.com/t/DkcbZfsX
2026-06-18 20:52:23 [info]: [yt-dlp] Injecting firefox cookies for extraction
2026-06-18 20:52:34 [info]: [yt-dlp] Extracted "314 likes, 26 comments, and 13 shares | एक वायरल वीडियो में दावा किया गया है कि चीन में कई बेरोजगार लोग रोज़ाना केवल एक वक्त का भोजन #jobless #india #viral #unemployment #rahulgandhi | 🇮🇳Being Shashi (@beingshashi190) | Posted Jun 17, 2026 | Spotlight (1)" — 1 formats found.
2026-06-18 20:52:34 [error]: Error: 7 PERMISSION_DENIED: Cloud Firestore API has not been used in project video-downloader-fd8ef before or it is disabled. Enable it by visiting https://console.developers.google.com/apis/api/firestore.googleapis.com/overview?project=video-downloader-fd8ef then retry. If you enabled this API recently, wait a few minutes for the action to propagate to our systems and retry.
    at callErrorFromStatus (D:\video downloader\node_modules\@grpc\grpc-js\build\src\call.js:32:19)
    at Object.onReceiveStatus (D:\video downloader\node_modules\@grpc\grpc-js\build\src\client.js:193:76)
    at Object.onReceiveStatus (D:\video downloader\node_modules\@grpc\grpc-js\build\src\client-interceptors.js:367:141)
    at Object.onReceiveStatus (D:\video downloader\node_modules\@grpc\grpc-js\build\src\client-interceptors.js:327:181)
    at D:\video downloader\node_modules\@grpc\grpc-js\build\src\resolving-call.js:135:78
    at process.processTicksAndRejections (node:internal/process/task_queues:85:11)
for call at
    at ServiceClientImpl.makeUnaryRequest (D:\video downloader\node_modules\@grpc\grpc-js\build\src\client.js:161:32)
    at ServiceClientImpl.<anonymous> (D:\video downloader\node_modules\@grpc\grpc-js\build\src\make-client.js:105:19)
    at D:\video downloader\node_modules\@google-cloud\firestore\build\src\v1\firestore_client.js:257:29
    at D:\video downloader\node_modules\google-gax\build\src\normalCalls\timeout.js:44:16
    at repeat (D:\video downloader\node_modules\google-gax\build\src\normalCalls\retries.js:114:25)
    at D:\video downloader\node_modules\google-gax\build\src\normalCalls\retries.js:156:13
    at OngoingCallPromise.call (D:\video downloader\node_modules\google-gax\build\src\call.js:70:27)
    at NormalApiCaller.call (D:\video downloader\node_modules\google-gax\build\src\normalCalls\normalApiCaller.js:34:19)
    at D:\video downloader\node_modules\google-gax\build\src\createApiCall.js:110:30
    at process.processTicksAndRejections (node:internal/process/task_queues:104:5)
Caused by: Error
    at _firestore._traceUtil.startActiveSpan (D:\video downloader\node_modules\@google-cloud\firestore\build\src\write-batch.js:442:27)
    at D:\video downloader\node_modules\@google-cloud\firestore\build\src\telemetry\enabled-trace-util.js:125:30
    at NoopContextManager.with (D:\video downloader\node_modules\@opentelemetry\api\build\src\context\NoopContextManager.js:14:19)
    at ContextAPI.with (D:\video downloader\node_modules\@opentelemetry\api\build\src\api\context.js:51:46)
    at NoopTracer.startActiveSpan (D:\video downloader\node_modules\@opentelemetry\api\build\src\trace\NoopTracer.js:54:31)
    at ProxyTracer.startActiveSpan (D:\video downloader\node_modules\@opentelemetry\api\build\src\trace\ProxyTracer.js:27:24)
    at EnabledTraceUtil.startActiveSpan (D:\video downloader\node_modules\@google-cloud\firestore\build\src\telemetry\enabled-trace-util.js:117:28)
    at WriteBatch.commit (D:\video downloader\node_modules\@google-cloud\firestore\build\src\write-batch.js:440:43)
    at D:\video downloader\node_modules\@google-cloud\firestore\build\src\reference\document-reference.js:353:31
    at D:\video downloader\node_modules\@google-cloud\firestore\build\src\telemetry\enabled-trace-util.js:125:30
2026-06-18 20:52:35 [debug]: POST / 200 11267ms — ::1
2026-06-18 20:52:39 [info]: [Download] Injecting firefox cookies
2026-06-18 20:52:39 [info]: [Download] Job ff092d7c6e78937d5d8feeab2e9c: "314 likes, 26 comments, and 13 shares _ एक वायरल वीडियो में दावा किया गया है कि चीन में कई बेरोजगार लोग रोज़ाना केवल एक वक्त का भोजन #jobless #india #viral #unemployment #rahulgandhi _ 🇮🇳Being Shash.mp4" fmt=0
2026-06-18 20:52:39 [debug]: POST / 200 32ms — ::1
2026-06-18 20:52:48 [info]: [Download] Job ff092d7c6e78937d5d8feeab2e9c complete: 314 likes, 26 comments, and 13 shares _ एक वायरल वीडियो में दावा किया गया है कि चीन में कई बेरोजगार लोग रोज़ाना केवल एक वक्त का भोजन #jobless #india #viral #unemployment #rahulgandhi _ 🇮🇳Being Shash.mp4 (dlv_ff092d7c6e78937d5d8feeab2e9c.mp4)
2026-06-18 20:52:48 [debug]: GET /progress/ff092d7c6e78937d5d8feeab2e9c 200 8805ms — ::1
2026-06-18 20:52:48 [info]: [Download] Serving: 314 likes, 26 comments, and 13 shares _ एक वायरल वीडियो में दावा किया गया है कि चीन में कई बेरोजगार लोग रोज़ाना केवल एक वक्त का भोजन #jobless #india #viral #unemployment #rahulgandhi _ 🇮🇳Being Shash.mp4 (1.4 MB)
2026-06-18 20:52:48 [info]: [Download] Served: 314 likes, 26 comments, and 13 shares _ एक वायरल वीडियो में दावा किया गया है कि चीन में कई बेरोजगार लोग रोज़ाना केवल एक वक्त का भोजन #jobless #india #viral #unemployment #rahulgandhi _ 🇮🇳Being Shash.mp4
2026-06-18 20:52:48 [debug]: GET /file/ff092d7c6e78937d5d8feeab2e9c 200 55ms — ::1
2026-06-18 20:53:39 [info]: [Download] Injecting firefox cookies
2026-06-18 20:53:39 [info]: [Download] Job c29dab7f1a6bc1f15c871cff2322: "314 likes, 26 comments, and 13 shares _ एक वायरल वीडियो में दावा किया गया है कि चीन में कई बेरोजगार लोग रोज़ाना केवल एक वक्त का भोजन #jobless #india #viral #unemployment #rahulgandhi _ 🇮🇳Being Shash.mp4" fmt=0
2026-06-18 20:53:39 [debug]: POST / 200 46ms — ::1
2026-06-18 20:53:47 [info]: [Download] Job c29dab7f1a6bc1f15c871cff2322 complete: 314 likes, 26 comments, and 13 shares _ एक वायरल वीडियो में दावा किया गया है कि चीन में कई बेरोजगार लोग रोज़ाना केवल एक वक्त का भोजन #jobless #india #viral #unemployment #rahulgandhi _ 🇮🇳Being Shash.mp4 (dlv_c29dab7f1a6bc1f15c871cff2322.mp4)
2026-06-18 20:53:47 [debug]: GET /progress/c29dab7f1a6bc1f15c871cff2322 200 8473ms — ::1
2026-06-18 20:53:47 [info]: [Download] Serving: 314 likes, 26 comments, and 13 shares _ एक वायरल वीडियो में दावा किया गया है कि चीन में कई बेरोजगार लोग रोज़ाना केवल एक वक्त का भोजन #jobless #india #viral #unemployment #rahulgandhi _ 🇮🇳Being Shash.mp4 (1.4 MB)
2026-06-18 20:53:47 [info]: [Download] Served: 314 likes, 26 comments, and 13 shares _ एक वायरल वीडियो में दावा किया गया है कि चीन में कई बेरोजगार लोग रोज़ाना केवल एक वक्त का भोजन #jobless #india #viral #unemployment #rahulgandhi _ 🇮🇳Being Shash.mp4
2026-06-18 20:53:47 [debug]: GET /file/c29dab7f1a6bc1f15c871cff2322 200 54ms — ::1
2026-06-18 20:55:57 [info]: Firebase Admin SDK initialized for project: video-downloader-fd8ef
2026-06-18 20:55:58 [info]: ✅ yt-dlp found: v2026.06.09
2026-06-18 20:55:58 [info]: ✅ FFmpeg found: ffmpeg version 6.1.1-essentials_build-www.gyan.dev Copyright (c) 2000-2023 the FFmpeg developers
2026-06-18 20:55:58 [info]: 
🚀 Video Downloader API running at http://localhost:3000
2026-06-18 20:55:58 [info]:    Environment: development
2026-06-18 20:55:58 [info]:    Open http://localhost:3000 in your browser

2026-06-18 20:56:24 [info]: Firebase Admin SDK initialized for project: video-downloader-fd8ef
2026-06-18 20:56:25 [info]: ✅ yt-dlp found: v2026.06.09
2026-06-18 20:56:25 [info]: ✅ FFmpeg found: ffmpeg version 6.1.1-essentials_build-www.gyan.dev Copyright (c) 2000-2023 the FFmpeg developers
2026-06-18 20:56:25 [info]: 
🚀 Video Downloader API running at http://localhost:3000
2026-06-18 20:56:25 [info]:    Environment: development
2026-06-18 20:56:25 [info]:    Open http://localhost:3000 in your browser

2026-06-18 20:56:41 [info]: [yt-dlp] Extracting info: https://www.snapchat.com/spotlight/W7_EDlXWTBiXAEEniNoMPwAAYbGR3cW5xc2ltAZ4T5pzBAZ4TSaJzAAAAAQ
2026-06-18 20:56:41 [info]: [yt-dlp] Injecting firefox cookies for extraction
2026-06-18 20:56:44 [info]: [yt-dlp] Extracted "Let’s fucking go. 😂 " — 1 formats found.
2026-06-18 20:56:44 [debug]: Quota recorded for ::1: 1/3
2026-06-18 20:56:44 [debug]: POST / 200 3602ms — ::1
2026-06-18 20:56:44 [info]: [Download] Injecting firefox cookies
2026-06-18 20:56:44 [info]: [Download] Job ebc689342789916a10da6e5bc682: "snapchat_audio_extract.mp3" fmt=0 (audio=true, videoOnly=false)
2026-06-18 20:56:44 [debug]: POST / 200 17ms — ::1
2026-06-18 20:56:50 [info]: [Download] Job ebc689342789916a10da6e5bc682 complete: snapchat_audio_extract.mp3 (dlv_ebc689342789916a10da6e5bc682.mp3)
2026-06-18 20:57:08 [debug]: GET / 200 20ms — ::1
2026-06-18 20:57:08 [debug]: GET /css/styles.css 200 14ms — ::1
2026-06-18 20:57:08 [debug]: GET /js/api.js 200 15ms — ::1
2026-06-18 20:57:08 [debug]: GET /js/auth.js 200 13ms — ::1
2026-06-18 20:57:08 [debug]: GET /js/ui.js 200 17ms — ::1
2026-06-18 20:57:08 [debug]: GET /js/app.js 200 14ms — ::1
2026-06-18 20:57:08 [debug]: GET /api/config 200 2ms — ::1
2026-06-18 20:57:09 [debug]: GET /favicon.ico 304 8ms — ::1
2026-06-18 20:57:10 [error]: Error: 7 PERMISSION_DENIED: Cloud Firestore API has not been used in project video-downloader-fd8ef before or it is disabled. Enable it by visiting https://console.developers.google.com/apis/api/firestore.googleapis.com/overview?project=video-downloader-fd8ef then retry. If you enabled this API recently, wait a few minutes for the action to propagate to our systems and retry.
    at callErrorFromStatus (D:\video downloader\node_modules\@grpc\grpc-js\build\src\call.js:32:19)
    at Object.onReceiveStatus (D:\video downloader\node_modules\@grpc\grpc-js\build\src\client.js:193:76)
    at Object.onReceiveStatus (D:\video downloader\node_modules\@grpc\grpc-js\build\src\client-interceptors.js:367:141)
    at Object.onReceiveStatus (D:\video downloader\node_modules\@grpc\grpc-js\build\src\client-interceptors.js:327:181)
    at D:\video downloader\node_modules\@grpc\grpc-js\build\src\resolving-call.js:135:78
    at process.processTicksAndRejections (node:internal/process/task_queues:85:11)
for call at
    at ServiceClientImpl.makeUnaryRequest (D:\video downloader\node_modules\@grpc\grpc-js\build\src\client.js:161:32)
    at ServiceClientImpl.<anonymous> (D:\video downloader\node_modules\@grpc\grpc-js\build\src\make-client.js:105:19)
    at D:\video downloader\node_modules\@google-cloud\firestore\build\src\v1\firestore_client.js:257:29
    at D:\video downloader\node_modules\google-gax\build\src\normalCalls\timeout.js:44:16
    at repeat (D:\video downloader\node_modules\google-gax\build\src\normalCalls\retries.js:114:25)
    at D:\video downloader\node_modules\google-gax\build\src\normalCalls\retries.js:156:13
    at OngoingCallPromise.call (D:\video downloader\node_modules\google-gax\build\src\call.js:70:27)
    at NormalApiCaller.call (D:\video downloader\node_modules\google-gax\build\src\normalCalls\normalApiCaller.js:34:19)
    at D:\video downloader\node_modules\google-gax\build\src\createApiCall.js:110:30
    at process.processTicksAndRejections (node:internal/process/task_queues:104:5)
Caused by: Error
    at _firestore._traceUtil.startActiveSpan (D:\video downloader\node_modules\@google-cloud\firestore\build\src\write-batch.js:442:27)
    at D:\video downloader\node_modules\@google-cloud\firestore\build\src\telemetry\enabled-trace-util.js:125:30
    at NoopContextManager.with (D:\video downloader\node_modules\@opentelemetry\api\build\src\context\NoopContextManager.js:14:19)
    at ContextAPI.with (D:\video downloader\node_modules\@opentelemetry\api\build\src\api\context.js:51:46)
    at NoopTracer.startActiveSpan (D:\video downloader\node_modules\@opentelemetry\api\build\src\trace\NoopTracer.js:54:31)
    at ProxyTracer.startActiveSpan (D:\video downloader\node_modules\@opentelemetry\api\build\src\trace\ProxyTracer.js:27:24)
    at EnabledTraceUtil.startActiveSpan (D:\video downloader\node_modules\@google-cloud\firestore\build\src\telemetry\enabled-trace-util.js:117:28)
    at WriteBatch.commit (D:\video downloader\node_modules\@google-cloud\firestore\build\src\write-batch.js:440:43)
    at D:\video downloader\node_modules\@google-cloud\firestore\build\src\reference\document-reference.js:353:31
    at D:\video downloader\node_modules\@google-cloud\firestore\build\src\telemetry\enabled-trace-util.js:125:30
2026-06-18 20:57:10 [error]: Error: 7 PERMISSION_DENIED: Cloud Firestore API has not been used in project video-downloader-fd8ef before or it is disabled. Enable it by visiting https://console.developers.google.com/apis/api/firestore.googleapis.com/overview?project=video-downloader-fd8ef then retry. If you enabled this API recently, wait a few minutes for the action to propagate to our systems and retry.
    at callErrorFromStatus (D:\video downloader\node_modules\@grpc\grpc-js\build\src\call.js:32:19)
    at Object.onReceiveStatus (D:\video downloader\node_modules\@grpc\grpc-js\build\src\client.js:359:73)
    at Object.onReceiveStatus (D:\video downloader\node_modules\@grpc\grpc-js\build\src\client-interceptors.js:327:181)
    at D:\video downloader\node_modules\@grpc\grpc-js\build\src\resolving-call.js:135:78
    at process.processTicksAndRejections (node:internal/process/task_queues:85:11)
for call at
    at ServiceClientImpl.makeServerStreamRequest (D:\video downloader\node_modules\@grpc\grpc-js\build\src\client.js:342:32)
    at ServiceClientImpl.<anonymous> (D:\video downloader\node_modules\@grpc\grpc-js\build\src\make-client.js:105:19)
    at D:\video downloader\node_modules\@google-cloud\firestore\build\src\v1\firestore_client.js:257:29
    at D:\video downloader\node_modules\google-gax\build\src\streamingCalls\streamingApiCaller.js:39:28
    at D:\video downloader\node_modules\google-gax\build\src\normalCalls\timeout.js:44:16
    at Object.request (D:\video downloader\node_modules\google-gax\build\src\streamingCalls\streaming.js:248:40)
    at makeRequest (D:\video downloader\node_modules\google-gax\node_modules\retry-request\index.js:159:28)
    at retryRequest (D:\video downloader\node_modules\google-gax\node_modules\retry-request\index.js:119:5)
    at StreamProxy.setStream (D:\video downloader\node_modules\google-gax\build\src\streamingCalls\streaming.js:239:37)
    at StreamingApiCaller.call (D:\video downloader\node_modules\google-gax\build\src\streamingCalls\streamingApiCaller.js:55:16)
Caused by: Error
    at D:\video downloader\node_modules\@google-cloud\firestore\build\src\index.js:1097:27
    at D:\video downloader\node_modules\@google-cloud\firestore\build\src\telemetry\enabled-trace-util.js:125:30
    at NoopContextManager.with (D:\video downloader\node_modules\@opentelemetry\api\build\src\context\NoopContextManager.js:14:19)
    at ContextAPI.with (D:\video downloader\node_modules\@opentelemetry\api\build\src\api\context.js:51:46)
    at NoopTracer.startActiveSpan (D:\video downloader\node_modules\@opentelemetry\api\build\src\trace\NoopTracer.js:54:31)
    at ProxyTracer.startActiveSpan (D:\video downloader\node_modules\@opentelemetry\api\build\src\trace\ProxyTracer.js:27:24)
    at EnabledTraceUtil.startActiveSpan (D:\video downloader\node_modules\@google-cloud\firestore\build\src\telemetry\enabled-trace-util.js:117:28)
    at Firestore.getAll (D:\video downloader\node_modules\@google-cloud\firestore\build\src\index.js:1088:32)
    at D:\video downloader\node_modules\@google-cloud\firestore\build\src\reference\document-reference.js:185:36
    at D:\video downloader\node_modules\@google-cloud\firestore\build\src\telemetry\enabled-trace-util.js:125:30
2026-06-18 20:57:10 [error]: Error: 7 PERMISSION_DENIED: Cloud Firestore API has not been used in project video-downloader-fd8ef before or it is disabled. Enable it by visiting https://console.developers.google.com/apis/api/firestore.googleapis.com/overview?project=video-downloader-fd8ef then retry. If you enabled this API recently, wait a few minutes for the action to propagate to our systems and retry.
    at callErrorFromStatus (D:\video downloader\node_modules\@grpc\grpc-js\build\src\call.js:32:19)
    at Object.onReceiveStatus (D:\video downloader\node_modules\@grpc\grpc-js\build\src\client.js:359:73)
    at Object.onReceiveStatus (D:\video downloader\node_modules\@grpc\grpc-js\build\src\client-interceptors.js:327:181)
    at D:\video downloader\node_modules\@grpc\grpc-js\build\src\resolving-call.js:135:78
    at process.processTicksAndRejections (node:internal/process/task_queues:85:11)
for call at
    at ServiceClientImpl.makeServerStreamRequest (D:\video downloader\node_modules\@grpc\grpc-js\build\src\client.js:342:32)
    at ServiceClientImpl.<anonymous> (D:\video downloader\node_modules\@grpc\grpc-js\build\src\make-client.js:105:19)
    at D:\video downloader\node_modules\@google-cloud\firestore\build\src\v1\firestore_client.js:257:29
    at D:\video downloader\node_modules\google-gax\build\src\streamingCalls\streamingApiCaller.js:39:28
    at D:\video downloader\node_modules\google-gax\build\src\normalCalls\timeout.js:44:16
    at Object.request (D:\video downloader\node_modules\google-gax\build\src\streamingCalls\streaming.js:248:40)
    at makeRequest (D:\video downloader\node_modules\google-gax\node_modules\retry-request\index.js:159:28)
    at retryRequest (D:\video downloader\node_modules\google-gax\node_modules\retry-request\index.js:119:5)
    at StreamProxy.setStream (D:\video downloader\node_modules\google-gax\build\src\streamingCalls\streaming.js:239:37)
    at StreamingApiCaller.call (D:\video downloader\node_modules\google-gax\build\src\streamingCalls\streamingApiCaller.js:55:16)
Caused by: Error
    at D:\video downloader\node_modules\@google-cloud\firestore\build\src\index.js:1097:27
    at D:\video downloader\node_modules\@google-cloud\firestore\build\src\telemetry\enabled-trace-util.js:125:30
    at NoopContextManager.with (D:\video downloader\node_modules\@opentelemetry\api\build\src\context\NoopContextManager.js:14:19)
    at ContextAPI.with (D:\video downloader\node_modules\@opentelemetry\api\build\src\api\context.js:51:46)
    at NoopTracer.startActiveSpan (D:\video downloader\node_modules\@opentelemetry\api\build\src\trace\NoopTracer.js:54:31)
    at ProxyTracer.startActiveSpan (D:\video downloader\node_modules\@opentelemetry\api\build\src\trace\ProxyTracer.js:27:24)
    at EnabledTraceUtil.startActiveSpan (D:\video downloader\node_modules\@google-cloud\firestore\build\src\telemetry\enabled-trace-util.js:117:28)
    at Firestore.getAll (D:\video downloader\node_modules\@google-cloud\firestore\build\src\index.js:1088:32)
    at D:\video downloader\node_modules\@google-cloud\firestore\build\src\reference\document-reference.js:185:36
    at D:\video downloader\node_modules\@google-cloud\firestore\build\src\telemetry\enabled-trace-util.js:125:30
2026-06-18 20:57:10 [debug]: [Auth] Token verified: uid=tXJRLNL6OVXJJ9xHM8VfglcryeV2 tier=free
2026-06-18 20:57:10 [debug]: POST /verify 200 1263ms — ::1
2026-06-18 20:57:11 [error]: Error: 7 PERMISSION_DENIED: Cloud Firestore API has not been used in project video-downloader-fd8ef before or it is disabled. Enable it by visiting https://console.developers.google.com/apis/api/firestore.googleapis.com/overview?project=video-downloader-fd8ef then retry. If you enabled this API recently, wait a few minutes for the action to propagate to our systems and retry.
    at callErrorFromStatus (D:\video downloader\node_modules\@grpc\grpc-js\build\src\call.js:32:19)
    at Object.onReceiveStatus (D:\video downloader\node_modules\@grpc\grpc-js\build\src\client.js:359:73)
    at Object.onReceiveStatus (D:\video downloader\node_modules\@grpc\grpc-js\build\src\client-interceptors.js:327:181)
    at D:\video downloader\node_modules\@grpc\grpc-js\build\src\resolving-call.js:135:78
    at process.processTicksAndRejections (node:internal/process/task_queues:85:11)
for call at
    at ServiceClientImpl.makeServerStreamRequest (D:\video downloader\node_modules\@grpc\grpc-js\build\src\client.js:342:32)
    at ServiceClientImpl.<anonymous> (D:\video downloader\node_modules\@grpc\grpc-js\build\src\make-client.js:105:19)
    at D:\video downloader\node_modules\@google-cloud\firestore\build\src\v1\firestore_client.js:257:29
    at D:\video downloader\node_modules\google-gax\build\src\streamingCalls\streamingApiCaller.js:39:28
    at D:\video downloader\node_modules\google-gax\build\src\normalCalls\timeout.js:44:16
    at Object.request (D:\video downloader\node_modules\google-gax\build\src\streamingCalls\streaming.js:248:40)
    at makeRequest (D:\video downloader\node_modules\google-gax\node_modules\retry-request\index.js:159:28)
    at retryRequest (D:\video downloader\node_modules\google-gax\node_modules\retry-request\index.js:119:5)
    at StreamProxy.setStream (D:\video downloader\node_modules\google-gax\build\src\streamingCalls\streaming.js:239:37)
    at StreamingApiCaller.call (D:\video downloader\node_modules\google-gax\build\src\streamingCalls\streamingApiCaller.js:55:16)
Caused by: Error
    at D:\video downloader\node_modules\@google-cloud\firestore\build\src\index.js:1097:27
    at D:\video downloader\node_modules\@google-cloud\firestore\build\src\telemetry\enabled-trace-util.js:125:30
    at NoopContextManager.with (D:\video downloader\node_modules\@opentelemetry\api\build\src\context\NoopContextManager.js:14:19)
    at ContextAPI.with (D:\video downloader\node_modules\@opentelemetry\api\build\src\api\context.js:51:46)
    at NoopTracer.startActiveSpan (D:\video downloader\node_modules\@opentelemetry\api\build\src\trace\NoopTracer.js:54:31)
    at ProxyTracer.startActiveSpan (D:\video downloader\node_modules\@opentelemetry\api\build\src\trace\ProxyTracer.js:27:24)
    at EnabledTraceUtil.startActiveSpan (D:\video downloader\node_modules\@google-cloud\firestore\build\src\telemetry\enabled-trace-util.js:117:28)
    at Firestore.getAll (D:\video downloader\node_modules\@google-cloud\firestore\build\src\index.js:1088:32)
    at D:\video downloader\node_modules\@google-cloud\firestore\build\src\reference\document-reference.js:185:36
    at D:\video downloader\node_modules\@google-cloud\firestore\build\src\telemetry\enabled-trace-util.js:125:30
2026-06-18 20:57:11 [debug]: Auth: uid=tXJRLNL6OVXJJ9xHM8VfglcryeV2 tier=free
2026-06-18 20:57:11 [error]: Error: 7 PERMISSION_DENIED: Cloud Firestore API has not been used in project video-downloader-fd8ef before or it is disabled. Enable it by visiting https://console.developers.google.com/apis/api/firestore.googleapis.com/overview?project=video-downloader-fd8ef then retry. If you enabled this API recently, wait a few minutes for the action to propagate to our systems and retry.
    at callErrorFromStatus (D:\video downloader\node_modules\@grpc\grpc-js\build\src\call.js:32:19)
    at Object.onReceiveStatus (D:\video downloader\node_modules\@grpc\grpc-js\build\src\client.js:359:73)
    at Object.onReceiveStatus (D:\video downloader\node_modules\@grpc\grpc-js\build\src\client-interceptors.js:327:181)
    at D:\video downloader\node_modules\@grpc\grpc-js\build\src\resolving-call.js:135:78
    at process.processTicksAndRejections (node:internal/process/task_queues:85:11)
for call at
    at ServiceClientImpl.makeServerStreamRequest (D:\video downloader\node_modules\@grpc\grpc-js\build\src\client.js:342:32)
    at ServiceClientImpl.<anonymous> (D:\video downloader\node_modules\@grpc\grpc-js\build\src\make-client.js:105:19)
    at D:\video downloader\node_modules\@google-cloud\firestore\build\src\v1\firestore_client.js:257:29
    at D:\video downloader\node_modules\google-gax\build\src\streamingCalls\streamingApiCaller.js:39:28
    at D:\video downloader\node_modules\google-gax\build\src\normalCalls\timeout.js:44:16
    at Object.request (D:\video downloader\node_modules\google-gax\build\src\streamingCalls\streaming.js:248:40)
    at makeRequest (D:\video downloader\node_modules\google-gax\node_modules\retry-request\index.js:159:28)
    at retryRequest (D:\video downloader\node_modules\google-gax\node_modules\retry-request\index.js:119:5)
    at StreamProxy.setStream (D:\video downloader\node_modules\google-gax\build\src\streamingCalls\streaming.js:239:37)
    at StreamingApiCaller.call (D:\video downloader\node_modules\google-gax\build\src\streamingCalls\streamingApiCaller.js:55:16)
Caused by: Error
    at D:\video downloader\node_modules\@google-cloud\firestore\build\src\index.js:1097:27
    at D:\video downloader\node_modules\@google-cloud\firestore\build\src\telemetry\enabled-trace-util.js:125:30
    at NoopContextManager.with (D:\video downloader\node_modules\@opentelemetry\api\build\src\context\NoopContextManager.js:14:19)
    at ContextAPI.with (D:\video downloader\node_modules\@opentelemetry\api\build\src\api\context.js:51:46)
    at NoopTracer.startActiveSpan (D:\video downloader\node_modules\@opentelemetry\api\build\src\trace\NoopTracer.js:54:31)
    at ProxyTracer.startActiveSpan (D:\video downloader\node_modules\@opentelemetry\api\build\src\trace\ProxyTracer.js:27:24)
    at EnabledTraceUtil.startActiveSpan (D:\video downloader\node_modules\@google-cloud\firestore\build\src\telemetry\enabled-trace-util.js:117:28)
    at Firestore.getAll (D:\video downloader\node_modules\@google-cloud\firestore\build\src\index.js:1088:32)
    at D:\video downloader\node_modules\@google-cloud\firestore\build\src\reference\document-reference.js:185:36
    at D:\video downloader\node_modules\@google-cloud\firestore\build\src\telemetry\enabled-trace-util.js:125:30
2026-06-18 20:57:11 [info]: [yt-dlp] Extracting info: https://snapchat.com/t/DkcbZfsX
2026-06-18 20:57:11 [info]: [yt-dlp] Injecting firefox cookies for extraction
2026-06-18 20:57:22 [info]: [yt-dlp] Extracted "322 likes, 26 comments, and 13 shares | एक वायरल वीडियो में दावा किया गया है कि चीन में कई बेरोजगार लोग रोज़ाना केवल एक वक्त का भोजन #jobless #india #viral #unemployment #rahulgandhi | 🇮🇳Being Shashi (@beingshashi190) | Posted Jun 17, 2026 | Spotlight (1)" — 1 formats found.
2026-06-18 20:57:22 [error]: Error: 7 PERMISSION_DENIED: Cloud Firestore API has not been used in project video-downloader-fd8ef before or it is disabled. Enable it by visiting https://console.developers.google.com/apis/api/firestore.googleapis.com/overview?project=video-downloader-fd8ef then retry. If you enabled this API recently, wait a few minutes for the action to propagate to our systems and retry.
    at callErrorFromStatus (D:\video downloader\node_modules\@grpc\grpc-js\build\src\call.js:32:19)
    at Object.onReceiveStatus (D:\video downloader\node_modules\@grpc\grpc-js\build\src\client.js:193:76)
    at Object.onReceiveStatus (D:\video downloader\node_modules\@grpc\grpc-js\build\src\client-interceptors.js:367:141)
    at Object.onReceiveStatus (D:\video downloader\node_modules\@grpc\grpc-js\build\src\client-interceptors.js:327:181)
    at D:\video downloader\node_modules\@grpc\grpc-js\build\src\resolving-call.js:135:78
    at process.processTicksAndRejections (node:internal/process/task_queues:85:11)
for call at
    at ServiceClientImpl.makeUnaryRequest (D:\video downloader\node_modules\@grpc\grpc-js\build\src\client.js:161:32)
    at ServiceClientImpl.<anonymous> (D:\video downloader\node_modules\@grpc\grpc-js\build\src\make-client.js:105:19)
    at D:\video downloader\node_modules\@google-cloud\firestore\build\src\v1\firestore_client.js:257:29
    at D:\video downloader\node_modules\google-gax\build\src\normalCalls\timeout.js:44:16
    at repeat (D:\video downloader\node_modules\google-gax\build\src\normalCalls\retries.js:114:25)
    at D:\video downloader\node_modules\google-gax\build\src\normalCalls\retries.js:156:13
    at OngoingCallPromise.call (D:\video downloader\node_modules\google-gax\build\src\call.js:70:27)
    at NormalApiCaller.call (D:\video downloader\node_modules\google-gax\build\src\normalCalls\normalApiCaller.js:34:19)
    at D:\video downloader\node_modules\google-gax\build\src\createApiCall.js:110:30
    at process.processTicksAndRejections (node:internal/process/task_queues:104:5)
Caused by: Error
    at _firestore._traceUtil.startActiveSpan (D:\video downloader\node_modules\@google-cloud\firestore\build\src\write-batch.js:442:27)
    at D:\video downloader\node_modules\@google-cloud\firestore\build\src\telemetry\enabled-trace-util.js:125:30
    at NoopContextManager.with (D:\video downloader\node_modules\@opentelemetry\api\build\src\context\NoopContextManager.js:14:19)
    at ContextAPI.with (D:\video downloader\node_modules\@opentelemetry\api\build\src\api\context.js:51:46)
    at NoopTracer.startActiveSpan (D:\video downloader\node_modules\@opentelemetry\api\build\src\trace\NoopTracer.js:54:31)
    at ProxyTracer.startActiveSpan (D:\video downloader\node_modules\@opentelemetry\api\build\src\trace\ProxyTracer.js:27:24)
    at EnabledTraceUtil.startActiveSpan (D:\video downloader\node_modules\@google-cloud\firestore\build\src\telemetry\enabled-trace-util.js:117:28)
    at WriteBatch.commit (D:\video downloader\node_modules\@google-cloud\firestore\build\src\write-batch.js:440:43)
    at D:\video downloader\node_modules\@google-cloud\firestore\build\src\reference\document-reference.js:353:31
    at D:\video downloader\node_modules\@google-cloud\firestore\build\src\telemetry\enabled-trace-util.js:125:30
2026-06-18 20:57:22 [debug]: POST / 200 10517ms — ::1
2026-06-18 20:57:49 [error]: Error: 7 PERMISSION_DENIED: Cloud Firestore API has not been used in project video-downloader-fd8ef before or it is disabled. Enable it by visiting https://console.developers.google.com/apis/api/firestore.googleapis.com/overview?project=video-downloader-fd8ef then retry. If you enabled this API recently, wait a few minutes for the action to propagate to our systems and retry.
    at callErrorFromStatus (D:\video downloader\node_modules\@grpc\grpc-js\build\src\call.js:32:19)
    at Object.onReceiveStatus (D:\video downloader\node_modules\@grpc\grpc-js\build\src\client.js:359:73)
    at Object.onReceiveStatus (D:\video downloader\node_modules\@grpc\grpc-js\build\src\client-interceptors.js:327:181)
    at D:\video downloader\node_modules\@grpc\grpc-js\build\src\resolving-call.js:135:78
    at process.processTicksAndRejections (node:internal/process/task_queues:85:11)
for call at
    at ServiceClientImpl.makeServerStreamRequest (D:\video downloader\node_modules\@grpc\grpc-js\build\src\client.js:342:32)
    at ServiceClientImpl.<anonymous> (D:\video downloader\node_modules\@grpc\grpc-js\build\src\make-client.js:105:19)
    at D:\video downloader\node_modules\@google-cloud\firestore\build\src\v1\firestore_client.js:257:29
    at D:\video downloader\node_modules\google-gax\build\src\streamingCalls\streamingApiCaller.js:39:28
    at D:\video downloader\node_modules\google-gax\build\src\normalCalls\timeout.js:44:16
    at Object.request (D:\video downloader\node_modules\google-gax\build\src\streamingCalls\streaming.js:248:40)
    at makeRequest (D:\video downloader\node_modules\google-gax\node_modules\retry-request\index.js:159:28)
    at retryRequest (D:\video downloader\node_modules\google-gax\node_modules\retry-request\index.js:119:5)
    at StreamProxy.setStream (D:\video downloader\node_modules\google-gax\build\src\streamingCalls\streaming.js:239:37)
    at StreamingApiCaller.call (D:\video downloader\node_modules\google-gax\build\src\streamingCalls\streamingApiCaller.js:55:16)
Caused by: Error
    at D:\video downloader\node_modules\@google-cloud\firestore\build\src\index.js:1097:27
    at D:\video downloader\node_modules\@google-cloud\firestore\build\src\telemetry\enabled-trace-util.js:125:30
    at NoopContextManager.with (D:\video downloader\node_modules\@opentelemetry\api\build\src\context\NoopContextManager.js:14:19)
    at ContextAPI.with (D:\video downloader\node_modules\@opentelemetry\api\build\src\api\context.js:51:46)
    at NoopTracer.startActiveSpan (D:\video downloader\node_modules\@opentelemetry\api\build\src\trace\NoopTracer.js:54:31)
    at ProxyTracer.startActiveSpan (D:\video downloader\node_modules\@opentelemetry\api\build\src\trace\ProxyTracer.js:27:24)
    at EnabledTraceUtil.startActiveSpan (D:\video downloader\node_modules\@google-cloud\firestore\build\src\telemetry\enabled-trace-util.js:117:28)
    at Firestore.getAll (D:\video downloader\node_modules\@google-cloud\firestore\build\src\index.js:1088:32)
    at D:\video downloader\node_modules\@google-cloud\firestore\build\src\reference\document-reference.js:185:36
    at D:\video downloader\node_modules\@google-cloud\firestore\build\src\telemetry\enabled-trace-util.js:125:30
2026-06-18 20:57:49 [debug]: Auth: uid=tXJRLNL6OVXJJ9xHM8VfglcryeV2 tier=free
2026-06-18 20:57:49 [error]: Error: 7 PERMISSION_DENIED: Cloud Firestore API has not been used in project video-downloader-fd8ef before or it is disabled. Enable it by visiting https://console.developers.google.com/apis/api/firestore.googleapis.com/overview?project=video-downloader-fd8ef then retry. If you enabled this API recently, wait a few minutes for the action to propagate to our systems and retry.
    at callErrorFromStatus (D:\video downloader\node_modules\@grpc\grpc-js\build\src\call.js:32:19)
    at Object.onReceiveStatus (D:\video downloader\node_modules\@grpc\grpc-js\build\src\client.js:359:73)
    at Object.onReceiveStatus (D:\video downloader\node_modules\@grpc\grpc-js\build\src\client-interceptors.js:327:181)
    at D:\video downloader\node_modules\@grpc\grpc-js\build\src\resolving-call.js:135:78
    at process.processTicksAndRejections (node:internal/process/task_queues:85:11)
for call at
    at ServiceClientImpl.makeServerStreamRequest (D:\video downloader\node_modules\@grpc\grpc-js\build\src\client.js:342:32)
    at ServiceClientImpl.<anonymous> (D:\video downloader\node_modules\@grpc\grpc-js\build\src\make-client.js:105:19)
    at D:\video downloader\node_modules\@google-cloud\firestore\build\src\v1\firestore_client.js:257:29
    at D:\video downloader\node_modules\google-gax\build\src\streamingCalls\streamingApiCaller.js:39:28
    at D:\video downloader\node_modules\google-gax\build\src\normalCalls\timeout.js:44:16
    at Object.request (D:\video downloader\node_modules\google-gax\build\src\streamingCalls\streaming.js:248:40)
    at makeRequest (D:\video downloader\node_modules\google-gax\node_modules\retry-request\index.js:159:28)
    at retryRequest (D:\video downloader\node_modules\google-gax\node_modules\retry-request\index.js:119:5)
    at StreamProxy.setStream (D:\video downloader\node_modules\google-gax\build\src\streamingCalls\streaming.js:239:37)
    at StreamingApiCaller.call (D:\video downloader\node_modules\google-gax\build\src\streamingCalls\streamingApiCaller.js:55:16)
Caused by: Error
    at D:\video downloader\node_modules\@google-cloud\firestore\build\src\index.js:1097:27
    at D:\video downloader\node_modules\@google-cloud\firestore\build\src\telemetry\enabled-trace-util.js:125:30
    at NoopContextManager.with (D:\video downloader\node_modules\@opentelemetry\api\build\src\context\NoopContextManager.js:14:19)
    at ContextAPI.with (D:\video downloader\node_modules\@opentelemetry\api\build\src\api\context.js:51:46)
    at NoopTracer.startActiveSpan (D:\video downloader\node_modules\@opentelemetry\api\build\src\trace\NoopTracer.js:54:31)
    at ProxyTracer.startActiveSpan (D:\video downloader\node_modules\@opentelemetry\api\build\src\trace\ProxyTracer.js:27:24)
    at EnabledTraceUtil.startActiveSpan (D:\video downloader\node_modules\@google-cloud\firestore\build\src\telemetry\enabled-trace-util.js:117:28)
    at Firestore.getAll (D:\video downloader\node_modules\@google-cloud\firestore\build\src\index.js:1088:32)
    at D:\video downloader\node_modules\@google-cloud\firestore\build\src\reference\document-reference.js:185:36
    at D:\video downloader\node_modules\@google-cloud\firestore\build\src\telemetry\enabled-trace-util.js:125:30
2026-06-18 20:57:49 [info]: [yt-dlp] Extracting info: https://snapchat.com/t/DkcbZfsX
2026-06-18 20:57:49 [info]: [yt-dlp] Injecting firefox cookies for extraction
2026-06-18 20:57:59 [info]: [yt-dlp] Extracted "323 likes, 26 comments, and 13 shares | एक वायरल वीडियो में दावा किया गया है कि चीन में कई बेरोजगार लोग रोज़ाना केवल एक वक्त का भोजन #jobless #india #viral #unemployment #rahulgandhi | 🇮🇳Being Shashi (@beingshashi190) | Posted Jun 17, 2026 | Spotlight (1)" — 1 formats found.
2026-06-18 20:57:59 [error]: Error: 7 PERMISSION_DENIED: Cloud Firestore API has not been used in project video-downloader-fd8ef before or it is disabled. Enable it by visiting https://console.developers.google.com/apis/api/firestore.googleapis.com/overview?project=video-downloader-fd8ef then retry. If you enabled this API recently, wait a few minutes for the action to propagate to our systems and retry.
    at callErrorFromStatus (D:\video downloader\node_modules\@grpc\grpc-js\build\src\call.js:32:19)
    at Object.onReceiveStatus (D:\video downloader\node_modules\@grpc\grpc-js\build\src\client.js:193:76)
    at Object.onReceiveStatus (D:\video downloader\node_modules\@grpc\grpc-js\build\src\client-interceptors.js:367:141)
    at Object.onReceiveStatus (D:\video downloader\node_modules\@grpc\grpc-js\build\src\client-interceptors.js:327:181)
    at D:\video downloader\node_modules\@grpc\grpc-js\build\src\resolving-call.js:135:78
    at process.processTicksAndRejections (node:internal/process/task_queues:85:11)
for call at
    at ServiceClientImpl.makeUnaryRequest (D:\video downloader\node_modules\@grpc\grpc-js\build\src\client.js:161:32)
    at ServiceClientImpl.<anonymous> (D:\video downloader\node_modules\@grpc\grpc-js\build\src\make-client.js:105:19)
    at D:\video downloader\node_modules\@google-cloud\firestore\build\src\v1\firestore_client.js:257:29
    at D:\video downloader\node_modules\google-gax\build\src\normalCalls\timeout.js:44:16
    at repeat (D:\video downloader\node_modules\google-gax\build\src\normalCalls\retries.js:114:25)
    at D:\video downloader\node_modules\google-gax\build\src\normalCalls\retries.js:156:13
    at OngoingCallPromise.call (D:\video downloader\node_modules\google-gax\build\src\call.js:70:27)
    at NormalApiCaller.call (D:\video downloader\node_modules\google-gax\build\src\normalCalls\normalApiCaller.js:34:19)
    at D:\video downloader\node_modules\google-gax\build\src\createApiCall.js:110:30
    at process.processTicksAndRejections (node:internal/process/task_queues:104:5)
Caused by: Error
    at _firestore._traceUtil.startActiveSpan (D:\video downloader\node_modules\@google-cloud\firestore\build\src\write-batch.js:442:27)
    at D:\video downloader\node_modules\@google-cloud\firestore\build\src\telemetry\enabled-trace-util.js:125:30
    at NoopContextManager.with (D:\video downloader\node_modules\@opentelemetry\api\build\src\context\NoopContextManager.js:14:19)
    at ContextAPI.with (D:\video downloader\node_modules\@opentelemetry\api\build\src\api\context.js:51:46)
    at NoopTracer.startActiveSpan (D:\video downloader\node_modules\@opentelemetry\api\build\src\trace\NoopTracer.js:54:31)
    at ProxyTracer.startActiveSpan (D:\video downloader\node_modules\@opentelemetry\api\build\src\trace\ProxyTracer.js:27:24)
    at EnabledTraceUtil.startActiveSpan (D:\video downloader\node_modules\@google-cloud\firestore\build\src\telemetry\enabled-trace-util.js:117:28)
    at WriteBatch.commit (D:\video downloader\node_modules\@google-cloud\firestore\build\src\write-batch.js:440:43)
    at D:\video downloader\node_modules\@google-cloud\firestore\build\src\reference\document-reference.js:353:31
    at D:\video downloader\node_modules\@google-cloud\firestore\build\src\telemetry\enabled-trace-util.js:125:30
2026-06-18 20:57:59 [debug]: POST / 200 10454ms — ::1
2026-06-18 20:58:01 [info]: [Download] Injecting firefox cookies
2026-06-18 20:58:01 [info]: [Download] Job e231d172e419d12e58b3c1698c5e: "323 likes, 26 comments, and 13 shares _ एक वायरल वीडियो में दावा किया गया है कि चीन में कई बेरोजगार लोग रोज़ाना केवल एक वक्त का भोजन #jobless #india #viral #unemployment #rahulgandhi _ 🇮🇳Being Shash.mp4" fmt=0 (audio=false, videoOnly=false)
2026-06-18 20:58:01 [debug]: POST / 200 34ms — ::1
2026-06-18 20:58:09 [info]: [Download] Job e231d172e419d12e58b3c1698c5e complete: 323 likes, 26 comments, and 13 shares _ एक वायरल वीडियो में दावा किया गया है कि चीन में कई बेरोजगार लोग रोज़ाना केवल एक वक्त का भोजन #jobless #india #viral #unemployment #rahulgandhi _ 🇮🇳Being Shash.mp4 (dlv_e231d172e419d12e58b3c1698c5e.mp4)
2026-06-18 20:58:09 [debug]: GET /progress/e231d172e419d12e58b3c1698c5e 200 7797ms — ::1
2026-06-18 20:58:09 [info]: [Download] Serving: 323 likes, 26 comments, and 13 shares _ एक वायरल वीडियो में दावा किया गया है कि चीन में कई बेरोजगार लोग रोज़ाना केवल एक वक्त का भोजन #jobless #india #viral #unemployment #rahulgandhi _ 🇮🇳Being Shash.mp4 (1.4 MB)
2026-06-18 20:58:09 [info]: [Download] Served: 323 likes, 26 comments, and 13 shares _ एक वायरल वीडियो में दावा किया गया है कि चीन में कई बेरोजगार लोग रोज़ाना केवल एक वक्त का भोजन #jobless #india #viral #unemployment #rahulgandhi _ 🇮🇳Being Shash.mp4
2026-06-18 20:58:09 [debug]: GET /file/e231d172e419d12e58b3c1698c5e 200 61ms — ::1
2026-06-18 20:58:15 [info]: [Download] Injecting firefox cookies
2026-06-18 20:58:15 [info]: [Download] Job 67b500c9d05304c7c24f387b1bfc: "323 likes, 26 comments, and 13 shares _ एक वायरल वीडियो में दावा किया गया है कि चीन में कई बेरोजगार लोग रोज़ाना केवल एक वक्त का भोजन #jobless #india #viral #unemployment #rahulgandhi _ 🇮🇳Being Shash.mp4" fmt=0 (audio=false, videoOnly=true)
2026-06-18 20:58:15 [debug]: POST / 200 27ms — ::1
2026-06-18 20:58:23 [info]: [Download] Job 67b500c9d05304c7c24f387b1bfc complete: 323 likes, 26 comments, and 13 shares _ एक वायरल वीडियो में दावा किया गया है कि चीन में कई बेरोजगार लोग रोज़ाना केवल एक वक्त का भोजन #jobless #india #viral #unemployment #rahulgandhi _ 🇮🇳Being Shash.mp4 (dlv_67b500c9d05304c7c24f387b1bfc.mp4)
2026-06-18 20:58:23 [debug]: GET /progress/67b500c9d05304c7c24f387b1bfc 200 7806ms — ::1
2026-06-18 20:58:23 [info]: [Download] Serving: 323 likes, 26 comments, and 13 shares _ एक वायरल वीडियो में दावा किया गया है कि चीन में कई बेरोजगार लोग रोज़ाना केवल एक वक्त का भोजन #jobless #india #viral #unemployment #rahulgandhi _ 🇮🇳Being Shash.mp4 (1.4 MB)
2026-06-18 20:58:23 [info]: [Download] Served: 323 likes, 26 comments, and 13 shares _ एक वायरल वीडियो में दावा किया गया है कि चीन में कई बेरोजगार लोग रोज़ाना केवल एक वक्त का भोजन #jobless #india #viral #unemployment #rahulgandhi _ 🇮🇳Being Shash.mp4
2026-06-18 20:58:23 [debug]: GET /file/67b500c9d05304c7c24f387b1bfc 200 61ms — ::1
2026-06-18 20:58:37 [info]: [Download] Injecting firefox cookies
2026-06-18 20:58:37 [info]: [Download] Job a771b7e42df3c0077a7650ab0857: "323 likes, 26 comments, and 13 shares _ एक वायरल वीडियो में दावा किया गया है कि चीन में कई बेरोजगार लोग रोज़ाना केवल एक वक्त का भोजन #jobless #india #viral #unemployment #rahulgandhi _ 🇮🇳Being Shash.mp3" fmt=0 (audio=true, videoOnly=false)
2026-06-18 20:58:37 [debug]: POST / 200 30ms — ::1
2026-06-18 20:58:46 [info]: [Download] Job a771b7e42df3c0077a7650ab0857 complete: 323 likes, 26 comments, and 13 shares _ एक वायरल वीडियो में दावा किया गया है कि चीन में कई बेरोजगार लोग रोज़ाना केवल एक वक्त का भोजन #jobless #india #viral #unemployment #rahulgandhi _ 🇮🇳Being Shash.mp3 (dlv_a771b7e42df3c0077a7650ab0857.mp3)
2026-06-18 20:58:46 [debug]: GET /progress/a771b7e42df3c0077a7650ab0857 200 9397ms — ::1
2026-06-18 20:58:46 [info]: [Download] Serving: 323 likes, 26 comments, and 13 shares _ एक वायरल वीडियो में दावा किया गया है कि चीन में कई बेरोजगार लोग रोज़ाना केवल एक वक्त का भोजन #jobless #india #viral #unemployment #rahulgandhi _ 🇮🇳Being Shash.mp3 (0.2 MB)
2026-06-18 20:58:46 [info]: [Download] Served: 323 likes, 26 comments, and 13 shares _ एक वायरल वीडियो में दावा किया गया है कि चीन में कई बेरोजगार लोग रोज़ाना केवल एक वक्त का भोजन #jobless #india #viral #unemployment #rahulgandhi _ 🇮🇳Being Shash.mp3
2026-06-18 20:58:46 [debug]: GET /file/a771b7e42df3c0077a7650ab0857 200 14ms — ::1
2026-06-18 21:01:30 [info]: Firebase Admin SDK initialized for project: video-downloader-fd8ef
2026-06-18 21:01:33 [info]: Firebase Admin SDK initialized for project: video-downloader-fd8ef
2026-06-18 21:01:36 [info]: Firebase Admin SDK initialized for project: video-downloader-fd8ef
2026-06-18 21:01:39 [info]: Firebase Admin SDK initialized for project: video-downloader-fd8ef
2026-06-18 21:01:40 [info]: ✅ yt-dlp found: v2026.06.09
2026-06-18 21:01:40 [info]: ✅ FFmpeg found: ffmpeg version 6.1.1-essentials_build-www.gyan.dev Copyright (c) 2000-2023 the FFmpeg developers
2026-06-18 21:01:40 [info]: 
🚀 Video Downloader API running at http://localhost:3000
2026-06-18 21:01:40 [info]:    Environment: development
2026-06-18 21:01:40 [info]:    Open http://localhost:3000 in your browser

2026-06-18 21:01:44 [info]: Firebase Admin SDK initialized for project: video-downloader-fd8ef
2026-06-18 21:01:45 [info]: ✅ yt-dlp found: v2026.06.09
2026-06-18 21:01:45 [info]: ✅ FFmpeg found: ffmpeg version 6.1.1-essentials_build-www.gyan.dev Copyright (c) 2000-2023 the FFmpeg developers
2026-06-18 21:01:45 [info]: 
🚀 Video Downloader API running at http://localhost:3000
2026-06-18 21:01:45 [info]:    Environment: development
2026-06-18 21:01:45 [info]:    Open http://localhost:3000 in your browser

2026-06-18 21:02:17 [info]: [yt-dlp] Extracting info: https://www.youtube.com/watch?v=dQw4w9WgXcQ
2026-06-18 21:02:17 [info]: [yt-dlp] Injecting firefox cookies for extraction
2026-06-18 21:02:21 [info]: [yt-dlp] Extracted "Rick Astley - Never Gonna Give You Up (Official Video) (4K Remaster)" — 31 formats found.
2026-06-18 21:02:21 [debug]: Quota recorded for ::1: 1/3
2026-06-18 21:02:21 [debug]: POST / 200 4163ms — ::1
2026-06-18 21:02:21 [info]: [Download] Injecting firefox cookies
2026-06-18 21:02:21 [info]: [Download] Job 57af7fdc2588d8e97c2aaa9c00f6: "free_test_combined.mp4" fmt=18 (audio=false, videoOnly=false)
2026-06-18 21:02:21 [debug]: POST / 200 18ms — ::1
2026-06-18 21:02:21 [warn]: POST / 403 4ms — ::1
2026-06-18 21:02:21 [info]: [Download] Injecting firefox cookies
2026-06-18 21:02:21 [info]: [Download] Job e8196a21b524a4ff9446469154cf: "authorized_premium_test.mp4" fmt=137+140 (audio=false, videoOnly=false)
2026-06-18 21:02:21 [debug]: POST / 200 17ms — ::1
2026-06-18 21:02:28 [info]: [Download] Job 57af7fdc2588d8e97c2aaa9c00f6 complete: free_test_combined.mp4 (dlv_57af7fdc2588d8e97c2aaa9c00f6.mp4)
2026-06-18 21:02:38 [info]: [Download] Job e8196a21b524a4ff9446469154cf complete: authorized_premium_test.mp4 (dlv_e8196a21b524a4ff9446469154cf.mp4)
2026-06-18 21:06:26 [info]: Firebase Admin SDK initialized for project: video-downloader-fd8ef
2026-06-18 21:06:27 [info]: ✅ yt-dlp found: v2026.06.09
2026-06-18 21:06:27 [info]: ✅ FFmpeg found: ffmpeg version 6.1.1-essentials_build-www.gyan.dev Copyright (c) 2000-2023 the FFmpeg developers
2026-06-18 21:06:27 [info]: 
🚀 Video Downloader API running at http://localhost:3000
2026-06-18 21:06:27 [info]:    Environment: development
2026-06-18 21:06:27 [info]:    Open http://localhost:3000 in your browser

2026-06-18 21:06:30 [info]: Firebase Admin SDK initialized for project: video-downloader-fd8ef
2026-06-18 21:06:31 [info]: ✅ yt-dlp found: v2026.06.09
2026-06-18 21:06:31 [info]: ✅ FFmpeg found: ffmpeg version 6.1.1-essentials_build-www.gyan.dev Copyright (c) 2000-2023 the FFmpeg developers
2026-06-18 21:06:31 [info]: 
🚀 Video Downloader API running at http://localhost:3000
2026-06-18 21:06:31 [info]:    Environment: development
2026-06-18 21:06:31 [info]:    Open http://localhost:3000 in your browser

2026-06-18 21:06:36 [info]: Firebase Admin SDK initialized for project: video-downloader-fd8ef
2026-06-18 21:06:38 [info]: ✅ yt-dlp found: v2026.06.09
2026-06-18 21:06:38 [info]: ✅ FFmpeg found: ffmpeg version 6.1.1-essentials_build-www.gyan.dev Copyright (c) 2000-2023 the FFmpeg developers
2026-06-18 21:06:38 [info]: 
🚀 Video Downloader API running at http://localhost:3000
2026-06-18 21:06:38 [info]:    Environment: development
2026-06-18 21:06:38 [info]:    Open http://localhost:3000 in your browser

2026-06-18 21:06:41 [info]: Firebase Admin SDK initialized for project: video-downloader-fd8ef
2026-06-18 21:06:43 [info]: Firebase Admin SDK initialized for project: video-downloader-fd8ef
2026-06-18 21:06:44 [info]: ✅ yt-dlp found: v2026.06.09
2026-06-18 21:06:44 [info]: ✅ FFmpeg found: ffmpeg version 6.1.1-essentials_build-www.gyan.dev Copyright (c) 2000-2023 the FFmpeg developers
2026-06-18 21:06:44 [info]: 
🚀 Video Downloader API running at http://localhost:3000
2026-06-18 21:06:44 [info]:    Environment: development
2026-06-18 21:06:44 [info]:    Open http://localhost:3000 in your browser

2026-06-18 21:08:27 [debug]: GET / 200 27ms — ::1
2026-06-18 21:08:27 [debug]: GET /css/styles.css 200 20ms — ::1
2026-06-18 21:08:27 [debug]: GET /js/api.js 200 16ms — ::1
2026-06-18 21:08:27 [debug]: GET /js/auth.js 200 17ms — ::1
2026-06-18 21:08:27 [debug]: GET /js/ui.js 200 15ms — ::1
2026-06-18 21:08:27 [debug]: GET /js/app.js 200 19ms — ::1
2026-06-18 21:08:28 [debug]: GET /api/config 200 7ms — ::1
2026-06-18 21:08:29 [debug]: GET /favicon.ico 200 11ms — ::1
2026-06-18 21:08:30 [error]: Error: 7 PERMISSION_DENIED: Cloud Firestore API has not been used in project video-downloader-fd8ef before or it is disabled. Enable it by visiting https://console.developers.google.com/apis/api/firestore.googleapis.com/overview?project=video-downloader-fd8ef then retry. If you enabled this API recently, wait a few minutes for the action to propagate to our systems and retry.
    at callErrorFromStatus (D:\video downloader\node_modules\@grpc\grpc-js\build\src\call.js:32:19)
    at Object.onReceiveStatus (D:\video downloader\node_modules\@grpc\grpc-js\build\src\client.js:193:76)
    at Object.onReceiveStatus (D:\video downloader\node_modules\@grpc\grpc-js\build\src\client-interceptors.js:367:141)
    at Object.onReceiveStatus (D:\video downloader\node_modules\@grpc\grpc-js\build\src\client-interceptors.js:327:181)
    at D:\video downloader\node_modules\@grpc\grpc-js\build\src\resolving-call.js:135:78
    at process.processTicksAndRejections (node:internal/process/task_queues:85:11)
for call at
    at ServiceClientImpl.makeUnaryRequest (D:\video downloader\node_modules\@grpc\grpc-js\build\src\client.js:161:32)
    at ServiceClientImpl.<anonymous> (D:\video downloader\node_modules\@grpc\grpc-js\build\src\make-client.js:105:19)
    at D:\video downloader\node_modules\@google-cloud\firestore\build\src\v1\firestore_client.js:257:29
    at D:\video downloader\node_modules\google-gax\build\src\normalCalls\timeout.js:44:16
    at repeat (D:\video downloader\node_modules\google-gax\build\src\normalCalls\retries.js:114:25)
    at D:\video downloader\node_modules\google-gax\build\src\normalCalls\retries.js:156:13
    at OngoingCallPromise.call (D:\video downloader\node_modules\google-gax\build\src\call.js:70:27)
    at NormalApiCaller.call (D:\video downloader\node_modules\google-gax\build\src\normalCalls\normalApiCaller.js:34:19)
    at D:\video downloader\node_modules\google-gax\build\src\createApiCall.js:110:30
    at process.processTicksAndRejections (node:internal/process/task_queues:104:5)
Caused by: Error
    at _firestore._traceUtil.startActiveSpan (D:\video downloader\node_modules\@google-cloud\firestore\build\src\write-batch.js:442:27)
    at D:\video downloader\node_modules\@google-cloud\firestore\build\src\telemetry\enabled-trace-util.js:125:30
    at NoopContextManager.with (D:\video downloader\node_modules\@opentelemetry\api\build\src\context\NoopContextManager.js:14:19)
    at ContextAPI.with (D:\video downloader\node_modules\@opentelemetry\api\build\src\api\context.js:51:46)
    at NoopTracer.startActiveSpan (D:\video downloader\node_modules\@opentelemetry\api\build\src\trace\NoopTracer.js:54:31)
    at ProxyTracer.startActiveSpan (D:\video downloader\node_modules\@opentelemetry\api\build\src\trace\ProxyTracer.js:27:24)
    at EnabledTraceUtil.startActiveSpan (D:\video downloader\node_modules\@google-cloud\firestore\build\src\telemetry\enabled-trace-util.js:117:28)
    at WriteBatch.commit (D:\video downloader\node_modules\@google-cloud\firestore\build\src\write-batch.js:440:43)
    at D:\video downloader\node_modules\@google-cloud\firestore\build\src\reference\document-reference.js:353:31
    at D:\video downloader\node_modules\@google-cloud\firestore\build\src\telemetry\enabled-trace-util.js:125:30
2026-06-18 21:08:30 [error]: Error: 7 PERMISSION_DENIED: Cloud Firestore API has not been used in project video-downloader-fd8ef before or it is disabled. Enable it by visiting https://console.developers.google.com/apis/api/firestore.googleapis.com/overview?project=video-downloader-fd8ef then retry. If you enabled this API recently, wait a few minutes for the action to propagate to our systems and retry.
    at callErrorFromStatus (D:\video downloader\node_modules\@grpc\grpc-js\build\src\call.js:32:19)
    at Object.onReceiveStatus (D:\video downloader\node_modules\@grpc\grpc-js\build\src\client.js:359:73)
    at Object.onReceiveStatus (D:\video downloader\node_modules\@grpc\grpc-js\build\src\client-interceptors.js:327:181)
    at D:\video downloader\node_modules\@grpc\grpc-js\build\src\resolving-call.js:135:78
    at process.processTicksAndRejections (node:internal/process/task_queues:85:11)
for call at
    at ServiceClientImpl.makeServerStreamRequest (D:\video downloader\node_modules\@grpc\grpc-js\build\src\client.js:342:32)
    at ServiceClientImpl.<anonymous> (D:\video downloader\node_modules\@grpc\grpc-js\build\src\make-client.js:105:19)
    at D:\video downloader\node_modules\@google-cloud\firestore\build\src\v1\firestore_client.js:257:29
    at D:\video downloader\node_modules\google-gax\build\src\streamingCalls\streamingApiCaller.js:39:28
    at D:\video downloader\node_modules\google-gax\build\src\normalCalls\timeout.js:44:16
    at Object.request (D:\video downloader\node_modules\google-gax\build\src\streamingCalls\streaming.js:248:40)
    at makeRequest (D:\video downloader\node_modules\google-gax\node_modules\retry-request\index.js:159:28)
    at retryRequest (D:\video downloader\node_modules\google-gax\node_modules\retry-request\index.js:119:5)
    at StreamProxy.setStream (D:\video downloader\node_modules\google-gax\build\src\streamingCalls\streaming.js:239:37)
    at StreamingApiCaller.call (D:\video downloader\node_modules\google-gax\build\src\streamingCalls\streamingApiCaller.js:55:16)
Caused by: Error
    at D:\video downloader\node_modules\@google-cloud\firestore\build\src\index.js:1097:27
    at D:\video downloader\node_modules\@google-cloud\firestore\build\src\telemetry\enabled-trace-util.js:125:30
    at NoopContextManager.with (D:\video downloader\node_modules\@opentelemetry\api\build\src\context\NoopContextManager.js:14:19)
    at ContextAPI.with (D:\video downloader\node_modules\@opentelemetry\api\build\src\api\context.js:51:46)
    at NoopTracer.startActiveSpan (D:\video downloader\node_modules\@opentelemetry\api\build\src\trace\NoopTracer.js:54:31)
    at ProxyTracer.startActiveSpan (D:\video downloader\node_modules\@opentelemetry\api\build\src\trace\ProxyTracer.js:27:24)
    at EnabledTraceUtil.startActiveSpan (D:\video downloader\node_modules\@google-cloud\firestore\build\src\telemetry\enabled-trace-util.js:117:28)
    at Firestore.getAll (D:\video downloader\node_modules\@google-cloud\firestore\build\src\index.js:1088:32)
    at D:\video downloader\node_modules\@google-cloud\firestore\build\src\reference\document-reference.js:185:36
    at D:\video downloader\node_modules\@google-cloud\firestore\build\src\telemetry\enabled-trace-util.js:125:30
2026-06-18 21:08:30 [error]: Error: 7 PERMISSION_DENIED: Cloud Firestore API has not been used in project video-downloader-fd8ef before or it is disabled. Enable it by visiting https://console.developers.google.com/apis/api/firestore.googleapis.com/overview?project=video-downloader-fd8ef then retry. If you enabled this API recently, wait a few minutes for the action to propagate to our systems and retry.
    at callErrorFromStatus (D:\video downloader\node_modules\@grpc\grpc-js\build\src\call.js:32:19)
    at Object.onReceiveStatus (D:\video downloader\node_modules\@grpc\grpc-js\build\src\client.js:359:73)
    at Object.onReceiveStatus (D:\video downloader\node_modules\@grpc\grpc-js\build\src\client-interceptors.js:327:181)
    at D:\video downloader\node_modules\@grpc\grpc-js\build\src\resolving-call.js:135:78
    at process.processTicksAndRejections (node:internal/process/task_queues:85:11)
for call at
    at ServiceClientImpl.makeServerStreamRequest (D:\video downloader\node_modules\@grpc\grpc-js\build\src\client.js:342:32)
    at ServiceClientImpl.<anonymous> (D:\video downloader\node_modules\@grpc\grpc-js\build\src\make-client.js:105:19)
    at D:\video downloader\node_modules\@google-cloud\firestore\build\src\v1\firestore_client.js:257:29
    at D:\video downloader\node_modules\google-gax\build\src\streamingCalls\streamingApiCaller.js:39:28
    at D:\video downloader\node_modules\google-gax\build\src\normalCalls\timeout.js:44:16
    at Object.request (D:\video downloader\node_modules\google-gax\build\src\streamingCalls\streaming.js:248:40)
    at makeRequest (D:\video downloader\node_modules\google-gax\node_modules\retry-request\index.js:159:28)
    at retryRequest (D:\video downloader\node_modules\google-gax\node_modules\retry-request\index.js:119:5)
    at StreamProxy.setStream (D:\video downloader\node_modules\google-gax\build\src\streamingCalls\streaming.js:239:37)
    at StreamingApiCaller.call (D:\video downloader\node_modules\google-gax\build\src\streamingCalls\streamingApiCaller.js:55:16)
Caused by: Error
    at D:\video downloader\node_modules\@google-cloud\firestore\build\src\index.js:1097:27
    at D:\video downloader\node_modules\@google-cloud\firestore\build\src\telemetry\enabled-trace-util.js:125:30
    at NoopContextManager.with (D:\video downloader\node_modules\@opentelemetry\api\build\src\context\NoopContextManager.js:14:19)
    at ContextAPI.with (D:\video downloader\node_modules\@opentelemetry\api\build\src\api\context.js:51:46)
    at NoopTracer.startActiveSpan (D:\video downloader\node_modules\@opentelemetry\api\build\src\trace\NoopTracer.js:54:31)
    at ProxyTracer.startActiveSpan (D:\video downloader\node_modules\@opentelemetry\api\build\src\trace\ProxyTracer.js:27:24)
    at EnabledTraceUtil.startActiveSpan (D:\video downloader\node_modules\@google-cloud\firestore\build\src\telemetry\enabled-trace-util.js:117:28)
    at Firestore.getAll (D:\video downloader\node_modules\@google-cloud\firestore\build\src\index.js:1088:32)
    at D:\video downloader\node_modules\@google-cloud\firestore\build\src\reference\document-reference.js:185:36
    at D:\video downloader\node_modules\@google-cloud\firestore\build\src\telemetry\enabled-trace-util.js:125:30
2026-06-18 21:08:30 [debug]: [Auth] Token verified: uid=tXJRLNL6OVXJJ9xHM8VfglcryeV2 tier=free
2026-06-18 21:08:30 [debug]: POST /verify 200 1568ms — ::1
2026-06-18 21:08:35 [debug]: GET / 200 6ms — ::1
2026-06-18 21:08:35 [debug]: GET /css/styles.css 200 8ms — ::1
2026-06-18 21:08:35 [debug]: GET /js/api.js 200 10ms — ::1
2026-06-18 21:08:35 [debug]: GET /js/auth.js 200 9ms — ::1
2026-06-18 21:08:35 [debug]: GET /js/ui.js 200 11ms — ::1
2026-06-18 21:08:35 [debug]: GET /js/app.js 200 9ms — ::1
2026-06-18 21:08:35 [debug]: GET /api/config 200 2ms — ::1
2026-06-18 21:08:36 [debug]: GET /favicon.ico 304 3ms — ::1
2026-06-18 21:08:43 [info]: [yt-dlp] Extracting info: https://snapchat.com/t/DkcbZfsX
2026-06-18 21:08:43 [info]: [yt-dlp] Injecting firefox cookies for extraction
2026-06-18 21:08:54 [info]: [yt-dlp] Extracted "337 likes, 26 comments, and 13 shares | एक वायरल वीडियो में दावा किया गया है कि चीन में कई बेरोजगार लोग रोज़ाना केवल एक वक्त का भोजन #jobless #india #viral #unemployment #rahulgandhi | 🇮🇳Being Shashi (@beingshashi190) | Posted Jun 17, 2026 | Spotlight (1)" — 1 formats found.
2026-06-18 21:08:54 [debug]: Quota recorded for ::1: 1/3
2026-06-18 21:08:54 [debug]: POST / 200 11097ms — ::1
2026-06-18 21:08:58 [info]: [Download] Injecting firefox cookies
2026-06-18 21:08:58 [info]: [Download] Job 397514783c0b8b3e845ecd0488b3: "337 likes, 26 comments, and 13 shares _ एक वायरल वीडियो में दावा किया गया है कि चीन में कई बेरोजगार लोग रोज़ाना केवल एक वक्त का भोजन #jobless #india #viral #unemployment #rahulgandhi _ 🇮🇳Being Shash.mp4" fmt=0 (audio=false, videoOnly=false)
2026-06-18 21:08:58 [debug]: POST / 200 35ms — ::1
2026-06-18 21:09:07 [info]: [Download] Job 397514783c0b8b3e845ecd0488b3 complete: 337 likes, 26 comments, and 13 shares _ एक वायरल वीडियो में दावा किया गया है कि चीन में कई बेरोजगार लोग रोज़ाना केवल एक वक्त का भोजन #jobless #india #viral #unemployment #rahulgandhi _ 🇮🇳Being Shash.mp4 (dlv_397514783c0b8b3e845ecd0488b3.mp4)
2026-06-18 21:09:07 [debug]: GET /progress/397514783c0b8b3e845ecd0488b3 200 8733ms — ::1
2026-06-18 21:09:07 [info]: [Download] Serving: 337 likes, 26 comments, and 13 shares _ एक वायरल वीडियो में दावा किया गया है कि चीन में कई बेरोजगार लोग रोज़ाना केवल एक वक्त का भोजन #jobless #india #viral #unemployment #rahulgandhi _ 🇮🇳Being Shash.mp4 (1.4 MB)
2026-06-18 21:09:07 [info]: [Download] Served: 337 likes, 26 comments, and 13 shares _ एक वायरल वीडियो में दावा किया गया है कि चीन में कई बेरोजगार लोग रोज़ाना केवल एक वक्त का भोजन #jobless #india #viral #unemployment #rahulgandhi _ 🇮🇳Being Shash.mp4
2026-06-18 21:09:07 [debug]: GET /file/397514783c0b8b3e845ecd0488b3 200 60ms — ::1
2026-06-18 21:09:15 [info]: [yt-dlp] Extracting info: https://snapchat.com/t/DkcbZfsX
2026-06-18 21:09:15 [info]: [yt-dlp] Injecting firefox cookies for extraction
2026-06-18 21:09:25 [info]: [yt-dlp] Extracted "339 likes, 26 comments, and 13 shares | एक वायरल वीडियो में दावा किया गया है कि चीन में कई बेरोजगार लोग रोज़ाना केवल एक वक्त का भोजन #jobless #india #viral #unemployment #rahulgandhi | 🇮🇳Being Shashi (@beingshashi190) | Posted Jun 17, 2026 | Spotlight (1)" — 1 formats found.
2026-06-18 21:09:25 [debug]: Quota recorded for ::1: 2/3
2026-06-18 21:09:25 [debug]: POST / 200 10460ms — ::1
2026-06-18 21:09:28 [info]: [Download] Injecting firefox cookies
2026-06-18 21:09:28 [info]: [Download] Job ca7d6fc1415e75b8ac3ea4abf9c3: "339 likes, 26 comments, and 13 shares _ एक वायरल वीडियो में दावा किया गया है कि चीन में कई बेरोजगार लोग रोज़ाना केवल एक वक्त का भोजन #jobless #india #viral #unemployment #rahulgandhi _ 🇮🇳Being Shash.mp4" fmt=0 (audio=false, videoOnly=false)
2026-06-18 21:09:28 [debug]: POST / 200 30ms — ::1
2026-06-18 21:09:36 [info]: [Download] Job ca7d6fc1415e75b8ac3ea4abf9c3 complete: 339 likes, 26 comments, and 13 shares _ एक वायरल वीडियो में दावा किया गया है कि चीन में कई बेरोजगार लोग रोज़ाना केवल एक वक्त का भोजन #jobless #india #viral #unemployment #rahulgandhi _ 🇮🇳Being Shash.mp4 (dlv_ca7d6fc1415e75b8ac3ea4abf9c3.mp4)
2026-06-18 21:09:36 [debug]: GET /progress/ca7d6fc1415e75b8ac3ea4abf9c3 200 7993ms — ::1
2026-06-18 21:09:36 [info]: [Download] Serving: 339 likes, 26 comments, and 13 shares _ एक वायरल वीडियो में दावा किया गया है कि चीन में कई बेरोजगार लोग रोज़ाना केवल एक वक्त का भोजन #jobless #india #viral #unemployment #rahulgandhi _ 🇮🇳Being Shash.mp4 (1.4 MB)
2026-06-18 21:09:36 [info]: [Download] Served: 339 likes, 26 comments, and 13 shares _ एक वायरल वीडियो में दावा किया गया है कि चीन में कई बेरोजगार लोग रोज़ाना केवल एक वक्त का भोजन #jobless #india #viral #unemployment #rahulgandhi _ 🇮🇳Being Shash.mp4
2026-06-18 21:09:36 [debug]: GET /file/ca7d6fc1415e75b8ac3ea4abf9c3 200 48ms — ::1
2026-06-18 21:09:44 [info]: [yt-dlp] Extracting info: https://snapchat.com/t/DkcbZfsX
2026-06-18 21:09:44 [info]: [yt-dlp] Injecting firefox cookies for extraction
2026-06-18 21:09:53 [info]: [yt-dlp] Extracted "339 likes, 26 comments, and 13 shares | एक वायरल वीडियो में दावा किया गया है कि चीन में कई बेरोजगार लोग रोज़ाना केवल एक वक्त का भोजन #jobless #india #viral #unemployment #rahulgandhi | 🇮🇳Being Shashi (@beingshashi190) | Posted Jun 17, 2026 | Spotlight (1)" — 1 formats found.
2026-06-18 21:09:53 [debug]: Quota recorded for ::1: 3/3
2026-06-18 21:09:53 [debug]: POST / 200 9615ms — ::1
2026-06-18 21:10:00 [info]: [Download] Injecting firefox cookies
2026-06-18 21:10:00 [info]: [Download] Job c5f683a73ba80a0b9ee6fd650868: "339 likes, 26 comments, and 13 shares _ एक वायरल वीडियो में दावा किया गया है कि चीन में कई बेरोजगार लोग रोज़ाना केवल एक वक्त का भोजन #jobless #india #viral #unemployment #rahulgandhi _ 🇮🇳Being Shash.mp4" fmt=0 (audio=false, videoOnly=false)
2026-06-18 21:10:00 [debug]: POST / 200 40ms — ::1
2026-06-18 21:10:09 [info]: [Download] Job c5f683a73ba80a0b9ee6fd650868 complete: 339 likes, 26 comments, and 13 shares _ एक वायरल वीडियो में दावा किया गया है कि चीन में कई बेरोजगार लोग रोज़ाना केवल एक वक्त का भोजन #jobless #india #viral #unemployment #rahulgandhi _ 🇮🇳Being Shash.mp4 (dlv_c5f683a73ba80a0b9ee6fd650868.mp4)
2026-06-18 21:10:09 [debug]: GET /progress/c5f683a73ba80a0b9ee6fd650868 200 8909ms — ::1
2026-06-18 21:10:09 [info]: [Download] Serving: 339 likes, 26 comments, and 13 shares _ एक वायरल वीडियो में दावा किया गया है कि चीन में कई बेरोजगार लोग रोज़ाना केवल एक वक्त का भोजन #jobless #india #viral #unemployment #rahulgandhi _ 🇮🇳Being Shash.mp4 (1.4 MB)
2026-06-18 21:10:09 [info]: [Download] Served: 339 likes, 26 comments, and 13 shares _ एक वायरल वीडियो में दावा किया गया है कि चीन में कई बेरोजगार लोग रोज़ाना केवल एक वक्त का भोजन #jobless #india #viral #unemployment #rahulgandhi _ 🇮🇳Being Shash.mp4
2026-06-18 21:10:09 [debug]: GET /file/c5f683a73ba80a0b9ee6fd650868 200 59ms — ::1
2026-06-18 21:10:16 [info]: Quota exceeded for IP ::1: 3/3
2026-06-18 21:10:16 [warn]: POST / 429 35ms — ::1
2026-06-18 21:10:40 [debug]: GET / 200 3ms — ::1
2026-06-18 21:10:40 [debug]: GET /css/styles.css 200 4ms — ::1
2026-06-18 21:10:40 [debug]: GET /js/api.js 200 7ms — ::1
2026-06-18 21:10:40 [debug]: GET /js/auth.js 200 9ms — ::1
2026-06-18 21:10:40 [debug]: GET /js/ui.js 200 10ms — ::1
2026-06-18 21:10:40 [debug]: GET /js/app.js 200 11ms — ::1
2026-06-18 21:10:40 [debug]: GET /api/config 200 1ms — ::1
2026-06-18 21:10:41 [debug]: GET /favicon.ico 304 3ms — ::1
2026-06-18 21:10:42 [info]: Quota exceeded for IP ::1: 3/3
2026-06-18 21:10:42 [warn]: POST / 429 29ms — ::1
2026-06-18 21:11:08 [debug]: GET /api/config 304 1ms — ::1
2026-06-18 21:11:08 [debug]: GET /favicon.ico 304 4ms — ::1
2026-06-18 21:11:21 [info]: Quota exceeded for IP ::1: 3/3
2026-06-18 21:11:21 [warn]: POST / 429 82ms — ::1
2026-06-19 16:51:37 [info]: Firebase Admin SDK initialized for project: video-downloader-fd8ef
2026-06-19 16:51:39 [info]: ✅ yt-dlp found: v2026.06.09
2026-06-19 16:51:39 [info]: ✅ FFmpeg found: ffmpeg version 6.1.1-essentials_build-www.gyan.dev Copyright (c) 2000-2023 the FFmpeg developers
2026-06-19 16:51:39 [info]: 
🚀 Video Downloader API running at http://localhost:3000
2026-06-19 16:51:39 [info]:    Environment: development
2026-06-19 16:51:39 [info]:    Open http://localhost:3000 in your browser

2026-06-19 17:57:04 [info]: Firebase Admin SDK initialized for project: video-downloader-fd8ef
2026-06-19 17:57:04 [info]: Firebase Admin SDK initialized for project: video-downloader-fd8ef
2026-06-19 17:57:06 [info]: ✅ yt-dlp found: v2026.06.09
2026-06-19 17:57:06 [info]: ✅ yt-dlp found: v2026.06.09
2026-06-19 17:57:06 [info]: ✅ FFmpeg found: ffmpeg version 6.1.1-essentials_build-www.gyan.dev Copyright (c) 2000-2023 the FFmpeg developers
2026-06-19 17:57:06 [info]: 
🚀 Video Downloader API running at http://localhost:3000
2026-06-19 17:57:06 [info]:    Environment: development
2026-06-19 17:57:06 [info]:    Open http://localhost:3000 in your browser

2026-06-19 17:57:06 [info]: ✅ FFmpeg found: ffmpeg version 6.1.1-essentials_build-www.gyan.dev Copyright (c) 2000-2023 the FFmpeg developers
2026-06-19 17:57:06 [info]: 
🚀 Video Downloader API running at http://localhost:3000
2026-06-19 17:57:06 [info]:    Environment: development
2026-06-19 17:57:06 [info]:    Open http://localhost:3000 in your browser

2026-06-19 17:57:18 [info]: [yt-dlp] Extracting info: https://www.youtube.com/watch?v=dQw4w9WgXcQ
2026-06-19 17:57:18 [info]: [yt-dlp] Injecting firefox cookies for extraction
2026-06-19 17:57:23 [info]: [yt-dlp] Extracted "Rick Astley - Never Gonna Give You Up (Official Video) (4K Remaster)" — 31 formats found.
2026-06-19 17:57:23 [debug]: Quota recorded for ::1: 1/3
2026-06-19 17:57:23 [debug]: POST / 200 4910ms — ::1
2026-06-19 20:04:29 [debug]: GET / 200 86ms — ::1
2026-06-19 20:04:29 [debug]: GET /css/styles.css 200 36ms — ::1
2026-06-19 20:04:29 [debug]: GET /js/ui.js 304 25ms — ::1
2026-06-19 20:04:29 [debug]: GET /js/api.js 200 45ms — ::1
2026-06-19 20:04:29 [debug]: GET /js/auth.js 200 45ms — ::1
2026-06-19 20:04:29 [debug]: GET /js/app.js 200 55ms — ::1
2026-06-19 20:04:30 [debug]: GET /api/config 304 19ms — ::1
2026-06-19 20:04:33 [debug]: GET /favicon.ico 200 17ms — ::1
2026-06-19 20:04:33 [error]: Error: 7 PERMISSION_DENIED: Cloud Firestore API has not been used in project video-downloader-fd8ef before or it is disabled. Enable it by visiting https://console.developers.google.com/apis/api/firestore.googleapis.com/overview?project=video-downloader-fd8ef then retry. If you enabled this API recently, wait a few minutes for the action to propagate to our systems and retry.
    at callErrorFromStatus (D:\video downloader\node_modules\@grpc\grpc-js\build\src\call.js:32:19)
    at Object.onReceiveStatus (D:\video downloader\node_modules\@grpc\grpc-js\build\src\client.js:359:73)
    at Object.onReceiveStatus (D:\video downloader\node_modules\@grpc\grpc-js\build\src\client-interceptors.js:327:181)
    at D:\video downloader\node_modules\@grpc\grpc-js\build\src\resolving-call.js:135:78
    at process.processTicksAndRejections (node:internal/process/task_queues:85:11)
for call at
    at ServiceClientImpl.makeServerStreamRequest (D:\video downloader\node_modules\@grpc\grpc-js\build\src\client.js:342:32)
    at ServiceClientImpl.<anonymous> (D:\video downloader\node_modules\@grpc\grpc-js\build\src\make-client.js:105:19)
    at D:\video downloader\node_modules\@google-cloud\firestore\build\src\v1\firestore_client.js:257:29
    at D:\video downloader\node_modules\google-gax\build\src\streamingCalls\streamingApiCaller.js:39:28
    at D:\video downloader\node_modules\google-gax\build\src\normalCalls\timeout.js:44:16
    at Object.request (D:\video downloader\node_modules\google-gax\build\src\streamingCalls\streaming.js:248:40)
    at makeRequest (D:\video downloader\node_modules\google-gax\node_modules\retry-request\index.js:159:28)
    at retryRequest (D:\video downloader\node_modules\google-gax\node_modules\retry-request\index.js:119:5)
    at StreamProxy.setStream (D:\video downloader\node_modules\google-gax\build\src\streamingCalls\streaming.js:239:37)
    at StreamingApiCaller.call (D:\video downloader\node_modules\google-gax\build\src\streamingCalls\streamingApiCaller.js:55:16)
Caused by: Error
    at D:\video downloader\node_modules\@google-cloud\firestore\build\src\index.js:1097:27
    at D:\video downloader\node_modules\@google-cloud\firestore\build\src\telemetry\enabled-trace-util.js:125:30
    at NoopContextManager.with (D:\video downloader\node_modules\@opentelemetry\api\build\src\context\NoopContextManager.js:14:19)
    at ContextAPI.with (D:\video downloader\node_modules\@opentelemetry\api\build\src\api\context.js:51:46)
    at NoopTracer.startActiveSpan (D:\video downloader\node_modules\@opentelemetry\api\build\src\trace\NoopTracer.js:54:31)
    at ProxyTracer.startActiveSpan (D:\video downloader\node_modules\@opentelemetry\api\build\src\trace\ProxyTracer.js:27:24)
    at EnabledTraceUtil.startActiveSpan (D:\video downloader\node_modules\@google-cloud\firestore\build\src\telemetry\enabled-trace-util.js:117:28)
    at Firestore.getAll (D:\video downloader\node_modules\@google-cloud\firestore\build\src\index.js:1088:32)
    at D:\video downloader\node_modules\@google-cloud\firestore\build\src\reference\document-reference.js:185:36
    at D:\video downloader\node_modules\@google-cloud\firestore\build\src\telemetry\enabled-trace-util.js:125:30
2026-06-19 20:04:33 [debug]: Auth: uid=1svszqy2mqc4gzRt8xoFmmGTKyN2 tier=free
2026-06-19 20:04:33 [error]: Error: 7 PERMISSION_DENIED: Cloud Firestore API has not been used in project video-downloader-fd8ef before or it is disabled. Enable it by visiting https://console.developers.google.com/apis/api/firestore.googleapis.com/overview?project=video-downloader-fd8ef then retry. If you enabled this API recently, wait a few minutes for the action to propagate to our systems and retry.
    at callErrorFromStatus (D:\video downloader\node_modules\@grpc\grpc-js\build\src\call.js:32:19)
    at Object.onReceiveStatus (D:\video downloader\node_modules\@grpc\grpc-js\build\src\client.js:193:76)
    at Object.onReceiveStatus (D:\video downloader\node_modules\@grpc\grpc-js\build\src\client-interceptors.js:367:141)
    at Object.onReceiveStatus (D:\video downloader\node_modules\@grpc\grpc-js\build\src\client-interceptors.js:327:181)
    at D:\video downloader\node_modules\@grpc\grpc-js\build\src\resolving-call.js:135:78
    at process.processTicksAndRejections (node:internal/process/task_queues:85:11)
for call at
    at ServiceClientImpl.makeUnaryRequest (D:\video downloader\node_modules\@grpc\grpc-js\build\src\client.js:161:32)
    at ServiceClientImpl.<anonymous> (D:\video downloader\node_modules\@grpc\grpc-js\build\src\make-client.js:105:19)
    at D:\video downloader\node_modules\@google-cloud\firestore\build\src\v1\firestore_client.js:257:29
    at D:\video downloader\node_modules\google-gax\build\src\normalCalls\timeout.js:44:16
    at repeat (D:\video downloader\node_modules\google-gax\build\src\normalCalls\retries.js:114:25)
    at D:\video downloader\node_modules\google-gax\build\src\normalCalls\retries.js:156:13
    at OngoingCallPromise.call (D:\video downloader\node_modules\google-gax\build\src\call.js:70:27)
    at NormalApiCaller.call (D:\video downloader\node_modules\google-gax\build\src\normalCalls\normalApiCaller.js:34:19)
    at D:\video downloader\node_modules\google-gax\build\src\createApiCall.js:110:30
    at process.processTicksAndRejections (node:internal/process/task_queues:104:5)
Caused by: Error
    at _firestore._traceUtil.startActiveSpan (D:\video downloader\node_modules\@google-cloud\firestore\build\src\write-batch.js:442:27)
    at D:\video downloader\node_modules\@google-cloud\firestore\build\src\telemetry\enabled-trace-util.js:125:30
    at NoopContextManager.with (D:\video downloader\node_modules\@opentelemetry\api\build\src\context\NoopContextManager.js:14:19)
    at ContextAPI.with (D:\video downloader\node_modules\@opentelemetry\api\build\src\api\context.js:51:46)
    at NoopTracer.startActiveSpan (D:\video downloader\node_modules\@opentelemetry\api\build\src\trace\NoopTracer.js:54:31)
    at ProxyTracer.startActiveSpan (D:\video downloader\node_modules\@opentelemetry\api\build\src\trace\ProxyTracer.js:27:24)
    at EnabledTraceUtil.startActiveSpan (D:\video downloader\node_modules\@google-cloud\firestore\build\src\telemetry\enabled-trace-util.js:117:28)
    at WriteBatch.commit (D:\video downloader\node_modules\@google-cloud\firestore\build\src\write-batch.js:440:43)
    at D:\video downloader\node_modules\@google-cloud\firestore\build\src\reference\document-reference.js:353:31
    at D:\video downloader\node_modules\@google-cloud\firestore\build\src\telemetry\enabled-trace-util.js:125:30
2026-06-19 20:04:34 [error]: Error: 7 PERMISSION_DENIED: Cloud Firestore API has not been used in project video-downloader-fd8ef before or it is disabled. Enable it by visiting https://console.developers.google.com/apis/api/firestore.googleapis.com/overview?project=video-downloader-fd8ef then retry. If you enabled this API recently, wait a few minutes for the action to propagate to our systems and retry.
    at callErrorFromStatus (D:\video downloader\node_modules\@grpc\grpc-js\build\src\call.js:32:19)
    at Object.onReceiveStatus (D:\video downloader\node_modules\@grpc\grpc-js\build\src\client.js:359:73)
    at Object.onReceiveStatus (D:\video downloader\node_modules\@grpc\grpc-js\build\src\client-interceptors.js:327:181)
    at D:\video downloader\node_modules\@grpc\grpc-js\build\src\resolving-call.js:135:78
    at process.processTicksAndRejections (node:internal/process/task_queues:85:11)
for call at
    at ServiceClientImpl.makeServerStreamRequest (D:\video downloader\node_modules\@grpc\grpc-js\build\src\client.js:342:32)
    at ServiceClientImpl.<anonymous> (D:\video downloader\node_modules\@grpc\grpc-js\build\src\make-client.js:105:19)
    at D:\video downloader\node_modules\@google-cloud\firestore\build\src\v1\firestore_client.js:257:29
    at D:\video downloader\node_modules\google-gax\build\src\streamingCalls\streamingApiCaller.js:39:28
    at D:\video downloader\node_modules\google-gax\build\src\normalCalls\timeout.js:44:16
    at Object.request (D:\video downloader\node_modules\google-gax\build\src\streamingCalls\streaming.js:248:40)
    at makeRequest (D:\video downloader\node_modules\google-gax\node_modules\retry-request\index.js:159:28)
    at retryRequest (D:\video downloader\node_modules\google-gax\node_modules\retry-request\index.js:119:5)
    at StreamProxy.setStream (D:\video downloader\node_modules\google-gax\build\src\streamingCalls\streaming.js:239:37)
    at StreamingApiCaller.call (D:\video downloader\node_modules\google-gax\build\src\streamingCalls\streamingApiCaller.js:55:16)
Caused by: Error
    at D:\video downloader\node_modules\@google-cloud\firestore\build\src\index.js:1097:27
    at D:\video downloader\node_modules\@google-cloud\firestore\build\src\telemetry\enabled-trace-util.js:125:30
    at NoopContextManager.with (D:\video downloader\node_modules\@opentelemetry\api\build\src\context\NoopContextManager.js:14:19)
    at ContextAPI.with (D:\video downloader\node_modules\@opentelemetry\api\build\src\api\context.js:51:46)
    at NoopTracer.startActiveSpan (D:\video downloader\node_modules\@opentelemetry\api\build\src\trace\NoopTracer.js:54:31)
    at ProxyTracer.startActiveSpan (D:\video downloader\node_modules\@opentelemetry\api\build\src\trace\ProxyTracer.js:27:24)
    at EnabledTraceUtil.startActiveSpan (D:\video downloader\node_modules\@google-cloud\firestore\build\src\telemetry\enabled-trace-util.js:117:28)
    at Firestore.getAll (D:\video downloader\node_modules\@google-cloud\firestore\build\src\index.js:1088:32)
    at D:\video downloader\node_modules\@google-cloud\firestore\build\src\reference\document-reference.js:185:36
    at D:\video downloader\node_modules\@google-cloud\firestore\build\src\telemetry\enabled-trace-util.js:125:30
2026-06-19 20:04:34 [warn]: Firestore daily usage check failed. Falling back to IP-based quota for UID 1svszqy2mqc4gzRt8xoFmmGTKyN2 (IP: ::1)
2026-06-19 20:04:34 [info]: [yt-dlp] Extracting info: https://youtu.be/Fi1wAaQkJHU?si=c__xoUXhYxZvaUDa
2026-06-19 20:04:34 [info]: [yt-dlp] Injecting firefox cookies for extraction
2026-06-19 20:04:34 [error]: Error: 7 PERMISSION_DENIED: Cloud Firestore API has not been used in project video-downloader-fd8ef before or it is disabled. Enable it by visiting https://console.developers.google.com/apis/api/firestore.googleapis.com/overview?project=video-downloader-fd8ef then retry. If you enabled this API recently, wait a few minutes for the action to propagate to our systems and retry.
    at callErrorFromStatus (D:\video downloader\node_modules\@grpc\grpc-js\build\src\call.js:32:19)
    at Object.onReceiveStatus (D:\video downloader\node_modules\@grpc\grpc-js\build\src\client.js:359:73)
    at Object.onReceiveStatus (D:\video downloader\node_modules\@grpc\grpc-js\build\src\client-interceptors.js:327:181)
    at D:\video downloader\node_modules\@grpc\grpc-js\build\src\resolving-call.js:135:78
    at process.processTicksAndRejections (node:internal/process/task_queues:85:11)
for call at
    at ServiceClientImpl.makeServerStreamRequest (D:\video downloader\node_modules\@grpc\grpc-js\build\src\client.js:342:32)
    at ServiceClientImpl.<anonymous> (D:\video downloader\node_modules\@grpc\grpc-js\build\src\make-client.js:105:19)
    at D:\video downloader\node_modules\@google-cloud\firestore\build\src\v1\firestore_client.js:257:29
    at D:\video downloader\node_modules\google-gax\build\src\streamingCalls\streamingApiCaller.js:39:28
    at D:\video downloader\node_modules\google-gax\build\src\normalCalls\timeout.js:44:16
    at Object.request (D:\video downloader\node_modules\google-gax\build\src\streamingCalls\streaming.js:248:40)
    at makeRequest (D:\video downloader\node_modules\google-gax\node_modules\retry-request\index.js:159:28)
    at retryRequest (D:\video downloader\node_modules\google-gax\node_modules\retry-request\index.js:119:5)
    at StreamProxy.setStream (D:\video downloader\node_modules\google-gax\build\src\streamingCalls\streaming.js:239:37)
    at StreamingApiCaller.call (D:\video downloader\node_modules\google-gax\build\src\streamingCalls\streamingApiCaller.js:55:16)
Caused by: Error
    at D:\video downloader\node_modules\@google-cloud\firestore\build\src\index.js:1097:27
    at D:\video downloader\node_modules\@google-cloud\firestore\build\src\telemetry\enabled-trace-util.js:125:30
    at NoopContextManager.with (D:\video downloader\node_modules\@opentelemetry\api\build\src\context\NoopContextManager.js:14:19)
    at ContextAPI.with (D:\video downloader\node_modules\@opentelemetry\api\build\src\api\context.js:51:46)
    at NoopTracer.startActiveSpan (D:\video downloader\node_modules\@opentelemetry\api\build\src\trace\NoopTracer.js:54:31)
    at ProxyTracer.startActiveSpan (D:\video downloader\node_modules\@opentelemetry\api\build\src\trace\ProxyTracer.js:27:24)
    at EnabledTraceUtil.startActiveSpan (D:\video downloader\node_modules\@google-cloud\firestore\build\src\telemetry\enabled-trace-util.js:117:28)
    at Firestore.getAll (D:\video downloader\node_modules\@google-cloud\firestore\build\src\index.js:1088:32)
    at D:\video downloader\node_modules\@google-cloud\firestore\build\src\reference\document-reference.js:185:36
    at D:\video downloader\node_modules\@google-cloud\firestore\build\src\telemetry\enabled-trace-util.js:125:30
2026-06-19 20:04:34 [error]: Error: 7 PERMISSION_DENIED: Cloud Firestore API has not been used in project video-downloader-fd8ef before or it is disabled. Enable it by visiting https://console.developers.google.com/apis/api/firestore.googleapis.com/overview?project=video-downloader-fd8ef then retry. If you enabled this API recently, wait a few minutes for the action to propagate to our systems and retry.
    at callErrorFromStatus (D:\video downloader\node_modules\@grpc\grpc-js\build\src\call.js:32:19)
    at Object.onReceiveStatus (D:\video downloader\node_modules\@grpc\grpc-js\build\src\client.js:359:73)
    at Object.onReceiveStatus (D:\video downloader\node_modules\@grpc\grpc-js\build\src\client-interceptors.js:327:181)
    at D:\video downloader\node_modules\@grpc\grpc-js\build\src\resolving-call.js:135:78
    at process.processTicksAndRejections (node:internal/process/task_queues:85:11)
for call at
    at ServiceClientImpl.makeServerStreamRequest (D:\video downloader\node_modules\@grpc\grpc-js\build\src\client.js:342:32)
    at ServiceClientImpl.<anonymous> (D:\video downloader\node_modules\@grpc\grpc-js\build\src\make-client.js:105:19)
    at D:\video downloader\node_modules\@google-cloud\firestore\build\src\v1\firestore_client.js:257:29
    at D:\video downloader\node_modules\google-gax\build\src\streamingCalls\streamingApiCaller.js:39:28
    at D:\video downloader\node_modules\google-gax\build\src\normalCalls\timeout.js:44:16
    at Object.request (D:\video downloader\node_modules\google-gax\build\src\streamingCalls\streaming.js:248:40)
    at makeRequest (D:\video downloader\node_modules\google-gax\node_modules\retry-request\index.js:159:28)
    at retryRequest (D:\video downloader\node_modules\google-gax\node_modules\retry-request\index.js:119:5)
    at StreamProxy.setStream (D:\video downloader\node_modules\google-gax\build\src\streamingCalls\streaming.js:239:37)
    at StreamingApiCaller.call (D:\video downloader\node_modules\google-gax\build\src\streamingCalls\streamingApiCaller.js:55:16)
Caused by: Error
    at D:\video downloader\node_modules\@google-cloud\firestore\build\src\index.js:1097:27
    at D:\video downloader\node_modules\@google-cloud\firestore\build\src\telemetry\enabled-trace-util.js:125:30
    at NoopContextManager.with (D:\video downloader\node_modules\@opentelemetry\api\build\src\context\NoopContextManager.js:14:19)
    at ContextAPI.with (D:\video downloader\node_modules\@opentelemetry\api\build\src\api\context.js:51:46)
    at NoopTracer.startActiveSpan (D:\video downloader\node_modules\@opentelemetry\api\build\src\trace\NoopTracer.js:54:31)
    at ProxyTracer.startActiveSpan (D:\video downloader\node_modules\@opentelemetry\api\build\src\trace\ProxyTracer.js:27:24)
    at EnabledTraceUtil.startActiveSpan (D:\video downloader\node_modules\@google-cloud\firestore\build\src\telemetry\enabled-trace-util.js:117:28)
    at Firestore.getAll (D:\video downloader\node_modules\@google-cloud\firestore\build\src\index.js:1088:32)
    at D:\video downloader\node_modules\@google-cloud\firestore\build\src\reference\document-reference.js:185:36
    at D:\video downloader\node_modules\@google-cloud\firestore\build\src\telemetry\enabled-trace-util.js:125:30
2026-06-19 20:04:34 [debug]: [Auth] Token verified: uid=1svszqy2mqc4gzRt8xoFmmGTKyN2 tier=free
2026-06-19 20:04:34 [debug]: POST /verify 200 2515ms — ::1
2026-06-19 20:04:40 [info]: [yt-dlp] Extracted "SPIDER-MAN: BRAND NEW DAY - New Trailer - Hindi | Exclusively In Cinemas July 30" — 27 formats found.
2026-06-19 20:04:40 [error]: Error: 7 PERMISSION_DENIED: Cloud Firestore API has not been used in project video-downloader-fd8ef before or it is disabled. Enable it by visiting https://console.developers.google.com/apis/api/firestore.googleapis.com/overview?project=video-downloader-fd8ef then retry. If you enabled this API recently, wait a few minutes for the action to propagate to our systems and retry.
    at callErrorFromStatus (D:\video downloader\node_modules\@grpc\grpc-js\build\src\call.js:32:19)
    at Object.onReceiveStatus (D:\video downloader\node_modules\@grpc\grpc-js\build\src\client.js:193:76)
    at Object.onReceiveStatus (D:\video downloader\node_modules\@grpc\grpc-js\build\src\client-interceptors.js:367:141)
    at Object.onReceiveStatus (D:\video downloader\node_modules\@grpc\grpc-js\build\src\client-interceptors.js:327:181)
    at D:\video downloader\node_modules\@grpc\grpc-js\build\src\resolving-call.js:135:78
    at process.processTicksAndRejections (node:internal/process/task_queues:85:11)
for call at
    at ServiceClientImpl.makeUnaryRequest (D:\video downloader\node_modules\@grpc\grpc-js\build\src\client.js:161:32)
    at ServiceClientImpl.<anonymous> (D:\video downloader\node_modules\@grpc\grpc-js\build\src\make-client.js:105:19)
    at D:\video downloader\node_modules\@google-cloud\firestore\build\src\v1\firestore_client.js:257:29
    at D:\video downloader\node_modules\google-gax\build\src\normalCalls\timeout.js:44:16
    at repeat (D:\video downloader\node_modules\google-gax\build\src\normalCalls\retries.js:114:25)
    at D:\video downloader\node_modules\google-gax\build\src\normalCalls\retries.js:156:13
    at OngoingCallPromise.call (D:\video downloader\node_modules\google-gax\build\src\call.js:70:27)
    at NormalApiCaller.call (D:\video downloader\node_modules\google-gax\build\src\normalCalls\normalApiCaller.js:34:19)
    at D:\video downloader\node_modules\google-gax\build\src\createApiCall.js:110:30
    at process.processTicksAndRejections (node:internal/process/task_queues:104:5)
Caused by: Error
    at _firestore._traceUtil.startActiveSpan (D:\video downloader\node_modules\@google-cloud\firestore\build\src\write-batch.js:442:27)
    at D:\video downloader\node_modules\@google-cloud\firestore\build\src\telemetry\enabled-trace-util.js:125:30
    at NoopContextManager.with (D:\video downloader\node_modules\@opentelemetry\api\build\src\context\NoopContextManager.js:14:19)
    at ContextAPI.with (D:\video downloader\node_modules\@opentelemetry\api\build\src\api\context.js:51:46)
    at NoopTracer.startActiveSpan (D:\video downloader\node_modules\@opentelemetry\api\build\src\trace\NoopTracer.js:54:31)
    at ProxyTracer.startActiveSpan (D:\video downloader\node_modules\@opentelemetry\api\build\src\trace\ProxyTracer.js:27:24)
    at EnabledTraceUtil.startActiveSpan (D:\video downloader\node_modules\@google-cloud\firestore\build\src\telemetry\enabled-trace-util.js:117:28)
    at WriteBatch.commit (D:\video downloader\node_modules\@google-cloud\firestore\build\src\write-batch.js:440:43)
    at D:\video downloader\node_modules\@google-cloud\firestore\build\src\reference\document-reference.js:353:31
    at D:\video downloader\node_modules\@google-cloud\firestore\build\src\telemetry\enabled-trace-util.js:125:30
2026-06-19 20:04:40 [debug]: Quota recorded for ::1: 2/3
2026-06-19 20:04:40 [debug]: POST / 200 7159ms — ::1
2026-06-19 20:04:43 [error]: Error: 7 PERMISSION_DENIED: Cloud Firestore API has not been used in project video-downloader-fd8ef before or it is disabled. Enable it by visiting https://console.developers.google.com/apis/api/firestore.googleapis.com/overview?project=video-downloader-fd8ef then retry. If you enabled this API recently, wait a few minutes for the action to propagate to our systems and retry.
    at callErrorFromStatus (D:\video downloader\node_modules\@grpc\grpc-js\build\src\call.js:32:19)
    at Object.onReceiveStatus (D:\video downloader\node_modules\@grpc\grpc-js\build\src\client.js:359:73)
    at Object.onReceiveStatus (D:\video downloader\node_modules\@grpc\grpc-js\build\src\client-interceptors.js:327:181)
    at D:\video downloader\node_modules\@grpc\grpc-js\build\src\resolving-call.js:135:78
    at process.processTicksAndRejections (node:internal/process/task_queues:85:11)
for call at
    at ServiceClientImpl.makeServerStreamRequest (D:\video downloader\node_modules\@grpc\grpc-js\build\src\client.js:342:32)
    at ServiceClientImpl.<anonymous> (D:\video downloader\node_modules\@grpc\grpc-js\build\src\make-client.js:105:19)
    at D:\video downloader\node_modules\@google-cloud\firestore\build\src\v1\firestore_client.js:257:29
    at D:\video downloader\node_modules\google-gax\build\src\streamingCalls\streamingApiCaller.js:39:28
    at D:\video downloader\node_modules\google-gax\build\src\normalCalls\timeout.js:44:16
    at Object.request (D:\video downloader\node_modules\google-gax\build\src\streamingCalls\streaming.js:248:40)
    at makeRequest (D:\video downloader\node_modules\google-gax\node_modules\retry-request\index.js:159:28)
    at retryRequest (D:\video downloader\node_modules\google-gax\node_modules\retry-request\index.js:119:5)
    at StreamProxy.setStream (D:\video downloader\node_modules\google-gax\build\src\streamingCalls\streaming.js:239:37)
    at StreamingApiCaller.call (D:\video downloader\node_modules\google-gax\build\src\streamingCalls\streamingApiCaller.js:55:16)
Caused by: Error
    at D:\video downloader\node_modules\@google-cloud\firestore\build\src\index.js:1097:27
    at D:\video downloader\node_modules\@google-cloud\firestore\build\src\telemetry\enabled-trace-util.js:125:30
    at NoopContextManager.with (D:\video downloader\node_modules\@opentelemetry\api\build\src\context\NoopContextManager.js:14:19)
    at ContextAPI.with (D:\video downloader\node_modules\@opentelemetry\api\build\src\api\context.js:51:46)
    at NoopTracer.startActiveSpan (D:\video downloader\node_modules\@opentelemetry\api\build\src\trace\NoopTracer.js:54:31)
    at ProxyTracer.startActiveSpan (D:\video downloader\node_modules\@opentelemetry\api\build\src\trace\ProxyTracer.js:27:24)
    at EnabledTraceUtil.startActiveSpan (D:\video downloader\node_modules\@google-cloud\firestore\build\src\telemetry\enabled-trace-util.js:117:28)
    at Firestore.getAll (D:\video downloader\node_modules\@google-cloud\firestore\build\src\index.js:1088:32)
    at D:\video downloader\node_modules\@google-cloud\firestore\build\src\reference\document-reference.js:185:36
    at D:\video downloader\node_modules\@google-cloud\firestore\build\src\telemetry\enabled-trace-util.js:125:30
2026-06-19 20:04:43 [warn]: POST / 403 85ms — ::1
2026-06-19 20:05:30 [info]: [yt-dlp] Extracting info: https://www.youtube.com/watch?v=jNQXAC9IVRw
2026-06-19 20:05:30 [info]: [yt-dlp] Injecting firefox cookies for extraction
2026-06-19 20:05:27 [info]: Firebase Admin SDK initialized for project: video-downloader-fd8ef
2026-06-19 20:05:31 [info]: ✅ yt-dlp found: v2026.06.09
2026-06-19 20:05:31 [info]: ✅ FFmpeg found: ffmpeg version 6.1.1-essentials_build-www.gyan.dev Copyright (c) 2000-2023 the FFmpeg developers
2026-06-19 20:05:31 [info]: 
🚀 Video Downloader API running at http://localhost:3000
2026-06-19 20:05:31 [info]:    Environment: development
2026-06-19 20:05:31 [info]:    Open http://localhost:3000 in your browser

2026-06-19 20:05:32 [error]: Error: The password must be a string with at least 6 characters.
    at validateCreateEditRequest (D:\video downloader\node_modules\firebase-admin\lib\auth\auth-api-request.js:369:15)
    at D:\video downloader\node_modules\firebase-admin\lib\auth\auth-api-request.js:677:5
    at D:\video downloader\node_modules\firebase-admin\lib\auth\auth-api-request.js:1672:17
    at process.processTicksAndRejections (node:internal/process/task_queues:104:5)
    at async seedAdminUser (D:\video downloader\server\services\firebase.js:62:22)
2026-06-19 20:05:34 [info]: [yt-dlp] Extracted "Me at the zoo" — 11 formats found.
2026-06-19 20:05:34 [debug]: Quota recorded for ::1: 3/3
2026-06-19 20:05:34 [debug]: POST / 200 4292ms — ::1
2026-06-19 20:05:34 [warn]: POST / 403 2ms — ::1
2026-06-19 20:06:29 [info]: Firebase Admin SDK initialized for project: video-downloader-fd8ef
2026-06-19 20:06:30 [error]: Error: The password must be a string with at least 6 characters.
    at validateCreateEditRequest (D:\video downloader\node_modules\firebase-admin\lib\auth\auth-api-request.js:369:15)
    at D:\video downloader\node_modules\firebase-admin\lib\auth\auth-api-request.js:677:5
    at D:\video downloader\node_modules\firebase-admin\lib\auth\auth-api-request.js:1672:17
    at process.processTicksAndRejections (node:internal/process/task_queues:104:5)
    at async seedAdminUser (D:\video downloader\server\services\firebase.js:62:22)
2026-06-19 20:06:30 [info]: ✅ yt-dlp found: v2026.06.09
2026-06-19 20:06:30 [info]: ✅ FFmpeg found: ffmpeg version 6.1.1-essentials_build-www.gyan.dev Copyright (c) 2000-2023 the FFmpeg developers
2026-06-19 20:06:30 [info]: 
🚀 Video Downloader API running at http://localhost:3000
2026-06-19 20:06:30 [info]:    Environment: development
2026-06-19 20:06:30 [info]:    Open http://localhost:3000 in your browser

2026-06-19 20:08:19 [info]: Firebase Admin SDK initialized for project: video-downloader-fd8ef
2026-06-19 20:08:20 [info]: ✅ yt-dlp found: v2026.06.09
2026-06-19 20:08:20 [info]: ✅ FFmpeg found: ffmpeg version 6.1.1-essentials_build-www.gyan.dev Copyright (c) 2000-2023 the FFmpeg developers
2026-06-19 20:08:20 [info]: 
🚀 Video Downloader API running at http://localhost:3000
2026-06-19 20:08:20 [info]:    Environment: development
2026-06-19 20:08:20 [info]:    Open http://localhost:3000 in your browser

2026-06-19 20:08:21 [info]: Successfully created admin user arjitdaga@example.com in Firebase Auth.
2026-06-19 20:08:22 [error]: Error: 7 PERMISSION_DENIED: Cloud Firestore API has not been used in project video-downloader-fd8ef before or it is disabled. Enable it by visiting https://console.developers.google.com/apis/api/firestore.googleapis.com/overview?project=video-downloader-fd8ef then retry. If you enabled this API recently, wait a few minutes for the action to propagate to our systems and retry.
    at callErrorFromStatus (D:\video downloader\node_modules\@grpc\grpc-js\build\src\call.js:32:19)
    at Object.onReceiveStatus (D:\video downloader\node_modules\@grpc\grpc-js\build\src\client.js:193:76)
    at Object.onReceiveStatus (D:\video downloader\node_modules\@grpc\grpc-js\build\src\client-interceptors.js:367:141)
    at Object.onReceiveStatus (D:\video downloader\node_modules\@grpc\grpc-js\build\src\client-interceptors.js:327:181)
    at D:\video downloader\node_modules\@grpc\grpc-js\build\src\resolving-call.js:135:78
    at process.processTicksAndRejections (node:internal/process/task_queues:85:11)
for call at
    at ServiceClientImpl.makeUnaryRequest (D:\video downloader\node_modules\@grpc\grpc-js\build\src\client.js:161:32)
    at ServiceClientImpl.<anonymous> (D:\video downloader\node_modules\@grpc\grpc-js\build\src\make-client.js:105:19)
    at D:\video downloader\node_modules\@google-cloud\firestore\build\src\v1\firestore_client.js:257:29
    at D:\video downloader\node_modules\google-gax\build\src\normalCalls\timeout.js:44:16
    at repeat (D:\video downloader\node_modules\google-gax\build\src\normalCalls\retries.js:114:25)
    at D:\video downloader\node_modules\google-gax\build\src\normalCalls\retries.js:156:13
    at OngoingCallPromise.call (D:\video downloader\node_modules\google-gax\build\src\call.js:70:27)
    at NormalApiCaller.call (D:\video downloader\node_modules\google-gax\build\src\normalCalls\normalApiCaller.js:34:19)
    at D:\video downloader\node_modules\google-gax\build\src\createApiCall.js:110:30
    at process.processTicksAndRejections (node:internal/process/task_queues:104:5)
Caused by: Error
    at _firestore._traceUtil.startActiveSpan (D:\video downloader\node_modules\@google-cloud\firestore\build\src\write-batch.js:442:27)
    at D:\video downloader\node_modules\@google-cloud\firestore\build\src\telemetry\enabled-trace-util.js:125:30
    at NoopContextManager.with (D:\video downloader\node_modules\@opentelemetry\api\build\src\context\NoopContextManager.js:14:19)
    at ContextAPI.with (D:\video downloader\node_modules\@opentelemetry\api\build\src\api\context.js:51:46)
    at NoopTracer.startActiveSpan (D:\video downloader\node_modules\@opentelemetry\api\build\src\trace\NoopTracer.js:54:31)
    at ProxyTracer.startActiveSpan (D:\video downloader\node_modules\@opentelemetry\api\build\src\trace\ProxyTracer.js:27:24)
    at EnabledTraceUtil.startActiveSpan (D:\video downloader\node_modules\@google-cloud\firestore\build\src\telemetry\enabled-trace-util.js:117:28)
    at WriteBatch.commit (D:\video downloader\node_modules\@google-cloud\firestore\build\src\write-batch.js:440:43)
    at D:\video downloader\node_modules\@google-cloud\firestore\build\src\reference\document-reference.js:353:31
    at D:\video downloader\node_modules\@google-cloud\firestore\build\src\telemetry\enabled-trace-util.js:125:30
2026-06-19 20:08:57 [debug]: GET / 200 8ms — ::1
2026-06-19 20:08:57 [debug]: GET /css/styles.css 200 21ms — ::1
2026-06-19 20:08:57 [debug]: GET /js/api.js 200 19ms — ::1
2026-06-19 20:08:57 [debug]: GET /js/auth.js 200 19ms — ::1
2026-06-19 20:08:57 [debug]: GET /js/ui.js 200 21ms — ::1
2026-06-19 20:08:57 [debug]: GET /js/app.js 200 24ms — ::1
2026-06-19 20:08:58 [debug]: GET /api/config 200 2ms — ::1
2026-06-19 20:08:59 [debug]: GET /favicon.ico 200 7ms — ::1
2026-06-19 20:09:23 [error]: Error: 7 PERMISSION_DENIED: Cloud Firestore API has not been used in project video-downloader-fd8ef before or it is disabled. Enable it by visiting https://console.developers.google.com/apis/api/firestore.googleapis.com/overview?project=video-downloader-fd8ef then retry. If you enabled this API recently, wait a few minutes for the action to propagate to our systems and retry.
    at callErrorFromStatus (D:\video downloader\node_modules\@grpc\grpc-js\build\src\call.js:32:19)
    at Object.onReceiveStatus (D:\video downloader\node_modules\@grpc\grpc-js\build\src\client.js:193:76)
    at Object.onReceiveStatus (D:\video downloader\node_modules\@grpc\grpc-js\build\src\client-interceptors.js:367:141)
    at Object.onReceiveStatus (D:\video downloader\node_modules\@grpc\grpc-js\build\src\client-interceptors.js:327:181)
    at D:\video downloader\node_modules\@grpc\grpc-js\build\src\resolving-call.js:135:78
    at process.processTicksAndRejections (node:internal/process/task_queues:85:11)
for call at
    at ServiceClientImpl.makeUnaryRequest (D:\video downloader\node_modules\@grpc\grpc-js\build\src\client.js:161:32)
    at ServiceClientImpl.<anonymous> (D:\video downloader\node_modules\@grpc\grpc-js\build\src\make-client.js:105:19)
    at D:\video downloader\node_modules\@google-cloud\firestore\build\src\v1\firestore_client.js:257:29
    at D:\video downloader\node_modules\google-gax\build\src\normalCalls\timeout.js:44:16
    at repeat (D:\video downloader\node_modules\google-gax\build\src\normalCalls\retries.js:114:25)
    at D:\video downloader\node_modules\google-gax\build\src\normalCalls\retries.js:156:13
    at OngoingCallPromise.call (D:\video downloader\node_modules\google-gax\build\src\call.js:70:27)
    at NormalApiCaller.call (D:\video downloader\node_modules\google-gax\build\src\normalCalls\normalApiCaller.js:34:19)
    at D:\video downloader\node_modules\google-gax\build\src\createApiCall.js:110:30
    at process.processTicksAndRejections (node:internal/process/task_queues:104:5)
Caused by: Error
    at _firestore._traceUtil.startActiveSpan (D:\video downloader\node_modules\@google-cloud\firestore\build\src\write-batch.js:442:27)
    at D:\video downloader\node_modules\@google-cloud\firestore\build\src\telemetry\enabled-trace-util.js:125:30
    at NoopContextManager.with (D:\video downloader\node_modules\@opentelemetry\api\build\src\context\NoopContextManager.js:14:19)
    at ContextAPI.with (D:\video downloader\node_modules\@opentelemetry\api\build\src\api\context.js:51:46)
    at NoopTracer.startActiveSpan (D:\video downloader\node_modules\@opentelemetry\api\build\src\trace\NoopTracer.js:54:31)
    at ProxyTracer.startActiveSpan (D:\video downloader\node_modules\@opentelemetry\api\build\src\trace\ProxyTracer.js:27:24)
    at EnabledTraceUtil.startActiveSpan (D:\video downloader\node_modules\@google-cloud\firestore\build\src\telemetry\enabled-trace-util.js:117:28)
    at WriteBatch.commit (D:\video downloader\node_modules\@google-cloud\firestore\build\src\write-batch.js:440:43)
    at D:\video downloader\node_modules\@google-cloud\firestore\build\src\reference\document-reference.js:353:31
    at D:\video downloader\node_modules\@google-cloud\firestore\build\src\telemetry\enabled-trace-util.js:125:30
2026-06-19 20:09:23 [error]: Error: 7 PERMISSION_DENIED: Cloud Firestore API has not been used in project video-downloader-fd8ef before or it is disabled. Enable it by visiting https://console.developers.google.com/apis/api/firestore.googleapis.com/overview?project=video-downloader-fd8ef then retry. If you enabled this API recently, wait a few minutes for the action to propagate to our systems and retry.
    at callErrorFromStatus (D:\video downloader\node_modules\@grpc\grpc-js\build\src\call.js:32:19)
    at Object.onReceiveStatus (D:\video downloader\node_modules\@grpc\grpc-js\build\src\client.js:359:73)
    at Object.onReceiveStatus (D:\video downloader\node_modules\@grpc\grpc-js\build\src\client-interceptors.js:327:181)
    at D:\video downloader\node_modules\@grpc\grpc-js\build\src\resolving-call.js:135:78
    at process.processTicksAndRejections (node:internal/process/task_queues:85:11)
for call at
    at ServiceClientImpl.makeServerStreamRequest (D:\video downloader\node_modules\@grpc\grpc-js\build\src\client.js:342:32)
    at ServiceClientImpl.<anonymous> (D:\video downloader\node_modules\@grpc\grpc-js\build\src\make-client.js:105:19)
    at D:\video downloader\node_modules\@google-cloud\firestore\build\src\v1\firestore_client.js:257:29
    at D:\video downloader\node_modules\google-gax\build\src\streamingCalls\streamingApiCaller.js:39:28
    at D:\video downloader\node_modules\google-gax\build\src\normalCalls\timeout.js:44:16
    at Object.request (D:\video downloader\node_modules\google-gax\build\src\streamingCalls\streaming.js:248:40)
    at makeRequest (D:\video downloader\node_modules\google-gax\node_modules\retry-request\index.js:159:28)
    at retryRequest (D:\video downloader\node_modules\google-gax\node_modules\retry-request\index.js:119:5)
    at StreamProxy.setStream (D:\video downloader\node_modules\google-gax\build\src\streamingCalls\streaming.js:239:37)
    at StreamingApiCaller.call (D:\video downloader\node_modules\google-gax\build\src\streamingCalls\streamingApiCaller.js:55:16)
Caused by: Error
    at D:\video downloader\node_modules\@google-cloud\firestore\build\src\index.js:1097:27
    at D:\video downloader\node_modules\@google-cloud\firestore\build\src\telemetry\enabled-trace-util.js:125:30
    at NoopContextManager.with (D:\video downloader\node_modules\@opentelemetry\api\build\src\context\NoopContextManager.js:14:19)
    at ContextAPI.with (D:\video downloader\node_modules\@opentelemetry\api\build\src\api\context.js:51:46)
    at NoopTracer.startActiveSpan (D:\video downloader\node_modules\@opentelemetry\api\build\src\trace\NoopTracer.js:54:31)
    at ProxyTracer.startActiveSpan (D:\video downloader\node_modules\@opentelemetry\api\build\src\trace\ProxyTracer.js:27:24)
    at EnabledTraceUtil.startActiveSpan (D:\video downloader\node_modules\@google-cloud\firestore\build\src\telemetry\enabled-trace-util.js:117:28)
    at Firestore.getAll (D:\video downloader\node_modules\@google-cloud\firestore\build\src\index.js:1088:32)
    at D:\video downloader\node_modules\@google-cloud\firestore\build\src\reference\document-reference.js:185:36
    at D:\video downloader\node_modules\@google-cloud\firestore\build\src\telemetry\enabled-trace-util.js:125:30
2026-06-19 20:09:23 [error]: Error: 7 PERMISSION_DENIED: Cloud Firestore API has not been used in project video-downloader-fd8ef before or it is disabled. Enable it by visiting https://console.developers.google.com/apis/api/firestore.googleapis.com/overview?project=video-downloader-fd8ef then retry. If you enabled this API recently, wait a few minutes for the action to propagate to our systems and retry.
    at callErrorFromStatus (D:\video downloader\node_modules\@grpc\grpc-js\build\src\call.js:32:19)
    at Object.onReceiveStatus (D:\video downloader\node_modules\@grpc\grpc-js\build\src\client.js:359:73)
    at Object.onReceiveStatus (D:\video downloader\node_modules\@grpc\grpc-js\build\src\client-interceptors.js:327:181)
    at D:\video downloader\node_modules\@grpc\grpc-js\build\src\resolving-call.js:135:78
    at process.processTicksAndRejections (node:internal/process/task_queues:85:11)
for call at
    at ServiceClientImpl.makeServerStreamRequest (D:\video downloader\node_modules\@grpc\grpc-js\build\src\client.js:342:32)
    at ServiceClientImpl.<anonymous> (D:\video downloader\node_modules\@grpc\grpc-js\build\src\make-client.js:105:19)
    at D:\video downloader\node_modules\@google-cloud\firestore\build\src\v1\firestore_client.js:257:29
    at D:\video downloader\node_modules\google-gax\build\src\streamingCalls\streamingApiCaller.js:39:28
    at D:\video downloader\node_modules\google-gax\build\src\normalCalls\timeout.js:44:16
    at Object.request (D:\video downloader\node_modules\google-gax\build\src\streamingCalls\streaming.js:248:40)
    at makeRequest (D:\video downloader\node_modules\google-gax\node_modules\retry-request\index.js:159:28)
    at retryRequest (D:\video downloader\node_modules\google-gax\node_modules\retry-request\index.js:119:5)
    at StreamProxy.setStream (D:\video downloader\node_modules\google-gax\build\src\streamingCalls\streaming.js:239:37)
    at StreamingApiCaller.call (D:\video downloader\node_modules\google-gax\build\src\streamingCalls\streamingApiCaller.js:55:16)
Caused by: Error
    at D:\video downloader\node_modules\@google-cloud\firestore\build\src\index.js:1097:27
    at D:\video downloader\node_modules\@google-cloud\firestore\build\src\telemetry\enabled-trace-util.js:125:30
    at NoopContextManager.with (D:\video downloader\node_modules\@opentelemetry\api\build\src\context\NoopContextManager.js:14:19)
    at ContextAPI.with (D:\video downloader\node_modules\@opentelemetry\api\build\src\api\context.js:51:46)
    at NoopTracer.startActiveSpan (D:\video downloader\node_modules\@opentelemetry\api\build\src\trace\NoopTracer.js:54:31)
    at ProxyTracer.startActiveSpan (D:\video downloader\node_modules\@opentelemetry\api\build\src\trace\ProxyTracer.js:27:24)
    at EnabledTraceUtil.startActiveSpan (D:\video downloader\node_modules\@google-cloud\firestore\build\src\telemetry\enabled-trace-util.js:117:28)
    at Firestore.getAll (D:\video downloader\node_modules\@google-cloud\firestore\build\src\index.js:1088:32)
    at D:\video downloader\node_modules\@google-cloud\firestore\build\src\reference\document-reference.js:185:36
    at D:\video downloader\node_modules\@google-cloud\firestore\build\src\telemetry\enabled-trace-util.js:125:30
2026-06-19 20:09:23 [debug]: [Auth] Token verified: uid=VxlLrNpocffZ6GxookNgFXT6bC83 tier=free
2026-06-19 20:09:23 [debug]: POST /verify 200 735ms — ::1
2026-06-19 20:09:41 [error]: Error: 7 PERMISSION_DENIED: Cloud Firestore API has not been used in project video-downloader-fd8ef before or it is disabled. Enable it by visiting https://console.developers.google.com/apis/api/firestore.googleapis.com/overview?project=video-downloader-fd8ef then retry. If you enabled this API recently, wait a few minutes for the action to propagate to our systems and retry.
    at callErrorFromStatus (D:\video downloader\node_modules\@grpc\grpc-js\build\src\call.js:32:19)
    at Object.onReceiveStatus (D:\video downloader\node_modules\@grpc\grpc-js\build\src\client.js:359:73)
    at Object.onReceiveStatus (D:\video downloader\node_modules\@grpc\grpc-js\build\src\client-interceptors.js:327:181)
    at D:\video downloader\node_modules\@grpc\grpc-js\build\src\resolving-call.js:135:78
    at process.processTicksAndRejections (node:internal/process/task_queues:85:11)
for call at
    at ServiceClientImpl.makeServerStreamRequest (D:\video downloader\node_modules\@grpc\grpc-js\build\src\client.js:342:32)
    at ServiceClientImpl.<anonymous> (D:\video downloader\node_modules\@grpc\grpc-js\build\src\make-client.js:105:19)
    at D:\video downloader\node_modules\@google-cloud\firestore\build\src\v1\firestore_client.js:257:29
    at D:\video downloader\node_modules\google-gax\build\src\streamingCalls\streamingApiCaller.js:39:28
    at D:\video downloader\node_modules\google-gax\build\src\normalCalls\timeout.js:44:16
    at Object.request (D:\video downloader\node_modules\google-gax\build\src\streamingCalls\streaming.js:248:40)
    at makeRequest (D:\video downloader\node_modules\google-gax\node_modules\retry-request\index.js:159:28)
    at retryRequest (D:\video downloader\node_modules\google-gax\node_modules\retry-request\index.js:119:5)
    at StreamProxy.setStream (D:\video downloader\node_modules\google-gax\build\src\streamingCalls\streaming.js:239:37)
    at StreamingApiCaller.call (D:\video downloader\node_modules\google-gax\build\src\streamingCalls\streamingApiCaller.js:55:16)
Caused by: Error
    at D:\video downloader\node_modules\@google-cloud\firestore\build\src\index.js:1097:27
    at D:\video downloader\node_modules\@google-cloud\firestore\build\src\telemetry\enabled-trace-util.js:125:30
    at NoopContextManager.with (D:\video downloader\node_modules\@opentelemetry\api\build\src\context\NoopContextManager.js:14:19)
    at ContextAPI.with (D:\video downloader\node_modules\@opentelemetry\api\build\src\api\context.js:51:46)
    at NoopTracer.startActiveSpan (D:\video downloader\node_modules\@opentelemetry\api\build\src\trace\NoopTracer.js:54:31)
    at ProxyTracer.startActiveSpan (D:\video downloader\node_modules\@opentelemetry\api\build\src\trace\ProxyTracer.js:27:24)
    at EnabledTraceUtil.startActiveSpan (D:\video downloader\node_modules\@google-cloud\firestore\build\src\telemetry\enabled-trace-util.js:117:28)
    at Firestore.getAll (D:\video downloader\node_modules\@google-cloud\firestore\build\src\index.js:1088:32)
    at D:\video downloader\node_modules\@google-cloud\firestore\build\src\reference\document-reference.js:185:36
    at D:\video downloader\node_modules\@google-cloud\firestore\build\src\telemetry\enabled-trace-util.js:125:30
2026-06-19 20:09:41 [debug]: Auth: uid=VxlLrNpocffZ6GxookNgFXT6bC83 tier=free
2026-06-19 20:09:42 [error]: Error: 7 PERMISSION_DENIED: Cloud Firestore API has not been used in project video-downloader-fd8ef before or it is disabled. Enable it by visiting https://console.developers.google.com/apis/api/firestore.googleapis.com/overview?project=video-downloader-fd8ef then retry. If you enabled this API recently, wait a few minutes for the action to propagate to our systems and retry.
    at callErrorFromStatus (D:\video downloader\node_modules\@grpc\grpc-js\build\src\call.js:32:19)
    at Object.onReceiveStatus (D:\video downloader\node_modules\@grpc\grpc-js\build\src\client.js:359:73)
    at Object.onReceiveStatus (D:\video downloader\node_modules\@grpc\grpc-js\build\src\client-interceptors.js:327:181)
    at D:\video downloader\node_modules\@grpc\grpc-js\build\src\resolving-call.js:135:78
    at process.processTicksAndRejections (node:internal/process/task_queues:85:11)
for call at
    at ServiceClientImpl.makeServerStreamRequest (D:\video downloader\node_modules\@grpc\grpc-js\build\src\client.js:342:32)
    at ServiceClientImpl.<anonymous> (D:\video downloader\node_modules\@grpc\grpc-js\build\src\make-client.js:105:19)
    at D:\video downloader\node_modules\@google-cloud\firestore\build\src\v1\firestore_client.js:257:29
    at D:\video downloader\node_modules\google-gax\build\src\streamingCalls\streamingApiCaller.js:39:28
    at D:\video downloader\node_modules\google-gax\build\src\normalCalls\timeout.js:44:16
    at Object.request (D:\video downloader\node_modules\google-gax\build\src\streamingCalls\streaming.js:248:40)
    at makeRequest (D:\video downloader\node_modules\google-gax\node_modules\retry-request\index.js:159:28)
    at retryRequest (D:\video downloader\node_modules\google-gax\node_modules\retry-request\index.js:119:5)
    at StreamProxy.setStream (D:\video downloader\node_modules\google-gax\build\src\streamingCalls\streaming.js:239:37)
    at StreamingApiCaller.call (D:\video downloader\node_modules\google-gax\build\src\streamingCalls\streamingApiCaller.js:55:16)
Caused by: Error
    at D:\video downloader\node_modules\@google-cloud\firestore\build\src\index.js:1097:27
    at D:\video downloader\node_modules\@google-cloud\firestore\build\src\telemetry\enabled-trace-util.js:125:30
    at NoopContextManager.with (D:\video downloader\node_modules\@opentelemetry\api\build\src\context\NoopContextManager.js:14:19)
    at ContextAPI.with (D:\video downloader\node_modules\@opentelemetry\api\build\src\api\context.js:51:46)
    at NoopTracer.startActiveSpan (D:\video downloader\node_modules\@opentelemetry\api\build\src\trace\NoopTracer.js:54:31)
    at ProxyTracer.startActiveSpan (D:\video downloader\node_modules\@opentelemetry\api\build\src\trace\ProxyTracer.js:27:24)
    at EnabledTraceUtil.startActiveSpan (D:\video downloader\node_modules\@google-cloud\firestore\build\src\telemetry\enabled-trace-util.js:117:28)
    at Firestore.getAll (D:\video downloader\node_modules\@google-cloud\firestore\build\src\index.js:1088:32)
    at D:\video downloader\node_modules\@google-cloud\firestore\build\src\reference\document-reference.js:185:36
    at D:\video downloader\node_modules\@google-cloud\firestore\build\src\telemetry\enabled-trace-util.js:125:30
2026-06-19 20:09:42 [warn]: Firestore daily usage check failed. Falling back to IP-based quota for UID VxlLrNpocffZ6GxookNgFXT6bC83 (IP: ::1)
2026-06-19 20:09:42 [info]: Quota exceeded for UID VxlLrNpocffZ6GxookNgFXT6bC83: 3/3
2026-06-19 20:09:42 [warn]: POST / 429 235ms — ::1
2026-06-19 20:09:49 [error]: Error: 7 PERMISSION_DENIED: Cloud Firestore API has not been used in project video-downloader-fd8ef before or it is disabled. Enable it by visiting https://console.developers.google.com/apis/api/firestore.googleapis.com/overview?project=video-downloader-fd8ef then retry. If you enabled this API recently, wait a few minutes for the action to propagate to our systems and retry.
    at callErrorFromStatus (D:\video downloader\node_modules\@grpc\grpc-js\build\src\call.js:32:19)
    at Object.onReceiveStatus (D:\video downloader\node_modules\@grpc\grpc-js\build\src\client.js:359:73)
    at Object.onReceiveStatus (D:\video downloader\node_modules\@grpc\grpc-js\build\src\client-interceptors.js:327:181)
    at D:\video downloader\node_modules\@grpc\grpc-js\build\src\resolving-call.js:135:78
    at process.processTicksAndRejections (node:internal/process/task_queues:85:11)
for call at
    at ServiceClientImpl.makeServerStreamRequest (D:\video downloader\node_modules\@grpc\grpc-js\build\src\client.js:342:32)
    at ServiceClientImpl.<anonymous> (D:\video downloader\node_modules\@grpc\grpc-js\build\src\make-client.js:105:19)
    at D:\video downloader\node_modules\@google-cloud\firestore\build\src\v1\firestore_client.js:257:29
    at D:\video downloader\node_modules\google-gax\build\src\streamingCalls\streamingApiCaller.js:39:28
    at D:\video downloader\node_modules\google-gax\build\src\normalCalls\timeout.js:44:16
    at Object.request (D:\video downloader\node_modules\google-gax\build\src\streamingCalls\streaming.js:248:40)
    at makeRequest (D:\video downloader\node_modules\google-gax\node_modules\retry-request\index.js:159:28)
    at retryRequest (D:\video downloader\node_modules\google-gax\node_modules\retry-request\index.js:119:5)
    at StreamProxy.setStream (D:\video downloader\node_modules\google-gax\build\src\streamingCalls\streaming.js:239:37)
    at StreamingApiCaller.call (D:\video downloader\node_modules\google-gax\build\src\streamingCalls\streamingApiCaller.js:55:16)
Caused by: Error
    at D:\video downloader\node_modules\@google-cloud\firestore\build\src\index.js:1097:27
    at D:\video downloader\node_modules\@google-cloud\firestore\build\src\telemetry\enabled-trace-util.js:125:30
    at NoopContextManager.with (D:\video downloader\node_modules\@opentelemetry\api\build\src\context\NoopContextManager.js:14:19)
    at ContextAPI.with (D:\video downloader\node_modules\@opentelemetry\api\build\src\api\context.js:51:46)
    at NoopTracer.startActiveSpan (D:\video downloader\node_modules\@opentelemetry\api\build\src\trace\NoopTracer.js:54:31)
    at ProxyTracer.startActiveSpan (D:\video downloader\node_modules\@opentelemetry\api\build\src\trace\ProxyTracer.js:27:24)
    at EnabledTraceUtil.startActiveSpan (D:\video downloader\node_modules\@google-cloud\firestore\build\src\telemetry\enabled-trace-util.js:117:28)
    at Firestore.getAll (D:\video downloader\node_modules\@google-cloud\firestore\build\src\index.js:1088:32)
    at D:\video downloader\node_modules\@google-cloud\firestore\build\src\reference\document-reference.js:185:36
    at D:\video downloader\node_modules\@google-cloud\firestore\build\src\telemetry\enabled-trace-util.js:125:30
2026-06-19 20:09:49 [debug]: Auth: uid=VxlLrNpocffZ6GxookNgFXT6bC83 tier=free
2026-06-19 20:09:49 [error]: Error: 7 PERMISSION_DENIED: Cloud Firestore API has not been used in project video-downloader-fd8ef before or it is disabled. Enable it by visiting https://console.developers.google.com/apis/api/firestore.googleapis.com/overview?project=video-downloader-fd8ef then retry. If you enabled this API recently, wait a few minutes for the action to propagate to our systems and retry.
    at callErrorFromStatus (D:\video downloader\node_modules\@grpc\grpc-js\build\src\call.js:32:19)
    at Object.onReceiveStatus (D:\video downloader\node_modules\@grpc\grpc-js\build\src\client.js:359:73)
    at Object.onReceiveStatus (D:\video downloader\node_modules\@grpc\grpc-js\build\src\client-interceptors.js:327:181)
    at D:\video downloader\node_modules\@grpc\grpc-js\build\src\resolving-call.js:135:78
    at process.processTicksAndRejections (node:internal/process/task_queues:85:11)
for call at
    at ServiceClientImpl.makeServerStreamRequest (D:\video downloader\node_modules\@grpc\grpc-js\build\src\client.js:342:32)
    at ServiceClientImpl.<anonymous> (D:\video downloader\node_modules\@grpc\grpc-js\build\src\make-client.js:105:19)
    at D:\video downloader\node_modules\@google-cloud\firestore\build\src\v1\firestore_client.js:257:29
    at D:\video downloader\node_modules\google-gax\build\src\streamingCalls\streamingApiCaller.js:39:28
    at D:\video downloader\node_modules\google-gax\build\src\normalCalls\timeout.js:44:16
    at Object.request (D:\video downloader\node_modules\google-gax\build\src\streamingCalls\streaming.js:248:40)
    at makeRequest (D:\video downloader\node_modules\google-gax\node_modules\retry-request\index.js:159:28)
    at retryRequest (D:\video downloader\node_modules\google-gax\node_modules\retry-request\index.js:119:5)
    at StreamProxy.setStream (D:\video downloader\node_modules\google-gax\build\src\streamingCalls\streaming.js:239:37)
    at StreamingApiCaller.call (D:\video downloader\node_modules\google-gax\build\src\streamingCalls\streamingApiCaller.js:55:16)
Caused by: Error
    at D:\video downloader\node_modules\@google-cloud\firestore\build\src\index.js:1097:27
    at D:\video downloader\node_modules\@google-cloud\firestore\build\src\telemetry\enabled-trace-util.js:125:30
    at NoopContextManager.with (D:\video downloader\node_modules\@opentelemetry\api\build\src\context\NoopContextManager.js:14:19)
    at ContextAPI.with (D:\video downloader\node_modules\@opentelemetry\api\build\src\api\context.js:51:46)
    at NoopTracer.startActiveSpan (D:\video downloader\node_modules\@opentelemetry\api\build\src\trace\NoopTracer.js:54:31)
    at ProxyTracer.startActiveSpan (D:\video downloader\node_modules\@opentelemetry\api\build\src\trace\ProxyTracer.js:27:24)
    at EnabledTraceUtil.startActiveSpan (D:\video downloader\node_modules\@google-cloud\firestore\build\src\telemetry\enabled-trace-util.js:117:28)
    at Firestore.getAll (D:\video downloader\node_modules\@google-cloud\firestore\build\src\index.js:1088:32)
    at D:\video downloader\node_modules\@google-cloud\firestore\build\src\reference\document-reference.js:185:36
    at D:\video downloader\node_modules\@google-cloud\firestore\build\src\telemetry\enabled-trace-util.js:125:30
2026-06-19 20:09:49 [warn]: Firestore daily usage check failed. Falling back to IP-based quota for UID VxlLrNpocffZ6GxookNgFXT6bC83 (IP: ::1)
2026-06-19 20:09:49 [info]: Quota exceeded for UID VxlLrNpocffZ6GxookNgFXT6bC83: 3/3
2026-06-19 20:09:49 [warn]: POST / 429 171ms — ::1
2026-06-19 20:13:46 [debug]: GET / 200 5ms — ::1
2026-06-19 20:13:46 [debug]: GET /css/styles.css 200 9ms — ::1
2026-06-19 20:13:46 [debug]: GET /js/api.js 200 11ms — ::1
2026-06-19 20:13:46 [debug]: GET /js/auth.js 200 11ms — ::1
2026-06-19 20:13:46 [debug]: GET /js/app.js 200 15ms — ::1
2026-06-19 20:13:46 [debug]: GET /js/ui.js 200 10ms — ::1
2026-06-19 20:13:47 [debug]: GET /api/config 200 2ms — ::1
2026-06-19 20:13:48 [debug]: GET /favicon.ico 200 5ms — ::1
2026-06-19 20:13:54 [error]: Error: 7 PERMISSION_DENIED: Cloud Firestore API has not been used in project video-downloader-fd8ef before or it is disabled. Enable it by visiting https://console.developers.google.com/apis/api/firestore.googleapis.com/overview?project=video-downloader-fd8ef then retry. If you enabled this API recently, wait a few minutes for the action to propagate to our systems and retry.
    at callErrorFromStatus (D:\video downloader\node_modules\@grpc\grpc-js\build\src\call.js:32:19)
    at Object.onReceiveStatus (D:\video downloader\node_modules\@grpc\grpc-js\build\src\client.js:193:76)
    at Object.onReceiveStatus (D:\video downloader\node_modules\@grpc\grpc-js\build\src\client-interceptors.js:367:141)
    at Object.onReceiveStatus (D:\video downloader\node_modules\@grpc\grpc-js\build\src\client-interceptors.js:327:181)
    at D:\video downloader\node_modules\@grpc\grpc-js\build\src\resolving-call.js:135:78
    at process.processTicksAndRejections (node:internal/process/task_queues:85:11)
for call at
    at ServiceClientImpl.makeUnaryRequest (D:\video downloader\node_modules\@grpc\grpc-js\build\src\client.js:161:32)
    at ServiceClientImpl.<anonymous> (D:\video downloader\node_modules\@grpc\grpc-js\build\src\make-client.js:105:19)
    at D:\video downloader\node_modules\@google-cloud\firestore\build\src\v1\firestore_client.js:257:29
    at D:\video downloader\node_modules\google-gax\build\src\normalCalls\timeout.js:44:16
    at repeat (D:\video downloader\node_modules\google-gax\build\src\normalCalls\retries.js:114:25)
    at D:\video downloader\node_modules\google-gax\build\src\normalCalls\retries.js:156:13
    at OngoingCallPromise.call (D:\video downloader\node_modules\google-gax\build\src\call.js:70:27)
    at NormalApiCaller.call (D:\video downloader\node_modules\google-gax\build\src\normalCalls\normalApiCaller.js:34:19)
    at D:\video downloader\node_modules\google-gax\build\src\createApiCall.js:110:30
    at process.processTicksAndRejections (node:internal/process/task_queues:104:5)
Caused by: Error
    at _firestore._traceUtil.startActiveSpan (D:\video downloader\node_modules\@google-cloud\firestore\build\src\write-batch.js:442:27)
    at D:\video downloader\node_modules\@google-cloud\firestore\build\src\telemetry\enabled-trace-util.js:125:30
    at NoopContextManager.with (D:\video downloader\node_modules\@opentelemetry\api\build\src\context\NoopContextManager.js:14:19)
    at ContextAPI.with (D:\video downloader\node_modules\@opentelemetry\api\build\src\api\context.js:51:46)
    at NoopTracer.startActiveSpan (D:\video downloader\node_modules\@opentelemetry\api\build\src\trace\NoopTracer.js:54:31)
    at ProxyTracer.startActiveSpan (D:\video downloader\node_modules\@opentelemetry\api\build\src\trace\ProxyTracer.js:27:24)
    at EnabledTraceUtil.startActiveSpan (D:\video downloader\node_modules\@google-cloud\firestore\build\src\telemetry\enabled-trace-util.js:117:28)
    at WriteBatch.commit (D:\video downloader\node_modules\@google-cloud\firestore\build\src\write-batch.js:440:43)
    at D:\video downloader\node_modules\@google-cloud\firestore\build\src\reference\document-reference.js:353:31
    at D:\video downloader\node_modules\@google-cloud\firestore\build\src\telemetry\enabled-trace-util.js:125:30
2026-06-19 20:13:54 [error]: Error: 7 PERMISSION_DENIED: Cloud Firestore API has not been used in project video-downloader-fd8ef before or it is disabled. Enable it by visiting https://console.developers.google.com/apis/api/firestore.googleapis.com/overview?project=video-downloader-fd8ef then retry. If you enabled this API recently, wait a few minutes for the action to propagate to our systems and retry.
    at callErrorFromStatus (D:\video downloader\node_modules\@grpc\grpc-js\build\src\call.js:32:19)
    at Object.onReceiveStatus (D:\video downloader\node_modules\@grpc\grpc-js\build\src\client.js:359:73)
    at Object.onReceiveStatus (D:\video downloader\node_modules\@grpc\grpc-js\build\src\client-interceptors.js:327:181)
    at D:\video downloader\node_modules\@grpc\grpc-js\build\src\resolving-call.js:135:78
    at process.processTicksAndRejections (node:internal/process/task_queues:85:11)
for call at
    at ServiceClientImpl.makeServerStreamRequest (D:\video downloader\node_modules\@grpc\grpc-js\build\src\client.js:342:32)
    at ServiceClientImpl.<anonymous> (D:\video downloader\node_modules\@grpc\grpc-js\build\src\make-client.js:105:19)
    at D:\video downloader\node_modules\@google-cloud\firestore\build\src\v1\firestore_client.js:257:29
    at D:\video downloader\node_modules\google-gax\build\src\streamingCalls\streamingApiCaller.js:39:28
    at D:\video downloader\node_modules\google-gax\build\src\normalCalls\timeout.js:44:16
    at Object.request (D:\video downloader\node_modules\google-gax\build\src\streamingCalls\streaming.js:248:40)
    at makeRequest (D:\video downloader\node_modules\google-gax\node_modules\retry-request\index.js:159:28)
    at retryRequest (D:\video downloader\node_modules\google-gax\node_modules\retry-request\index.js:119:5)
    at StreamProxy.setStream (D:\video downloader\node_modules\google-gax\build\src\streamingCalls\streaming.js:239:37)
    at StreamingApiCaller.call (D:\video downloader\node_modules\google-gax\build\src\streamingCalls\streamingApiCaller.js:55:16)
Caused by: Error
    at D:\video downloader\node_modules\@google-cloud\firestore\build\src\index.js:1097:27
    at D:\video downloader\node_modules\@google-cloud\firestore\build\src\telemetry\enabled-trace-util.js:125:30
    at NoopContextManager.with (D:\video downloader\node_modules\@opentelemetry\api\build\src\context\NoopContextManager.js:14:19)
    at ContextAPI.with (D:\video downloader\node_modules\@opentelemetry\api\build\src\api\context.js:51:46)
    at NoopTracer.startActiveSpan (D:\video downloader\node_modules\@opentelemetry\api\build\src\trace\NoopTracer.js:54:31)
    at ProxyTracer.startActiveSpan (D:\video downloader\node_modules\@opentelemetry\api\build\src\trace\ProxyTracer.js:27:24)
    at EnabledTraceUtil.startActiveSpan (D:\video downloader\node_modules\@google-cloud\firestore\build\src\telemetry\enabled-trace-util.js:117:28)
    at Firestore.getAll (D:\video downloader\node_modules\@google-cloud\firestore\build\src\index.js:1088:32)
    at D:\video downloader\node_modules\@google-cloud\firestore\build\src\reference\document-reference.js:185:36
    at D:\video downloader\node_modules\@google-cloud\firestore\build\src\telemetry\enabled-trace-util.js:125:30
2026-06-19 20:13:54 [error]: Error: 7 PERMISSION_DENIED: Cloud Firestore API has not been used in project video-downloader-fd8ef before or it is disabled. Enable it by visiting https://console.developers.google.com/apis/api/firestore.googleapis.com/overview?project=video-downloader-fd8ef then retry. If you enabled this API recently, wait a few minutes for the action to propagate to our systems and retry.
    at callErrorFromStatus (D:\video downloader\node_modules\@grpc\grpc-js\build\src\call.js:32:19)
    at Object.onReceiveStatus (D:\video downloader\node_modules\@grpc\grpc-js\build\src\client.js:359:73)
    at Object.onReceiveStatus (D:\video downloader\node_modules\@grpc\grpc-js\build\src\client-interceptors.js:327:181)
    at D:\video downloader\node_modules\@grpc\grpc-js\build\src\resolving-call.js:135:78
    at process.processTicksAndRejections (node:internal/process/task_queues:85:11)
for call at
    at ServiceClientImpl.makeServerStreamRequest (D:\video downloader\node_modules\@grpc\grpc-js\build\src\client.js:342:32)
    at ServiceClientImpl.<anonymous> (D:\video downloader\node_modules\@grpc\grpc-js\build\src\make-client.js:105:19)
    at D:\video downloader\node_modules\@google-cloud\firestore\build\src\v1\firestore_client.js:257:29
    at D:\video downloader\node_modules\google-gax\build\src\streamingCalls\streamingApiCaller.js:39:28
    at D:\video downloader\node_modules\google-gax\build\src\normalCalls\timeout.js:44:16
    at Object.request (D:\video downloader\node_modules\google-gax\build\src\streamingCalls\streaming.js:248:40)
    at makeRequest (D:\video downloader\node_modules\google-gax\node_modules\retry-request\index.js:159:28)
    at retryRequest (D:\video downloader\node_modules\google-gax\node_modules\retry-request\index.js:119:5)
    at StreamProxy.setStream (D:\video downloader\node_modules\google-gax\build\src\streamingCalls\streaming.js:239:37)
    at StreamingApiCaller.call (D:\video downloader\node_modules\google-gax\build\src\streamingCalls\streamingApiCaller.js:55:16)
Caused by: Error
    at D:\video downloader\node_modules\@google-cloud\firestore\build\src\index.js:1097:27
    at D:\video downloader\node_modules\@google-cloud\firestore\build\src\telemetry\enabled-trace-util.js:125:30
    at NoopContextManager.with (D:\video downloader\node_modules\@opentelemetry\api\build\src\context\NoopContextManager.js:14:19)
    at ContextAPI.with (D:\video downloader\node_modules\@opentelemetry\api\build\src\api\context.js:51:46)
    at NoopTracer.startActiveSpan (D:\video downloader\node_modules\@opentelemetry\api\build\src\trace\NoopTracer.js:54:31)
    at ProxyTracer.startActiveSpan (D:\video downloader\node_modules\@opentelemetry\api\build\src\trace\ProxyTracer.js:27:24)
    at EnabledTraceUtil.startActiveSpan (D:\video downloader\node_modules\@google-cloud\firestore\build\src\telemetry\enabled-trace-util.js:117:28)
    at Firestore.getAll (D:\video downloader\node_modules\@google-cloud\firestore\build\src\index.js:1088:32)
    at D:\video downloader\node_modules\@google-cloud\firestore\build\src\reference\document-reference.js:185:36
    at D:\video downloader\node_modules\@google-cloud\firestore\build\src\telemetry\enabled-trace-util.js:125:30
2026-06-19 20:13:54 [debug]: [Auth] Token verified: uid=VxlLrNpocffZ6GxookNgFXT6bC83 tier=free
2026-06-19 20:13:54 [debug]: POST /verify 200 751ms — ::1
2026-06-19 20:14:06 [error]: Error: 7 PERMISSION_DENIED: Cloud Firestore API has not been used in project video-downloader-fd8ef before or it is disabled. Enable it by visiting https://console.developers.google.com/apis/api/firestore.googleapis.com/overview?project=video-downloader-fd8ef then retry. If you enabled this API recently, wait a few minutes for the action to propagate to our systems and retry.
    at callErrorFromStatus (D:\video downloader\node_modules\@grpc\grpc-js\build\src\call.js:32:19)
    at Object.onReceiveStatus (D:\video downloader\node_modules\@grpc\grpc-js\build\src\client.js:193:76)
    at Object.onReceiveStatus (D:\video downloader\node_modules\@grpc\grpc-js\build\src\client-interceptors.js:367:141)
    at Object.onReceiveStatus (D:\video downloader\node_modules\@grpc\grpc-js\build\src\client-interceptors.js:327:181)
    at D:\video downloader\node_modules\@grpc\grpc-js\build\src\resolving-call.js:135:78
    at process.processTicksAndRejections (node:internal/process/task_queues:85:11)
for call at
    at ServiceClientImpl.makeUnaryRequest (D:\video downloader\node_modules\@grpc\grpc-js\build\src\client.js:161:32)
    at ServiceClientImpl.<anonymous> (D:\video downloader\node_modules\@grpc\grpc-js\build\src\make-client.js:105:19)
    at D:\video downloader\node_modules\@google-cloud\firestore\build\src\v1\firestore_client.js:257:29
    at D:\video downloader\node_modules\google-gax\build\src\normalCalls\timeout.js:44:16
    at repeat (D:\video downloader\node_modules\google-gax\build\src\normalCalls\retries.js:114:25)
    at D:\video downloader\node_modules\google-gax\build\src\normalCalls\retries.js:156:13
    at OngoingCallPromise.call (D:\video downloader\node_modules\google-gax\build\src\call.js:70:27)
    at NormalApiCaller.call (D:\video downloader\node_modules\google-gax\build\src\normalCalls\normalApiCaller.js:34:19)
    at D:\video downloader\node_modules\google-gax\build\src\createApiCall.js:110:30
    at process.processTicksAndRejections (node:internal/process/task_queues:104:5)
Caused by: Error
    at _firestore._traceUtil.startActiveSpan (D:\video downloader\node_modules\@google-cloud\firestore\build\src\write-batch.js:442:27)
    at D:\video downloader\node_modules\@google-cloud\firestore\build\src\telemetry\enabled-trace-util.js:125:30
    at NoopContextManager.with (D:\video downloader\node_modules\@opentelemetry\api\build\src\context\NoopContextManager.js:14:19)
    at ContextAPI.with (D:\video downloader\node_modules\@opentelemetry\api\build\src\api\context.js:51:46)
    at NoopTracer.startActiveSpan (D:\video downloader\node_modules\@opentelemetry\api\build\src\trace\NoopTracer.js:54:31)
    at ProxyTracer.startActiveSpan (D:\video downloader\node_modules\@opentelemetry\api\build\src\trace\ProxyTracer.js:27:24)
    at EnabledTraceUtil.startActiveSpan (D:\video downloader\node_modules\@google-cloud\firestore\build\src\telemetry\enabled-trace-util.js:117:28)
    at WriteBatch.commit (D:\video downloader\node_modules\@google-cloud\firestore\build\src\write-batch.js:440:43)
    at D:\video downloader\node_modules\@google-cloud\firestore\build\src\reference\document-reference.js:353:31
    at D:\video downloader\node_modules\@google-cloud\firestore\build\src\telemetry\enabled-trace-util.js:125:30
2026-06-19 20:14:06 [debug]: [Auth] Token verified: uid=mock-uid-free-123 tier=free
2026-06-19 20:14:06 [debug]: POST /verify 200 112ms — ::1
2026-06-19 20:14:15 [error]: Error: 7 PERMISSION_DENIED: Cloud Firestore API has not been used in project video-downloader-fd8ef before or it is disabled. Enable it by visiting https://console.developers.google.com/apis/api/firestore.googleapis.com/overview?project=video-downloader-fd8ef then retry. If you enabled this API recently, wait a few minutes for the action to propagate to our systems and retry.
    at callErrorFromStatus (D:\video downloader\node_modules\@grpc\grpc-js\build\src\call.js:32:19)
    at Object.onReceiveStatus (D:\video downloader\node_modules\@grpc\grpc-js\build\src\client.js:193:76)
    at Object.onReceiveStatus (D:\video downloader\node_modules\@grpc\grpc-js\build\src\client-interceptors.js:367:141)
    at Object.onReceiveStatus (D:\video downloader\node_modules\@grpc\grpc-js\build\src\client-interceptors.js:327:181)
    at D:\video downloader\node_modules\@grpc\grpc-js\build\src\resolving-call.js:135:78
    at process.processTicksAndRejections (node:internal/process/task_queues:85:11)
for call at
    at ServiceClientImpl.makeUnaryRequest (D:\video downloader\node_modules\@grpc\grpc-js\build\src\client.js:161:32)
    at ServiceClientImpl.<anonymous> (D:\video downloader\node_modules\@grpc\grpc-js\build\src\make-client.js:105:19)
    at D:\video downloader\node_modules\@google-cloud\firestore\build\src\v1\firestore_client.js:257:29
    at D:\video downloader\node_modules\google-gax\build\src\normalCalls\timeout.js:44:16
    at repeat (D:\video downloader\node_modules\google-gax\build\src\normalCalls\retries.js:114:25)
    at D:\video downloader\node_modules\google-gax\build\src\normalCalls\retries.js:156:13
    at OngoingCallPromise.call (D:\video downloader\node_modules\google-gax\build\src\call.js:70:27)
    at NormalApiCaller.call (D:\video downloader\node_modules\google-gax\build\src\normalCalls\normalApiCaller.js:34:19)
    at D:\video downloader\node_modules\google-gax\build\src\createApiCall.js:110:30
    at process.processTicksAndRejections (node:internal/process/task_queues:104:5)
Caused by: Error
    at _firestore._traceUtil.startActiveSpan (D:\video downloader\node_modules\@google-cloud\firestore\build\src\write-batch.js:442:27)
    at D:\video downloader\node_modules\@google-cloud\firestore\build\src\telemetry\enabled-trace-util.js:125:30
    at NoopContextManager.with (D:\video downloader\node_modules\@opentelemetry\api\build\src\context\NoopContextManager.js:14:19)
    at ContextAPI.with (D:\video downloader\node_modules\@opentelemetry\api\build\src\api\context.js:51:46)
    at NoopTracer.startActiveSpan (D:\video downloader\node_modules\@opentelemetry\api\build\src\trace\NoopTracer.js:54:31)
    at ProxyTracer.startActiveSpan (D:\video downloader\node_modules\@opentelemetry\api\build\src\trace\ProxyTracer.js:27:24)
    at EnabledTraceUtil.startActiveSpan (D:\video downloader\node_modules\@google-cloud\firestore\build\src\telemetry\enabled-trace-util.js:117:28)
    at WriteBatch.commit (D:\video downloader\node_modules\@google-cloud\firestore\build\src\write-batch.js:440:43)
    at D:\video downloader\node_modules\@google-cloud\firestore\build\src\reference\document-reference.js:353:31
    at D:\video downloader\node_modules\@google-cloud\firestore\build\src\telemetry\enabled-trace-util.js:125:30
2026-06-19 20:14:15 [debug]: [Auth] Token verified: uid=mock-uid-free-123 tier=free
2026-06-19 20:14:15 [debug]: POST /verify 200 108ms — ::1
2026-06-19 20:14:25 [debug]: Auth: uid=mock-uid-free-123 tier=free
2026-06-19 20:14:25 [info]: [yt-dlp] Extracting info: https://youtu.be/Fi1wAaQkJHU?si=c__xoUXhYxZvaUDa
2026-06-19 20:14:25 [info]: [yt-dlp] Injecting firefox cookies for extraction
2026-06-19 20:14:29 [info]: [yt-dlp] Extracted "SPIDER-MAN: BRAND NEW DAY - New Trailer - Hindi | Exclusively In Cinemas July 30" — 27 formats found.
2026-06-19 20:14:29 [debug]: POST / 200 4059ms — ::1
2026-06-19 20:20:19 [debug]: GET / 200 5ms — ::1
2026-06-19 20:20:19 [debug]: GET /css/styles.css 200 7ms — ::1
2026-06-19 20:20:19 [debug]: GET /js/api.js 200 6ms — ::1
2026-06-19 20:20:19 [debug]: GET /js/auth.js 200 10ms — ::1
2026-06-19 20:20:19 [debug]: GET /js/app.js 200 12ms — ::1
2026-06-19 20:20:19 [debug]: GET /js/ui.js 200 14ms — ::1
2026-06-19 20:20:19 [debug]: GET /api/config 200 2ms — ::1
2026-06-19 20:20:21 [debug]: GET /favicon.ico 200 5ms — ::1
2026-06-19 20:20:26 [info]: Firestore user record created/updated for uid VxlLrNpocffZ6GxookNgFXT6bC83
2026-06-19 20:20:28 [debug]: [Auth] Token verified: uid=VxlLrNpocffZ6GxookNgFXT6bC83 tier=premium
2026-06-19 20:20:28 [debug]: POST /verify 200 2599ms — ::1
2026-06-19 20:20:37 [debug]: Auth: uid=VxlLrNpocffZ6GxookNgFXT6bC83 tier=premium
2026-06-19 20:20:37 [info]: [yt-dlp] Extracting info: https://youtu.be/Fi1wAaQkJHU?si=c__xoUXhYxZvaUDa
2026-06-19 20:20:37 [info]: [yt-dlp] Injecting firefox cookies for extraction
2026-06-19 20:20:41 [info]: [yt-dlp] Extracted "SPIDER-MAN: BRAND NEW DAY - New Trailer - Hindi | Exclusively In Cinemas July 30" — 27 formats found.
2026-06-19 20:20:41 [debug]: POST / 200 5281ms — ::1
2026-06-19 20:20:44 [info]: [Download] Injecting firefox cookies
2026-06-19 20:20:44 [info]: [Download] Job 24319778fc47ad41e2d39c9c988b: "SPIDER-MAN_ BRAND NEW DAY - New Trailer - Hindi _ Exclusively In Cinemas July 30.mp4" fmt=137+140 (audio=false, videoOnly=false)
2026-06-19 20:20:44 [debug]: POST / 200 449ms — ::1
2026-06-19 20:20:58 [info]: [Download] Job 24319778fc47ad41e2d39c9c988b complete: SPIDER-MAN_ BRAND NEW DAY - New Trailer - Hindi _ Exclusively In Cinemas July 30.mp4 (dlv_24319778fc47ad41e2d39c9c988b.mp4)
2026-06-19 20:20:58 [debug]: GET /progress/24319778fc47ad41e2d39c9c988b 200 14031ms — ::1
2026-06-19 20:20:58 [info]: [Download] Serving: SPIDER-MAN_ BRAND NEW DAY - New Trailer - Hindi _ Exclusively In Cinemas July 30.mp4 (41.1 MB)
2026-06-19 20:20:59 [info]: [Download] Served: SPIDER-MAN_ BRAND NEW DAY - New Trailer - Hindi _ Exclusively In Cinemas July 30.mp4
2026-06-19 20:20:59 [debug]: GET /file/24319778fc47ad41e2d39c9c988b 200 759ms — ::1
2026-06-19 20:21:46 [debug]: Auth: uid=VxlLrNpocffZ6GxookNgFXT6bC83 tier=premium
2026-06-19 20:21:46 [info]: [yt-dlp] Extracting info: https://www.instagram.com/reel/DZFbywhsrL8/
2026-06-19 20:21:46 [info]: [yt-dlp] Injecting firefox cookies for extraction
2026-06-19 20:21:50 [info]: [yt-dlp] Extracted "Video by aamnasharifofficial" — 11 formats found.
2026-06-19 20:21:51 [debug]: POST / 200 5045ms — ::1
2026-06-19 20:22:12 [info]: [Download] Injecting firefox cookies
2026-06-19 20:22:12 [info]: [Download] Job 3cc4634618680afd5ecae1dfaf11: "Video by aamnasharifofficial.mp4" fmt=dash-1464426918700801v+dash-1692067195167752a (audio=false, videoOnly=false)
2026-06-19 20:22:12 [debug]: POST / 200 522ms — ::1
2026-06-19 20:22:18 [info]: [Download] Job 3cc4634618680afd5ecae1dfaf11 complete: Video by aamnasharifofficial.mp4 (dlv_3cc4634618680afd5ecae1dfaf11.mp4)
2026-06-19 20:22:18 [debug]: GET /progress/3cc4634618680afd5ecae1dfaf11 200 6207ms — ::1
2026-06-19 20:22:18 [info]: [Download] Serving: Video by aamnasharifofficial.mp4 (4.4 MB)
2026-06-19 20:22:18 [info]: [Download] Served: Video by aamnasharifofficial.mp4
2026-06-19 20:22:18 [debug]: GET /file/3cc4634618680afd5ecae1dfaf11 200 105ms — ::1
2026-06-19 20:23:15 [debug]: Auth: uid=VxlLrNpocffZ6GxookNgFXT6bC83 tier=premium
2026-06-19 20:23:15 [info]: [yt-dlp] Extracting info: https://www.reddit.com/r/unitedstatesofindia/comments/1u5gav3/pm_modi_finished_his_short_visit_to_india_and_is/?utm_source=share&utm_medium=web3x&utm_name=web3xcss&utm_term=1&utm_content=share_button
2026-06-19 20:23:15 [info]: [yt-dlp] Injecting firefox cookies for extraction
2026-06-19 20:23:22 [info]: [yt-dlp] Extracted "PM Modi finished his short visit to India and is returning abroad" — 17 formats found.
2026-06-19 20:23:23 [debug]: POST / 200 8640ms — ::1
2026-06-19 20:23:26 [info]: [Download] Injecting firefox cookies
2026-06-19 20:23:26 [info]: [Download] Job 33e99dc3e532c3dd8927bec997ef: "PM Modi finished his short visit to India and is returning abroad.mp4" fmt=dash-7+dash-8 (audio=false, videoOnly=false)
2026-06-19 20:23:26 [debug]: POST / 200 546ms — ::1
2026-06-19 20:23:34 [info]: [Download] Job 33e99dc3e532c3dd8927bec997ef complete: PM Modi finished his short visit to India and is returning abroad.mp4 (dlv_33e99dc3e532c3dd8927bec997ef.mp4)
2026-06-19 20:23:34 [debug]: GET /progress/33e99dc3e532c3dd8927bec997ef 200 7409ms — ::1
2026-06-19 20:23:34 [info]: [Download] Serving: PM Modi finished his short visit to India and is returning abroad.mp4 (0.6 MB)
2026-06-19 20:23:34 [info]: [Download] Served: PM Modi finished his short visit to India and is returning abroad.mp4
2026-06-19 20:23:34 [debug]: GET /file/33e99dc3e532c3dd8927bec997ef 200 35ms — ::1
2026-06-19 20:24:20 [debug]: Auth: uid=VxlLrNpocffZ6GxookNgFXT6bC83 tier=premium
2026-06-19 20:24:20 [info]: [yt-dlp] Extracting info: https://x.com/i/broadcasts/1dKrPPobDrQJX?s=20
2026-06-19 20:24:20 [info]: [yt-dlp] Injecting firefox cookies for extraction
2026-06-19 20:24:25 [info]: [yt-dlp] Extracted "Through PM Viksit Bharat Rozgar Yojana, we are supporting employment generation, empowering youth and building a stronger workforce for the future." — 4 formats found.
2026-06-19 20:24:26 [debug]: POST / 200 6354ms — ::1
2026-06-19 20:24:36 [info]: [Download] Injecting firefox cookies
2026-06-19 20:24:36 [info]: [Download] Job b565fa43ece72730caf6ce1aa6d8: "Through PM Viksit Bharat Rozgar Yojana, we are supporting employment generation, empowering youth and building a stronger workforce for the future..mp4" fmt=replay-5500 (audio=false, videoOnly=false)
2026-06-19 20:24:36 [debug]: POST / 200 87ms — ::1
2026-06-19 20:26:42 [info]: [Download] Job b565fa43ece72730caf6ce1aa6d8 complete: Through PM Viksit Bharat Rozgar Yojana, we are supporting employment generation, empowering youth and building a stronger workforce for the future..mp4 (dlv_b565fa43ece72730caf6ce1aa6d8.mp4)
2026-06-19 20:26:42 [debug]: GET /progress/b565fa43ece72730caf6ce1aa6d8 200 125420ms — ::1
2026-06-19 20:26:42 [info]: [Download] Serving: Through PM Viksit Bharat Rozgar Yojana, we are supporting employment generation, empowering youth and building a stronger workforce for the future..mp4 (278.2 MB)
2026-06-19 20:26:47 [info]: [Download] Served: Through PM Viksit Bharat Rozgar Yojana, we are supporting employment generation, empowering youth and building a stronger workforce for the future..mp4
2026-06-19 20:26:47 [debug]: GET /file/b565fa43ece72730caf6ce1aa6d8 200 5338ms — ::1
2026-06-19 20:27:05 [debug]: Auth: uid=VxlLrNpocffZ6GxookNgFXT6bC83 tier=premium
2026-06-19 20:27:05 [info]: [yt-dlp] Extracting info: https://www.snapchat.com/@snapchat/spotlight/W7_EDlXWTBiXAEEniNoMPwAAYeXhjdW9oYW9tAZizjyJzAZizjyJdAAAAAQ
2026-06-19 20:27:05 [info]: [yt-dlp] Injecting firefox cookies for extraction
2026-06-19 20:27:14 [info]: [yt-dlp] Extracted "337.0ह. लाइक्स, 856 कमेंट्स, और 1755688.6मि. बार शेयर किया गया | Btao bnaoge?🥹🤔#fyp #fypspotlight #foryou #follow #foryouspotlightpage #explore #viralspotlight #viral #explorepage #video  #spotlight #korean #love | Mahira Firoz (@mahira_firoz02) | 16 अग॰ 2025 को पोस्ट किया गया | स्पॉटलाइट (1)" — 1 formats found.
2026-06-19 20:27:14 [debug]: POST / 200 9453ms — ::1
2026-06-19 20:27:21 [info]: [Download] Injecting firefox cookies
2026-06-19 20:27:21 [info]: [Download] Job e26da6a67a377e71984e0c5fd4fe: "337.0ह. लाइक्स, 856 कमेंट्स, और 1755688.6मि. बार शेयर किया गया _ Btao bnaoge_🥹🤔#fyp #fypspotlight #foryou #follow #foryouspotlightpage #explore #viralspotlight #viral #explorepage #video  #spotlight.mp4" fmt=0 (audio=false, videoOnly=false)
2026-06-19 20:27:21 [debug]: POST / 200 74ms — ::1
2026-06-19 20:27:31 [info]: [Download] Job e26da6a67a377e71984e0c5fd4fe complete: 337.0ह. लाइक्स, 856 कमेंट्स, और 1755688.6मि. बार शेयर किया गया _ Btao bnaoge_🥹🤔#fyp #fypspotlight #foryou #follow #foryouspotlightpage #explore #viralspotlight #viral #explorepage #video  #spotlight.mp4 (dlv_e26da6a67a377e71984e0c5fd4fe.mp4)
2026-06-19 20:27:31 [debug]: GET /progress/e26da6a67a377e71984e0c5fd4fe 200 10707ms — ::1
2026-06-19 20:27:31 [info]: [Download] Serving: 337.0ह. लाइक्स, 856 कमेंट्स, और 1755688.6मि. बार शेयर किया गया _ Btao bnaoge_🥹🤔#fyp #fypspotlight #foryou #follow #foryouspotlightpage #explore #viralspotlight #viral #explorepage #video  #spotlight.mp4 (3.8 MB)
2026-06-19 20:27:31 [info]: [Download] Served: 337.0ह. लाइक्स, 856 कमेंट्स, और 1755688.6मि. बार शेयर किया गया _ Btao bnaoge_🥹🤔#fyp #fypspotlight #foryou #follow #foryouspotlightpage #explore #viralspotlight #viral #explorepage #video  #spotlight.mp4
2026-06-19 20:27:31 [debug]: GET /file/e26da6a67a377e71984e0c5fd4fe 200 65ms — ::1
2026-06-20 14:13:13 [info]: Firebase Admin SDK initialized for project: video-downloader-fd8ef
2026-06-20 14:13:14 [info]: Admin user arjitdaga@example.com already exists in Firebase Auth.
2026-06-20 14:13:14 [info]: ✅ yt-dlp found: v2026.06.09
2026-06-20 14:13:14 [info]: ✅ FFmpeg found: ffmpeg version 6.1.1-essentials_build-www.gyan.dev Copyright (c) 2000-2023 the FFmpeg developers
2026-06-20 14:13:14 [info]: 
🚀 Video Downloader API running at http://localhost:3000
2026-06-20 14:13:14 [info]:    Environment: development
2026-06-20 14:13:14 [info]:    Open http://localhost:3000 in your browser

2026-06-20 14:13:16 [info]: User VxlLrNpocffZ6GxookNgFXT6bC83 upgraded to premium (Razorpay Order: admin-seed)
2026-06-20 14:13:24 [debug]: GET /api/config 304 6ms — ::1
2026-06-20 14:13:25 [debug]: GET /favicon.ico 304 12ms — ::1
2026-06-20 14:13:27 [info]: Firestore user record created/updated for uid VxlLrNpocffZ6GxookNgFXT6bC83
2026-06-20 14:13:29 [debug]: [Auth] Token verified: uid=VxlLrNpocffZ6GxookNgFXT6bC83 tier=premium
2026-06-20 14:13:29 [debug]: POST /verify 200 2390ms — ::1
2026-06-20 14:49:38 [info]: Firebase Admin SDK initialized for project: video-downloader-fd8ef
2026-06-20 14:49:39 [info]: Admin user arjitdaga@example.com already exists in Firebase Auth.
2026-06-20 14:49:40 [info]: ✅ yt-dlp found: v2026.06.09
2026-06-20 14:49:40 [info]: ✅ FFmpeg found: ffmpeg version 6.1.1-essentials_build-www.gyan.dev Copyright (c) 2000-2023 the FFmpeg developers
2026-06-20 14:49:40 [info]: 
🚀 Video Downloader API running at http://localhost:3000
2026-06-20 14:49:40 [info]:    Environment: development
2026-06-20 14:49:40 [info]:    Open http://localhost:3000 in your browser

2026-06-20 14:49:41 [info]: User VxlLrNpocffZ6GxookNgFXT6bC83 upgraded to premium (Razorpay Order: admin-seed)
2026-06-20 15:14:50 [info]: Firebase Admin SDK initialized for project: video-downloader-fd8ef
2026-06-20 15:14:53 [info]: ✅ yt-dlp found: v2026.06.09
2026-06-20 15:14:53 [info]: ✅ FFmpeg found: ffmpeg version 6.1.1-essentials_build-www.gyan.dev Copyright (c) 2000-2023 the FFmpeg developers
2026-06-20 15:14:53 [info]: 
🚀 Video Downloader API running at http://localhost:3000
2026-06-20 15:14:53 [info]:    Environment: development
2026-06-20 15:14:53 [info]:    Open http://localhost:3000 in your browser

2026-06-20 15:14:54 [info]: Admin user arjitdaga@example.com already exists in Firebase Auth.
2026-06-20 15:14:56 [info]: User VxlLrNpocffZ6GxookNgFXT6bC83 upgraded to premium (Razorpay Order: admin-seed)
2026-06-20 15:32:53 [debug]: GET / 200 13ms — ::1
2026-06-20 15:32:53 [debug]: GET /css/styles.css 200 17ms — ::1
2026-06-20 15:32:53 [debug]: GET /js/api.js 200 15ms — ::1
2026-06-20 15:32:53 [debug]: GET /js/auth.js 200 15ms — ::1
2026-06-20 15:32:53 [debug]: GET /js/ui.js 200 16ms — ::1
2026-06-20 15:32:53 [debug]: GET /js/app.js 200 17ms — ::1
2026-06-20 15:32:53 [debug]: GET / 200 6ms — ::1
2026-06-20 15:32:53 [debug]: GET /css/styles.css 200 10ms — ::1
2026-06-20 15:32:53 [debug]: GET /js/api.js 200 11ms — ::1
2026-06-20 15:32:53 [debug]: GET /js/auth.js 200 12ms — ::1
2026-06-20 15:32:53 [debug]: GET /js/app.js 200 12ms — ::1
2026-06-20 15:32:53 [debug]: GET /js/ui.js 200 15ms — ::1
2026-06-20 15:32:53 [debug]: GET / 200 4ms — ::1
2026-06-20 15:32:53 [debug]: GET /api/config 200 7ms — ::1
2026-06-20 15:32:53 [debug]: GET /css/styles.css 200 8ms — ::1
2026-06-20 15:32:53 [debug]: GET /js/api.js 200 8ms — ::1
2026-06-20 15:32:53 [debug]: GET /js/auth.js 200 9ms — ::1
2026-06-20 15:32:53 [debug]: GET /js/ui.js 200 11ms — ::1
2026-06-20 15:32:53 [debug]: GET /js/app.js 200 10ms — ::1
2026-06-20 15:32:53 [debug]: GET / 200 3ms — ::1
2026-06-20 15:32:53 [debug]: GET /css/styles.css 200 10ms — ::1
2026-06-20 15:32:53 [debug]: GET /js/api.js 200 9ms — ::1
2026-06-20 15:32:53 [debug]: GET /js/auth.js 200 8ms — ::1
2026-06-20 15:32:53 [debug]: GET /js/ui.js 200 7ms — ::1
2026-06-20 15:32:53 [debug]: GET /js/app.js 200 8ms — ::1
2026-06-20 15:32:54 [debug]: GET / 200 4ms — ::1
2026-06-20 15:32:54 [debug]: GET /css/styles.css 200 9ms — ::1
2026-06-20 15:32:54 [debug]: GET /js/api.js 200 9ms — ::1
2026-06-20 15:32:54 [debug]: GET /js/auth.js 200 9ms — ::1
2026-06-20 15:32:54 [debug]: GET /js/ui.js 200 11ms — ::1
2026-06-20 15:32:54 [debug]: GET /js/app.js 200 13ms — ::1
2026-06-20 15:32:54 [debug]: GET / 200 3ms — ::1
2026-06-20 15:32:54 [debug]: GET /css/styles.css 200 8ms — ::1
2026-06-20 15:32:54 [debug]: GET /js/api.js 200 8ms — ::1
2026-06-20 15:32:54 [debug]: GET /js/auth.js 200 7ms — ::1
2026-06-20 15:32:54 [debug]: GET /js/ui.js 200 7ms — ::1
2026-06-20 15:32:54 [debug]: GET /js/app.js 200 8ms — ::1
2026-06-20 15:32:54 [debug]: GET / 200 3ms — ::1
2026-06-20 15:32:54 [debug]: GET /css/styles.css 200 6ms — ::1
2026-06-20 15:32:54 [debug]: GET /js/auth.js 200 7ms — ::1
2026-06-20 15:32:54 [debug]: GET /js/api.js 200 12ms — ::1
2026-06-20 15:32:54 [debug]: GET /js/ui.js 200 12ms — ::1
2026-06-20 15:32:54 [debug]: GET /js/app.js 200 15ms — ::1
2026-06-20 15:32:54 [debug]: GET /api/config 200 1ms — ::1
2026-06-20 15:32:56 [debug]: GET /favicon.ico 200 8ms — ::1
2026-06-20 15:33:19 [info]: Firestore user record created/updated for uid VxlLrNpocffZ6GxookNgFXT6bC83
2026-06-20 15:33:21 [debug]: [Auth] Token verified: uid=VxlLrNpocffZ6GxookNgFXT6bC83 tier=premium
2026-06-20 15:33:21 [debug]: POST /verify 200 3961ms — ::1
2026-06-20 15:37:29 [debug]: Auth: uid=VxlLrNpocffZ6GxookNgFXT6bC83 tier=premium
2026-06-20 15:37:29 [warn]: URL validation failed: Unsupported platform. Supported: YouTube, Twitter/X, Instagram, TikTok, Facebook, Vimeo, Snapchat, Dailymotion, Reddit, Twitch, SoundCloud, Bilibili, and more. | Input: https://videodownloader-n9r2ey4i6-kabraprakhar11s-projects.vercel.app/
2026-06-20 15:37:29 [warn]: POST / 400 1810ms — ::1
2026-06-20 15:45:58 [info]: Firebase Admin SDK initialized for project: video-downloader-fd8ef
2026-06-20 15:45:59 [info]: ✅ yt-dlp found: v2026.06.09
2026-06-20 15:45:59 [info]: ✅ FFmpeg found: ffmpeg version 6.1.1-essentials_build-www.gyan.dev Copyright (c) 2000-2023 the FFmpeg developers
2026-06-20 15:45:59 [info]: 
🚀 Video Downloader API running at http://localhost:3000
2026-06-20 15:45:59 [info]:    Environment: development
2026-06-20 15:45:59 [info]:    Open http://localhost:3000 in your browser

2026-06-20 15:46:00 [info]: Admin user arjitdaga@example.com already exists in Firebase Auth.
2026-06-20 15:46:05 [info]: User VxlLrNpocffZ6GxookNgFXT6bC83 upgraded to premium (Razorpay Order: admin-seed)
2026-06-20 16:05:25 [info]: Firebase Admin SDK initialized for project: video-downloader-fd8ef
2026-06-20 16:05:26 [info]: Admin user arjitdaga@example.com already exists in Firebase Auth.
2026-06-20 16:05:27 [info]: ✅ yt-dlp found: v2026.06.09
2026-06-20 16:05:27 [info]: ✅ FFmpeg found: ffmpeg version 6.1.1-essentials_build-www.gyan.dev Copyright (c) 2000-2023 the FFmpeg developers
2026-06-20 16:05:27 [info]: 
🚀 Video Downloader API running at http://localhost:3000
2026-06-20 16:05:27 [info]:    Environment: development
2026-06-20 16:05:27 [info]:    Open http://localhost:3000 in your browser

2026-06-20 16:05:29 [info]: User VxlLrNpocffZ6GxookNgFXT6bC83 upgraded to premium (Razorpay Order: admin-seed)
2026-06-20 16:05:54 [debug]: GET / 200 11ms — ::1
2026-06-20 16:05:54 [debug]: GET /css/styles.css 200 5ms — ::1
2026-06-20 16:05:54 [debug]: GET /js/api.js 200 4ms — ::1
2026-06-20 16:05:54 [debug]: GET /js/ui.js 200 6ms — ::1
2026-06-20 16:05:54 [debug]: GET /js/auth.js 200 9ms — ::1
2026-06-20 16:05:54 [debug]: GET /js/app.js 200 8ms — ::1
2026-06-20 16:05:55 [debug]: GET /api/config 200 5ms — ::1
2026-06-20 16:06:01 [debug]: GET /favicon.ico 200 11ms — ::1
2026-06-20 16:08:05 [info]: Firebase Admin SDK initialized for project: video-downloader-fd8ef
2026-06-20 16:08:06 [info]: Admin user arjitdaga@example.com already exists in Firebase Auth.
2026-06-20 16:08:06 [info]: ✅ yt-dlp found: v2026.06.09
2026-06-20 16:08:06 [info]: ✅ FFmpeg found: ffmpeg version 6.1.1-essentials_build-www.gyan.dev Copyright (c) 2000-2023 the FFmpeg developers
2026-06-20 16:08:06 [info]: 
🚀 Video Downloader API running at http://localhost:3000
2026-06-20 16:08:06 [info]:    Environment: development
2026-06-20 16:08:06 [info]:    Open http://localhost:3000 in your browser

2026-06-20 16:08:08 [info]: User VxlLrNpocffZ6GxookNgFXT6bC83 upgraded to premium (Razorpay Order: admin-seed)
2026-06-20 16:23:11 [info]: [Download] Injecting cookies.txt for authentication
2026-06-20 16:23:11 [info]: [Download] Job 6fb61375bca232f846bf4500d921: "download.mp4" fmt=18 (audio=false, videoOnly=false)
2026-06-20 16:23:11 [debug]: POST / 200 440ms — ::1
2026-06-20 16:23:20 [info]: [Download] Job 6fb61375bca232f846bf4500d921 complete: download.mp4 (dlv_6fb61375bca232f846bf4500d921.mp4)
2026-06-20 16:23:20 [info]: [Download] Serving: download.mp4 (0.6 MB)
2026-06-20 16:23:27 [warn]: GET /file/6fb61375bca232f846bf4500d921 410 1ms — ::1
2026-06-20 16:23:39 [warn]: GET /file/6fb61375bca232f846bf4500d921 410 1ms — ::1
2026-06-20 16:26:09 [info]: Firebase Admin SDK initialized for project: video-downloader-fd8ef
2026-06-20 16:26:10 [info]: ✅ yt-dlp found: v2026.06.09
2026-06-20 16:26:10 [info]: ✅ FFmpeg found: ffmpeg version 6.1.1-essentials_build-www.gyan.dev Copyright (c) 2000-2023 the FFmpeg developers
2026-06-20 16:26:10 [info]: 
🚀 Video Downloader API running at http://localhost:3000
2026-06-20 16:26:10 [info]:    Environment: development
2026-06-20 16:26:10 [info]:    Open http://localhost:3000 in your browser

2026-06-20 16:26:10 [info]: Admin user arjitdaga@example.com already exists in Firebase Auth.
2026-06-20 16:26:13 [info]: User VxlLrNpocffZ6GxookNgFXT6bC83 upgraded to premium (Razorpay Order: admin-seed)
2026-06-20 16:39:55 [info]: Firebase Admin SDK initialized for project: video-downloader-fd8ef
2026-06-20 16:39:56 [info]: ✅ yt-dlp found: v2026.06.09
2026-06-20 16:39:56 [info]: ✅ FFmpeg found: ffmpeg version 6.1.1-essentials_build-www.gyan.dev Copyright (c) 2000-2023 the FFmpeg developers
2026-06-20 16:39:56 [info]: 
🚀 Video Downloader API running at http://localhost:3000
2026-06-20 16:39:56 [info]:    Environment: development
2026-06-20 16:39:56 [info]:    Open http://localhost:3000 in your browser

2026-06-20 16:40:00 [info]: Admin user arjitdaga@example.com already exists in Firebase Auth.
2026-06-20 16:40:02 [info]: User VxlLrNpocffZ6GxookNgFXT6bC83 upgraded to premium (Razorpay Order: admin-seed)
2026-06-20 16:52:43 [info]: Firebase Admin SDK initialized for project: video-downloader-fd8ef
2026-06-20 16:52:44 [info]: ✅ yt-dlp found: v2026.06.09
2026-06-20 16:52:44 [info]: ✅ FFmpeg found: ffmpeg version 6.1.1-essentials_build-www.gyan.dev Copyright (c) 2000-2023 the FFmpeg developers
2026-06-20 16:52:44 [info]: 
🚀 Video Downloader API running at http://localhost:3000
2026-06-20 16:52:44 [info]:    Environment: development
2026-06-20 16:52:44 [info]:    Open http://localhost:3000 in your browser

2026-06-20 16:52:56 [info]: Admin user arjitdaga@example.com already exists in Firebase Auth.
2026-06-20 16:52:59 [info]: User VxlLrNpocffZ6GxookNgFXT6bC83 upgraded to premium (Razorpay Order: admin-seed)
2026-06-20 16:53:40 [info]: Firebase Admin SDK initialized for project: video-downloader-fd8ef
2026-06-20 16:53:41 [info]: ✅ yt-dlp found: v2026.06.09
2026-06-20 16:53:41 [info]: ✅ FFmpeg found: ffmpeg version 6.1.1-essentials_build-www.gyan.dev Copyright (c) 2000-2023 the FFmpeg developers
2026-06-20 16:53:41 [info]: 
🚀 Video Downloader API running at http://localhost:3000
2026-06-20 16:53:41 [info]:    Environment: development
2026-06-20 16:53:41 [info]:    Open http://localhost:3000 in your browser

2026-06-20 16:53:42 [info]: Admin user arjitdaga@example.com already exists in Firebase Auth.
2026-06-20 16:53:45 [info]: User VxlLrNpocffZ6GxookNgFXT6bC83 upgraded to premium (Razorpay Order: admin-seed)
2026-06-20 16:59:20 [info]: Firebase Admin SDK initialized for project: video-downloader-fd8ef
2026-06-20 16:59:21 [info]: Admin user arjitdaga@example.com already exists in Firebase Auth.
2026-06-20 16:59:21 [info]: ✅ yt-dlp found: v2026.06.09
2026-06-20 16:59:21 [info]: ✅ FFmpeg found: ffmpeg version 6.1.1-essentials_build-www.gyan.dev Copyright (c) 2000-2023 the FFmpeg developers
2026-06-20 16:59:21 [info]: 
🚀 Video Downloader API running at http://localhost:3000
2026-06-20 16:59:21 [info]:    Environment: development
2026-06-20 16:59:21 [info]:    Open http://localhost:3000 in your browser

2026-06-20 16:59:24 [info]: User VxlLrNpocffZ6GxookNgFXT6bC83 upgraded to premium (Razorpay Order: admin-seed)
2026-06-20 16:59:27 [info]: Firebase Admin SDK initialized for project: video-downloader-fd8ef
2026-06-20 16:59:28 [info]: Admin user arjitdaga@example.com already exists in Firebase Auth.
2026-06-20 16:59:28 [info]: ✅ yt-dlp found: v2026.06.09
2026-06-20 16:59:28 [info]: ✅ FFmpeg found: ffmpeg version 6.1.1-essentials_build-www.gyan.dev Copyright (c) 2000-2023 the FFmpeg developers
2026-06-20 16:59:28 [info]: 
🚀 Video Downloader API running at http://localhost:3000
2026-06-20 16:59:28 [info]:    Environment: development
2026-06-20 16:59:28 [info]:    Open http://localhost:3000 in your browser

2026-06-20 16:59:30 [info]: User VxlLrNpocffZ6GxookNgFXT6bC83 upgraded to premium (Razorpay Order: admin-seed)
2026-06-20 17:14:39 [info]: Firebase Admin SDK initialized for project: video-downloader-fd8ef
2026-06-20 17:14:40 [info]: ✅ yt-dlp found: v2026.06.09
2026-06-20 17:14:40 [info]: ✅ FFmpeg found: ffmpeg version 6.1.1-essentials_build-www.gyan.dev Copyright (c) 2000-2023 the FFmpeg developers
2026-06-20 17:14:40 [info]: 
🚀 Video Downloader API running at http://localhost:3000
2026-06-20 17:14:40 [info]:    Environment: development
2026-06-20 17:14:40 [info]:    Open http://localhost:3000 in your browser

2026-06-20 17:14:40 [info]: Admin user arjitdaga@example.com already exists in Firebase Auth.
2026-06-20 17:14:42 [info]: User VxlLrNpocffZ6GxookNgFXT6bC83 upgraded to premium (Razorpay Order: admin-seed)
2026-06-20 17:23:41 [info]: Firebase Admin SDK initialized for project: video-downloader-fd8ef
2026-06-20 17:23:42 [info]: ✅ yt-dlp found: v2026.06.09
2026-06-20 17:23:42 [info]: ✅ FFmpeg found: ffmpeg version 6.1.1-essentials_build-www.gyan.dev Copyright (c) 2000-2023 the FFmpeg developers
2026-06-20 17:23:42 [info]: 
🚀 Video Downloader API running at http://localhost:3000
2026-06-20 17:23:42 [info]:    Environment: development
2026-06-20 17:23:42 [info]:    Open http://localhost:3000 in your browser

2026-06-20 17:23:47 [info]: Admin user arjitdaga@example.com already exists in Firebase Auth.
2026-06-20 17:23:49 [info]: User VxlLrNpocffZ6GxookNgFXT6bC83 upgraded to premium (Razorpay Order: admin-seed)
2026-06-20 17:24:05 [info]: Firebase Admin SDK initialized for project: video-downloader-fd8ef
2026-06-20 17:24:06 [info]: ✅ yt-dlp found: v2026.06.09
2026-06-20 17:24:06 [info]: ✅ FFmpeg found: ffmpeg version 6.1.1-essentials_build-www.gyan.dev Copyright (c) 2000-2023 the FFmpeg developers
2026-06-20 17:24:06 [info]: 
🚀 Video Downloader API running at http://localhost:3000
2026-06-20 17:24:06 [info]:    Environment: development
2026-06-20 17:24:06 [info]:    Open http://localhost:3000 in your browser

2026-06-20 17:24:07 [info]: Admin user arjitdaga@example.com already exists in Firebase Auth.
2026-06-20 17:24:09 [info]: User VxlLrNpocffZ6GxookNgFXT6bC83 upgraded to premium (Razorpay Order: admin-seed)
2026-06-20 17:24:30 [info]: Firebase Admin SDK initialized for project: video-downloader-fd8ef
2026-06-20 17:24:31 [info]: ✅ yt-dlp found: v2026.06.09
2026-06-20 17:24:31 [info]: ✅ FFmpeg found: ffmpeg version 6.1.1-essentials_build-www.gyan.dev Copyright (c) 2000-2023 the FFmpeg developers
2026-06-20 17:24:31 [info]: 
🚀 Video Downloader API running at http://localhost:3000
2026-06-20 17:24:31 [info]:    Environment: development
2026-06-20 17:24:31 [info]:    Open http://localhost:3000 in your browser

2026-06-20 17:24:33 [info]: Admin user arjitdaga@example.com already exists in Firebase Auth.
2026-06-20 17:24:36 [info]: User VxlLrNpocffZ6GxookNgFXT6bC83 upgraded to premium (Razorpay Order: admin-seed)
2026-06-20 17:25:33 [info]: Firebase Admin SDK initialized for project: video-downloader-fd8ef
2026-06-20 17:25:34 [info]: ✅ yt-dlp found: v2026.06.09
2026-06-20 17:25:34 [info]: ✅ FFmpeg found: ffmpeg version 6.1.1-essentials_build-www.gyan.dev Copyright (c) 2000-2023 the FFmpeg developers
2026-06-20 17:25:34 [info]: 
🚀 Video Downloader API running at http://localhost:3000
2026-06-20 17:25:34 [info]:    Environment: development
2026-06-20 17:25:34 [info]:    Open http://localhost:3000 in your browser

2026-06-20 17:25:36 [info]: Admin user arjitdaga@example.com already exists in Firebase Auth.
2026-06-20 17:25:38 [info]: User VxlLrNpocffZ6GxookNgFXT6bC83 upgraded to premium (Razorpay Order: admin-seed)
2026-06-20 17:42:41 [info]: Firebase Admin SDK initialized for project: video-downloader-fd8ef
2026-06-20 17:42:42 [info]: ✅ yt-dlp found: v2026.06.09
2026-06-20 17:42:42 [info]: ✅ FFmpeg found: ffmpeg version 6.1.1-essentials_build-www.gyan.dev Copyright (c) 2000-2023 the FFmpeg developers
2026-06-20 17:42:42 [info]: 
🚀 Video Downloader API running at http://localhost:3000
2026-06-20 17:42:42 [info]:    Environment: development
2026-06-20 17:42:42 [info]:    Open http://localhost:3000 in your browser

2026-06-20 17:42:43 [info]: Admin user arjitdaga@example.com already exists in Firebase Auth.
2026-06-20 17:42:44 [info]: User VxlLrNpocffZ6GxookNgFXT6bC83 upgraded to premium (Razorpay Order: admin-seed)
2026-06-20 18:01:29 [info]: Firebase Admin SDK initialized for project: video-downloader-fd8ef
2026-06-20 18:01:30 [info]: Admin user arjitdaga@example.com already exists in Firebase Auth.
2026-06-20 18:01:30 [info]: ✅ yt-dlp found: v2026.06.09
2026-06-20 18:01:30 [info]: ✅ FFmpeg found: ffmpeg version 6.1.1-essentials_build-www.gyan.dev Copyright (c) 2000-2023 the FFmpeg developers
2026-06-20 18:01:30 [info]: 
🚀 Video Downloader API running at http://localhost:3000
2026-06-20 18:01:30 [info]:    Environment: development
2026-06-20 18:01:30 [info]:    Open http://localhost:3000 in your browser

2026-06-20 18:01:32 [info]: User VxlLrNpocffZ6GxookNgFXT6bC83 upgraded to premium (Razorpay Order: admin-seed)
2026-06-20 18:01:49 [info]: Firebase Admin SDK initialized for project: video-downloader-fd8ef
2026-06-20 18:01:49 [info]: Admin user arjitdaga@example.com already exists in Firebase Auth.
2026-06-20 18:01:50 [info]: ✅ yt-dlp found: v2026.06.09
2026-06-20 18:01:50 [info]: ✅ FFmpeg found: ffmpeg version 6.1.1-essentials_build-www.gyan.dev Copyright (c) 2000-2023 the FFmpeg developers
2026-06-20 18:01:50 [info]: 
🚀 Video Downloader API running at http://localhost:3000
2026-06-20 18:01:50 [info]:    Environment: development
2026-06-20 18:01:50 [info]:    Open http://localhost:3000 in your browser

2026-06-20 18:01:52 [info]: User VxlLrNpocffZ6GxookNgFXT6bC83 upgraded to premium (Razorpay Order: admin-seed)
2026-06-21 01:23:19 [info]: Firebase Admin SDK initialized for project: video-downloader-fd8ef
2026-06-21 01:23:23 [info]: [yt-dlp] Binary found and ready.
2026-06-21 01:23:23 [info]: ✅ yt-dlp found: vtrue
2026-06-21 01:23:23 [info]: [yt-dlp] Checking for yt-dlp updates...
2026-06-21 01:23:23 [info]: ✅ FFmpeg found: ffmpeg version 6.1.1-essentials_build-www.gyan.dev Copyright (c) 2000-2023 the FFmpeg developers
2026-06-21 01:23:23 [info]: 
🚀 Video Downloader API running at http://localhost:3000
2026-06-21 01:23:23 [info]:    Environment: development
2026-06-21 01:23:23 [info]:    Open http://localhost:3000 in your browser

2026-06-21 01:23:23 [info]: Admin user arjitdaga@example.com already exists in Firebase Auth.
2026-06-21 02:50:28 [info]: [ProxyManager] Fetching fresh free proxy list...
2026-06-21 02:50:28 [info]: [ProxyManager] Successfully loaded 1040 proxies.
2026-06-21 03:38:44 [info]: [play-dl] Extracting info for https://www.youtube.com/watch?v=jNQXAC9IVRw
2026-06-21 03:38:45 [info]: [play-dl] Extraction successful! Found 1 combined, 6 video, 8 audio formats.
2026-06-21 04:06:00 [info]: [yt-dlp] Extracting info for https://www.youtube.com/watch?v=jNQXAC9IVRw
2026-06-21 04:06:00 [info]: [yt-dlp] Extracting info for https://www.instagram.com/reel/C7z9Q_0S-kX/
2026-06-21 04:06:03 [error]: [yt-dlp] Error: ERROR: [Instagram] C7z9Q_0S-kX: Instagram sent an empty media response. Check if this post is accessible in your browser without being logged-in. If it is not, then use --cookies-from-browser or --cookies for the authentication. See  https://github.com/yt-dlp/yt-dlp/wiki/FAQ#how-do-i-pass-cookies-to-yt-dlp  for how to manually pass cookies. Otherwise, if the post is accessible in browser without being logged-in, please report this issue on  https://github.com/yt-dlp/yt-dlp/issues?q= , filling out the appropriate issue template. Confirm you are on the latest version using  yt-dlp -U

2026-06-21 04:06:03 [info]: [yt-dlp] Extraction successful! Found 1 combined, 6 video, 4 audio formats.
2026-06-21 13:10:18 [info]: [yt-dlp] Using node runtime at: D:\Program Files\nodejs\node.exe
2026-06-21 13:10:18 [info]: [extract] Starting extraction for: https://www.youtube.com/watch?v=jNQXAC9IVRw
2026-06-21 13:10:18 [info]: [vidssave-api] Routing request through api.vidssave.com for: https://www.youtube.com/watch?v=jNQXAC9IVRw
2026-06-23 20:59:13 [info]: [extract] Starting for: https://www.reddit.com/r/india/comments/1u72q7k/test/
2026-06-23 20:59:13 [info]: [yt-dlp] Running extraction for: https://www.reddit.com/r/india/comments/1u72q7k/test/
2026-06-23 20:59:18 [warn]: [yt-dlp] Failed (code=1): ERROR: [Reddit] 1u72q7k: Unable to download JSON metadata: HTTP Error 404: Not Found (caused by <HTTPError 404: Not Found>)

2026-06-23 20:59:48 [info]: [extract] Starting for: https://twitter.com/SpaceX/status/1768270566367584501
2026-06-23 20:59:48 [info]: [yt-dlp] Running extraction for: https://twitter.com/SpaceX/status/1768270566367584501
2026-06-23 20:59:52 [warn]: [yt-dlp] Failed (code=1): ERROR: [twitter] 1768270566367584501: No video could be found in this tweet

2026-06-23 21:01:59 [info]: Firebase Admin SDK initialized for project: video-downloader-fd8ef
2026-06-23 21:02:01 [info]: [yt-dlp] Binary found and ready.
2026-06-23 21:02:01 [info]: ✅ yt-dlp found: vtrue
2026-06-23 21:02:01 [info]: [yt-dlp] Running auto-update...
2026-06-23 21:02:01 [info]: ✅ FFmpeg found: ffmpeg version 6.1.1-essentials_build-www.gyan.dev Copyright (c) 2000-2023 the FFmpeg developers
2026-06-23 21:02:01 [info]: 
🚀 Video Downloader API running at http://localhost:3000
2026-06-23 21:02:01 [info]:    Environment: development
2026-06-23 21:02:01 [info]:    Open http://localhost:3000 in your browser

2026-06-23 21:02:01 [info]: Admin user arjitdaga@example.com already exists in Firebase Auth.
2026-06-23 21:02:03 [info]: [yt-dlp] Update check complete.
2026-06-23 21:02:03 [info]: User VxlLrNpocffZ6GxookNgFXT6bC83 upgraded to premium (Razorpay Order: admin-seed)
2026-06-23 21:02:04 [debug]: GET / 200 26ms — ::1
2026-06-23 21:02:05 [debug]: GET /css/styles.css 200 14ms — ::1
2026-06-23 21:02:05 [debug]: GET /js/auth.js 304 7ms — ::1
2026-06-23 21:02:05 [debug]: GET /js/api.js 200 20ms — ::1
2026-06-23 21:02:05 [debug]: GET /js/ui.js 200 27ms — ::1
2026-06-23 21:02:05 [debug]: GET /js/app.js 200 11ms — ::1
2026-06-23 21:02:05 [debug]: GET /api/config 200 6ms — ::1
2026-06-23 21:02:08 [info]: Firestore user record created/updated for uid VxlLrNpocffZ6GxookNgFXT6bC83
2026-06-23 21:02:08 [debug]: GET /favicon.ico 200 15ms — ::1
2026-06-23 21:02:10 [debug]: [Auth] Token verified: uid=VxlLrNpocffZ6GxookNgFXT6bC83 tier=premium
2026-06-23 21:02:10 [debug]: POST /verify 200 2440ms — ::1
2026-06-23 21:02:38 [debug]: Auth: uid=VxlLrNpocffZ6GxookNgFXT6bC83 tier=premium
2026-06-23 21:02:38 [info]: [extract] Starting for: https://www.instagram.com/reel/DZNVAxYh_Qn/?igsh=NzBpbW1lNjNqemts
2026-06-23 21:02:38 [info]: [yt-dlp] Running extraction for: https://www.instagram.com/reel/DZNVAxYh_Qn/?igsh=NzBpbW1lNjNqemts
2026-06-23 21:02:42 [debug]: POST / 200 4268ms — ::1
2026-06-23 21:02:43 [debug]: GET /api/thumbnail 200 277ms — ::1
2026-06-23 21:02:46 [info]: [extractFormatUrl] Using cached extraction for: https://www.instagram.com/reel/DZNVAxYh_Qn/?igsh=NzBpbW1lNjNqemts
2026-06-23 21:02:46 [debug]: POST / 200 6ms — ::1
2026-06-23 21:02:46 [info]: [Stream] Starting: Video by gargi_sh_965.mp4 | merge=false | video=true | audio=false
2026-06-23 21:02:49 [debug]: GET /stream/87b352a421c06a1c8156514a4b7a 200 2277ms — ::1
2026-06-23 21:03:18 [debug]: Auth: uid=VxlLrNpocffZ6GxookNgFXT6bC83 tier=premium
2026-06-23 21:03:18 [info]: [extract] Starting for: https://x.com/i/broadcasts/1oJMvvqzngYxQ?s=20
2026-06-23 21:03:18 [info]: [yt-dlp] Running extraction for: https://x.com/i/broadcasts/1oJMvvqzngYxQ?s=20
2026-06-23 21:03:23 [debug]: POST / 200 5318ms — ::1
2026-06-23 21:03:24 [debug]: GET /api/thumbnail 200 526ms — ::1
2026-06-23 21:03:26 [info]: [extractFormatUrl] Using cached extraction for: https://x.com/i/broadcasts/1oJMvvqzngYxQ?s=20
2026-06-23 21:03:26 [debug]: POST / 200 6ms — ::1
2026-06-23 21:03:26 [info]: [Stream] Starting: Addressing the joint press meet with PM Robert Fico of Slovakia.  @RobertFicoSVK.mp4 | merge=false | video=true | audio=false
2026-06-23 21:03:26 [debug]: GET /stream/4ae94ff32558bf3a1927ea5d7ef0 200 279ms — ::1
2026-06-23 21:05:27 [info]: Firebase Admin SDK initialized for project: video-downloader-fd8ef
2026-06-23 21:05:28 [info]: Admin user arjitdaga@example.com already exists in Firebase Auth.
2026-06-23 21:05:28 [info]: [yt-dlp] Binary found and ready.
2026-06-23 21:05:28 [info]: ✅ yt-dlp found: vtrue
2026-06-23 21:05:28 [info]: [yt-dlp] Running auto-update...
2026-06-23 21:05:28 [info]: ✅ FFmpeg found: ffmpeg version 6.1.1-essentials_build-www.gyan.dev Copyright (c) 2000-2023 the FFmpeg developers
2026-06-23 21:05:28 [info]: 
🚀 Video Downloader API running at http://localhost:3000
2026-06-23 21:05:28 [info]:    Environment: development
2026-06-23 21:05:28 [info]:    Open http://localhost:3000 in your browser

2026-06-23 21:05:30 [info]: User VxlLrNpocffZ6GxookNgFXT6bC83 upgraded to premium (Razorpay Order: admin-seed)
2026-06-23 21:05:30 [info]: [yt-dlp] Update check complete.
2026-06-23 21:05:41 [debug]: GET / 200 13ms — ::1
2026-06-23 21:05:42 [debug]: GET /css/styles.css 200 7ms — ::1
2026-06-23 21:05:42 [debug]: GET /js/api.js 200 5ms — ::1
2026-06-23 21:05:42 [debug]: GET /js/auth.js 200 6ms — ::1
2026-06-23 21:05:42 [debug]: GET /js/ui.js 200 3ms — ::1
2026-06-23 21:05:42 [debug]: GET /js/app.js 200 3ms — ::1
2026-06-23 21:05:42 [debug]: GET /api/config 200 5ms — ::1
2026-06-23 21:05:43 [debug]: GET /favicon.ico 200 10ms — ::1
2026-06-23 21:05:44 [info]: Firestore user record created/updated for uid VxlLrNpocffZ6GxookNgFXT6bC83
2026-06-23 21:05:44 [debug]: Auth: uid=VxlLrNpocffZ6GxookNgFXT6bC83 tier=premium
2026-06-23 21:05:44 [info]: [extract] Starting for: https://x.com/i/broadcasts/1oJMvvqzngYxQ?s=20
2026-06-23 21:05:44 [info]: [yt-dlp] Running extraction for: https://x.com/i/broadcasts/1oJMvvqzngYxQ?s=20
2026-06-23 21:05:46 [debug]: [Auth] Token verified: uid=VxlLrNpocffZ6GxookNgFXT6bC83 tier=premium
2026-06-23 21:05:46 [debug]: POST /verify 200 2441ms — ::1
2026-06-23 21:05:49 [debug]: POST / 200 4910ms — ::1
2026-06-23 21:05:49 [debug]: GET /api/thumbnail 200 98ms — ::1
2026-06-23 21:05:54 [info]: [extractFormatUrl] Using cached extraction for: https://x.com/i/broadcasts/1oJMvvqzngYxQ?s=20
2026-06-23 21:05:54 [debug]: POST / 200 7ms — ::1
2026-06-23 21:05:54 [info]: [Stream] Starting: Addressing the joint press meet with PM Robert Fico of Slovakia.  @RobertFicoSVK.mp4 | merge=false | video=true | audio=false
2026-06-23 21:05:55 [debug]: GET /stream/f90640c28f75cf6a841f1612cb4c 200 630ms — ::1
2026-06-23 21:05:55 [error]: [Stream] FFmpeg (m3u8) exited code=4294967295. Stderr: ffmpeg version 6.1.1-essentials_build-www.gyan.dev Copyright (c) 2000-2023 the FFmpeg developers
  built with gcc 12.2.0 (Rev10, Built by MSYS2 project)
  configuration: --enable-gpl --enable-version3 --enable-static --pkg-config=pkgconf --disable-w32threads --disable-autodetect --enable-fontconfig --enable-iconv --enable-gnutls --enable-libxml2 --enable-gmp --enable-bzlib --enable-lzma --enable-zlib --enable-libsrt --enable-libssh --enable-libzmq --enable-avisynth --enable-sdl2 --enable-libwebp --enable-libx264 --enable-libx265 --enable-libxvid --enable-libaom --enable-libopenjpeg --enable-libvpx --enable-mediafoundation --enable-libass --enable-libfreetype --enable-libfribidi --enable-libharfbuzz --enable-libvidstab --enable-libvmaf --enable-libzimg --enable-amf --enable-cuda-llvm --enable-cuvid --enable-ffnvcodec --enable-nvdec --enable-nvenc --enable-dxva2 --enable-d3d11va --enable-libvpl --enable-libgme --enable-libopenmpt --enable-libopencore-amrwb --enable-libmp3lame --enable-libtheora --enable-libvo-amrwbenc --enable-libgsm --enable-libopencore-amrnb --enable-libopus --enable-libspeex --enable-libvorbis --enable-librubberband
  libavutil      58. 29.100 / 58. 29.100
  libavcodec     60. 31.102 / 60. 31.102
  libavformat    60. 16.100 / 60. 16.100
  libavdevice    60.  3.100 / 60.  3.100
  libavfilter     9. 12.100 /  9. 12.100
  libswscale      7.  5.100 /  7.  5.100
  libswresample   4. 12.100 /  4. 12.100
  libpostproc    57.  3.100 / 57.  3.100
mime type is not rfc8216 compliant
[hls @ 0000025a4512d400] Skip ('#EXT-X-VERSION:6')
[hls @ 0000025a4512d400] Skip ('#EXT-X-INDEPENDENT-SEGMENTS')
[hls @ 0000025a4512d400] Skip ('#EXT-X-PROGRAM-DATE-TIME:2026-06-15T09:32:17.771Z')
[hls @ 0000025a4512d400] Skip ('#EXT-X-PROGRAM-DATE-TIME:2026-06-15T09:32:20.779Z')
[hls @ 0000025a4512d400] Skip ('#EXT-X-PROGRAM-DATE-TIME:2026-06-15T09:32:23.764Z')
[hls @ 0000025a4512d400] Skip ('#EXT-X-PROGRAM-DATE-TIME:2026-06-15T09:32:26.774Z')
[hls @ 0000025a4512d400] Skip ('#EXT-X-PROGRAM-DATE-TIME:2026-06-15T09:32:29.778Z')
[hls @ 0000025a4512d400] Skip ('#EXT-X-PROGRAM-DATE-TIME:2026-06-15T09:32:32.767Z')
[hls @ 0000025a4512d400] Skip ('#EXT-X-PROGRAM-DATE-TIME:2026-06-15T09:32:35.776Z')
[hls @ 0000025a4512d400] Skip ('#EXT-X-PROGRAM-DATE-TIME:2026-06-15T09:32:38.761Z')
[hls @ 0000025a4512d400] Skip ('#EXT-X-PROGRAM-DATE-TIME:2026-06-15T09:32:40.745Z')
[hls @ 0000025a4512d400] Skip ('#EXT-X-PROGRAM-DATE-TIME:2026-06-15T09:32:43.734Z')
[hls @ 0000025a4512d400] Skip ('#EXT-X-PROGRAM-DATE-TIME:2026-06-15T09:32:46.740Z')
[hls @ 0000025a4512d400] Skip ('#EXT-X-PROGRAM-DATE-TIME:2026-06-15T09:32:49.745Z')
[hls @ 0000025a4512d400] Skip ('#EXT-X-PROGRAM-DATE-TIME:2026-06-15T09:32:52.735Z')
[hls @ 0000025a4512d400] Skip ('#EXT-X-PROGRAM-DATE-TIME:2026-06-15T09:32:55.742Z')
[hls @ 0000025a4512d400] Skip ('#EXT-X-PROGRAM-DATE-TIME:2026-06-15T09:32:58.729Z')
[hls @ 0000025a4512d400] Skip ('#EXT-X-PROGRAM-DATE-TIME:2026-06-15T09:33:01.738Z')
[hls @ 0000025a4512d400] Skip ('#EXT-X-PROGRAM-DATE-TIME:2026-06-15T09:33:04.745Z')
[hls @ 0000025a4512d400] Skip ('#EXT-X-PROGRAM-DATE-TIME:2026-06-15T09:33:07.732Z')
[hls @ 0000025a4512d400] Skip ('#EXT-X-PROGRAM-DATE-TIME:2026-06-15T09:33:10.740Z')
[hls @ 0000025a4512d400] Skip ('#EXT-X-PROGRAM-DATE-TIME:2026-06-15T09:33:13.745Z')
[hls @ 0000025a4512d400] Skip ('#EXT-X-PROGRAM-DATE-TIME:2026-06-15T09:33:16.735Z')
[hls @ 0000025a4512d400] Skip ('#EXT-X-PROGRAM-DATE-TIME:2026-06-15T09:33:19.744Z')
[hls @ 0000025a4512d400] Skip ('#EXT-X-PROGRAM-DATE-TIME:2026-06-15T09:33:22.731Z')
[hls @ 0000025a4512d400] Skip ('#EXT-X-PROGRAM-DATE-TIME:2026-06-15T09:33:25.737Z')
[hls @ 0000025a4512d400] Skip ('#EXT-X-PROGRAM-DATE-TIME:2026-06-15T09:33:28.746Z')
[hls @ 0000025a4512d400] Skip ('#EXT-X-PROGRAM-DATE-TIME:2026-06-15T09:33:31.733Z')
[hls @ 0000025a4512d400] Skip ('#EXT-X-PROGRAM-DATE-TIME:2026-06-15T09:33:34.740Z')
[hls @ 0000025a4512d400] Skip ('#EXT-X-PROGRAM-DATE-TIME:2026-06-15T09:33:37.745Z')
[hls @ 0000025a4512d400] Skip ('#EXT-X-PROGRAM-DATE-TIME:2026-06-15T09:33:40.735Z')
[hls @ 0000025a4512d400] Skip ('#EXT-X-PROGRAM-DATE-TIME:2026-06-15T09:33:43.743Z')
[hls @ 0000025a4512d400] Skip ('#EXT-X-PROGRAM-DATE-TIME:2026-06-15T09:33:46.731Z')
[hls @ 0000025a4512d400] Skip ('#EXT-X-PROGRAM-DATE-TIME:2026-06-15T09:33:49.741Z')
[hls @ 0000025a4512d400] Skip ('#EXT-X-PROGRAM-DATE-TIME:2026-06-15T09:33:52.745Z')
[hls @ 0000025a4512d400] Skip ('#EXT-X-PROGRAM-DATE-TIME:2026-06-15T09:33:55.734Z')
[hls @ 0000025a4512d400] Skip ('#EXT-X-PROGRAM-DATE-TIME:2026-06-15T09:33:58.998Z')
[hls @ 0000025a4512d400] Skip ('#EXT-X-PROGRAM-DATE-TIME:2026-06-15T09:34:02.005Z')
[hls @ 0000025a4512d400] Skip ('#EXT-X-PROGRAM-DATE-TIME:2026-06-15T09:34:05.012Z')
[hls @ 0000025a4512d400] Skip ('#EXT-X-PROGRAM-DATE-TIME:2026-06-15T09:34:08.001Z')
[hls @ 0000025a4512d400] Skip ('#EXT-X-PROGRAM-DATE-TIME:2026-06-15T09:34:11.008Z')
[hls @ 0000025a4512d400] Skip ('#EXT-X-PROGRAM-DATE-TIME:2026-06-15T09:34:14.012Z')
[hls @ 0000025a4512d400] Skip ('#EXT-X-PROGRAM-DATE-TIME:2026-06-15T09:34:17.002Z')
[hls @ 0000025a4512d400] Skip ('#EXT-X-PROGRAM-DATE-TIME:2026-06-15T09:34:20.018Z')
[hls @ 0000025a4512d400] Skip ('#EXT-X-PROGRAM-DATE-TIME:2026-06-15T09:34:22.165Z')
[hls @ 0000025a4512d400] Skip ('#EXT-X-PROGRAM-DATE-TIME:2026-06-15T09:34:25.173Z')
[hls @ 0000025a4512d400] Skip ('#EXT-X-PROGRAM-DATE-TIME:2026-06-15T09:34:28.801Z')
[hls @ 0000025a4512d400] Skip ('#EXT-X-PROGRAM-DATE-TIME:2026-06-15T09:34:31.807Z')
[hls @ 0000025a4512d400] Skip ('#EXT-X-PROGRAM-DATE-TIME:2026-06-15T09:34:34.812Z')
[hls @ 0000025a4512d400] Skip ('#EXT-X-PROGRAM-DATE-TIME:2026-06-15T09:34:37.803Z')
[hls @ 0000025a4512d400] Skip ('#EXT-X-PROGRAM-DATE-TIME:2026-06-15T09:34:40.823Z')
[hls @ 0000025a4512d400] Skip ('#EXT-X-PROGRAM-DATE-TIME:2026-06-15T09:34:43.798Z')
[hls @ 0000025a4512d400] Skip ('#EXT-X-PROGRAM-DATE-TIME:2026-06-15T09:34:46.805Z')
[hls @ 0000025a4512d400] Skip ('#EXT-X-PROGRAM-DATE-TIME:2026-06-15T09:34:49.813Z')
[hls @ 0000025a4512d400] Skip ('#EXT-X-PROGRAM-DATE-TIME:2026-06-15T09:34:53.479Z')
[hls @ 0000025a4512d400] Skip ('#EXT-X-PROGRAM-DATE-TIME:2026-06-15T09:34:56.470Z')
[hls @ 0000025a4512d400] Skip ('#EXT-X-PROGRAM-DATE-TIME:2026-06-15T09:34:59.478Z')
[hls @ 0000025a4512d400] Skip ('#EXT-X-PROGRAM-DATE-TIME:2026-06-15T09:35:02.465Z')
[hls @ 0000025a4512d400] Skip ('#EXT-X-PROGRAM-DATE-TIME:2026-06-15T09:35:05.473Z')
[hls @ 0000025a4512d400] Skip ('#EXT-X-PROGRAM-DATE-TIME:2026-06-15T09:35:08.479Z')
[hls @ 0000025a4512d400] Skip ('#EXT-X-PROGRAM-DATE-TIME:2026-06-15T09:35:11.470Z')
[hls @ 0000025a4512d400] Skip ('#EXT-X-PROGRAM-DATE-TIME:2026-06-15T09:35:14.475Z')
[hls @ 0000025a4512d400] Skip ('#EXT-X-PROGRAM-DATE-TIME:2026-06-15T09:35:17.481Z')
[hls @ 0000025a4512d400] Skip ('#EXT-X-PROGRAM-DATE-TIME:2026-06-15T09:35:20.469Z')
[hls @ 0000025a4512d400] Skip ('#EXT-X-PROGRAM-DATE-TIME:2026-06-15T09:35:24.972Z')
[hls @ 0000025a4512d400] Skip ('#EXT-X-PROGRAM-DATE-TIME:2026-06-15T09:35:27.979Z')
[hls @ 0000025a4512d400] Skip ('#EXT-X-PROGRAM-DATE-TIME:2026-06-15T09:35:30.965Z')
[hls @ 0000025a4512d400] Skip ('#EXT-X-PROGRAM-DATE-TIME:2026-06-15T09:35:33.974Z')
[hls @ 0000025a4512d400] Skip ('#EXT-X-PROGRAM-DATE-TIME:2026-06-15T09:35:36.979Z')
[hls @ 0000025a4512d400] Skip ('#EXT-X-PROGRAM-DATE-TIME:2026-06-15T09:35:39.955Z')
[hls @ 0000025a4512d400] Skip ('#EXT-X-PROGRAM-DATE-TIME:2026-06-15T09:35:42.964Z')
[hls @ 0000025a4512d400] Skip ('#EXT-X-PROGRAM-DATE-TIME:2026-06-15T09:35:46.879Z')
[hls @ 0000025a4512d400] Skip ('#EXT-X-PROGRAM-DATE-TIME:2026-06-15T09:35:49.866Z')
[hls @ 0000025a4512d400] Skip ('#EXT-X-PROGRAM-DATE-TIME:2026-06-15T09:35:52.875Z')
[hls @ 0000025a4512d400] Skip ('#EXT-X-PROGRAM-DATE-TIME:2026-06-15T09:35:55.879Z')
[hls @ 0000025a4512d400] Skip ('#EXT-X-PROGRAM-DATE-TIME:2026-06-15T09:35:58.856Z')
[hls @ 0000025a4512d400] Skip ('#EXT-X-PROGRAM-DATE-TIME:2026-06-15T09:36:01.865Z')
[hls @ 0000025a4512d400] Skip ('#EXT-X-PROGRAM-DATE-TIME:2026-06-15T09:36:04.851Z')
[hls @ 0000025a4512d400] Skip ('#EXT-X-PROGRAM-DATE-TIME:2026-06-15T09:36:07.874Z')
[hls @ 0000025a4512d400] Skip ('#EXT-X-PROGRAM-DATE-TIME:2026-06-15T09:36:10.879Z')
[hls @ 0000025a4512d400] Skip ('#EXT-X-PROGRAM-DATE-TIME:2026-06-15T09:36:13.866Z')
[hls @ 0000025a4512d400] Skip ('#EXT-X-PROGRAM-DATE-TIME:2026-06-15T09:36:16.874Z')
[hls @ 0000025a4512d400] Skip ('#EXT-X-PROGRAM-DATE-TIME:2026-06-15T09:36:20.439Z')
[hls @ 0000025a4512d400] Skip ('#EXT-X-PROGRAM-DATE-TIME:2026-06-15T09:36:23.446Z')
[hls @ 0000025a4512d400] Skip ('#EXT-X-PROGRAM-DATE-TIME:2026-06-15T09:36:26.433Z')
[hls @ 0000025a4512d400] Skip ('#EXT-X-PROGRAM-DATE-TIME:2026-06-15T09:36:29.441Z')
[hls @ 0000025a4512d400] Skip ('#EXT-X-PROGRAM-DATE-TIME:2026-06-15T09:36:32.446Z')
[hls @ 0000025a4512d400] Skip ('#EXT-X-PROGRAM-DATE-TIME:2026-06-15T09:36:34.837Z')
[hls @ 0000025a4512d400] Skip ('#EXT-X-PROGRAM-DATE-TIME:2026-06-15T09:36:37.845Z')
[hls @ 0000025a4512d400] Skip ('#EXT-X-PROGRAM-DATE-TIME:2026-06-15T09:36:39.979Z')
[hls @ 0000025a4512d400] Skip ('#EXT-X-PROGRAM-DATE-TIME:2026-06-15T09:36:42.965Z')
[hls @ 0000025a4512d400] Skip ('#EXT-X-PROGRAM-DATE-TIME:2026-06-15T09:36:45.973Z')
[hls @ 0000025a4512d400] Skip ('#EXT-X-PROGRAM-DATE-TIME:2026-06-15T09:36:48.980Z')
[hls @ 0000025a4512d400] Skip ('#EXT-X-PROGRAM-DATE-TIME:2026-06-15T09:36:51.969Z')
[hls @ 0000025a4512d400] Skip ('#EXT-X-PROGRAM-DATE-TIME:2026-06-15T09:36:54.976Z')
[hls @ 0000025a4512d400] Skip ('#EXT-X-PROGRAM-DATE-TIME:2026-06-15T09:36:57.964Z')
[hls @ 0000025a4512d400] Skip ('#EXT-X-PROGRAM-DATE-TIME:2026-06-15T09:37:00.971Z')
[hls @ 0000025a4512d400] Skip ('#EXT-X-PROGRAM-DATE-TIME:2026-06-15T09:37:03.979Z')
[hls @ 0000025a4512d400] Skip ('#EXT-X-PROGRAM-DATE-TIME:2026-06-15T09:37:06.967Z')
[hls @ 0000025a4512d400] Skip ('#EXT-X-PROGRAM-DATE-TIME:2026-06-15T09:37:09.974Z')
[hls @ 0000025a4512d400] Skip ('#EXT-X-PROGRAM-DATE-TIME:2026-06-15T09:37:12.640Z')
[hls @ 0000025a4512d400] Skip ('#EXT-X-PROGRAM-DATE-TIME:2026-06-15T09:37:15.646Z')
[hls @ 0000025a4512d400] Skip ('#EXT-X-PROGRAM-DATE-TIME:2026-06-15T09:37:18.935Z')
[hls @ 0000025a4512d400] Skip ('#EXT-X-PROGRAM-DATE-TIME:2026-06-15T09:37:21.943Z')
[hls @ 0000025a4512d400] Skip ('#EXT-X-PROGRAM-DATE-TIME:2026-06-15T09:37:24.947Z')
[hls @ 0000025a4512d400] Skip ('#EXT-X-PROGRAM-DATE-TIME:2026-06-15T09:37:27.937Z')
[hls @ 0000025a4512d400] Skip ('#EXT-X-PROGRAM-DATE-TIME:2026-06-15T09:37:30.945Z')
[hls @ 0000025a4512d400] Skip ('#EXT-X-PROGRAM-DATE-TIME:2026-06-15T09:37:33.932Z')
[hls @ 0000025a4512d400] Skip ('#EXT-X-PROGRAM-DATE-TIME:2026-06-15T09:37:36.942Z')
[hls @ 0000025a4512d400] Skip ('#EXT-X-PROGRAM-DATE-TIME:2026-06-15T09:37:39.946Z')
[hls @ 0000025a4512d400] Skip ('#EXT-X-PROGRAM-DATE-TIME:2026-06-15T09:37:42.935Z')
[hls @ 0000025a4512d400] Skip ('#EXT-X-PROGRAM-DATE-TIME:2026-06-15T09:37:45.944Z')
[hls @ 0000025a4512d400] Skip ('#EXT-X-PROGRAM-DATE-TIME:2026-06-15T09:37:48.946Z')
[hls @ 0000025a4512d400] Skip ('#EXT-X-PROGRAM-DATE-TIME:2026-06-15T09:37:51.937Z')
[hls @ 0000025a4512d400] Skip ('#EXT-X-PROGRAM-DATE-TIME:2026-06-15T09:37:54.944Z')
[hls @ 0000025a4512d400] Skip ('#EXT-X-PROGRAM-DATE-TIME:2026-06-15T09:37:57.932Z')
[hls @ 0000025a4512d400] Skip ('#EXT-X-PROGRAM-DATE-TIME:2026-06-15T09:38:00.939Z')
[hls @ 0000025a4512d400] Skip ('#EXT-X-PROGRAM-DATE-TIME:2026-06-15T09:38:03.947Z')
[hls @ 0000025a4512d400] Skip ('#EXT-X-PROGRAM-DATE-TIME:2026-06-15T09:38:06.935Z')
[hls @ 0000025a4512d400] Skip ('#EXT-X-PROGRAM-DATE-TIME:2026-06-15T09:38:09.943Z')
[hls @ 0000025a4512d400] Skip ('#EXT-X-PROGRAM-DATE-TIME:2026-06-15T09:38:13.397Z')
[hls @ 0000025a4512d400] Skip ('#EXT-X-PROGRAM-DATE-TIME:2026-06-15T09:38:17.004Z')
[hls @ 0000025a4512d400] Skip ('#EXT-X-PROGRAM-DATE-TIME:2026-06-15T09:38:20.012Z')
[hls @ 0000025a4512d400] Skip ('#EXT-X-PROGRAM-DATE-TIME:2026-06-15T09:38:24.896Z')
[hls @ 0000025a4512d400] Skip ('#EXT-X-PROGRAM-DATE-TIME:2026-06-15T09:38:28.971Z')
[hls @ 0000025a4512d400] Skip ('#EXT-X-PROGRAM-DATE-TIME:2026-06-15T09:38:31.979Z')
[hls @ 0000025a4512d400] Skip ('#EXT-X-PROGRAM-DATE-TIME:2026-06-15T09:38:34.966Z')
[hls @ 0000025a4512d400] Skip ('#EXT-X-PROGRAM-DATE-TIME:2026-06-15T09:38:37.975Z')
[hls @ 0000025a4512d400] Skip ('#EXT-X-PROGRAM-DATE-TIME:2026-06-15T09:38:40.979Z')
[hls @ 0000025a4512d400] Skip ('#EXT-X-PROGRAM-DATE-TIME:2026-06-15T09:38:43.970Z')
[hls @ 0000025a4512d400] Skip ('#EXT-X-PROGRAM-DATE-TIME:2026-06-15T09:38:46.978Z')
[hls @ 0000025a4512d400] Skip ('#EXT-X-PROGRAM-DATE-TIME:2026-06-15T09:38:49.963Z')
[hls @ 0000025a4512d400] Skip ('#EXT-X-PROGRAM-DATE-TIME:2026-06-15T09:38:52.972Z')
[hls @ 0000025a4512d400] Skip ('#EXT-X-PROGRAM-DATE-TIME:2026-06-15T09:38:55.680Z')
[hls @ 0000025a4512d400] Skip ('#EXT-X-PROGRAM-DATE-TIME:2026-06-15T09:38:58.580Z')
[hls @ 0000025a4512d400] Skip ('#EXT-X-PROGRAM-DATE-TIME:2026-06-15T09:39:01.568Z')
[hls @ 0000025a4512d400] Skip ('#EXT-X-PROGRAM-DATE-TIME:2026-06-15T09:39:04.577Z')
[hls @ 0000025a4512d400] Skip ('#EXT-X-PROGRAM-DATE-TIME:2026-06-15T09:39:07.564Z')
[hls @ 0000025a4512d400] Skip ('#EXT-X-PROGRAM-DATE-TIME:2026-06-15T09:39:10.572Z')
[hls @ 0000025a4512d400] Skip ('#EXT-X-PROGRAM-DATE-TIME:2026-06-15T09:39:13.579Z')
[hls @ 0000025a4512d400] Skip ('#EXT-X-PROGRAM-DATE-TIME:2026-06-15T09:39:16.567Z')
[hls @ 0000025a4512d400] Skip ('#EXT-X-PROGRAM-DATE-TIME:2026-06-15T09:39:19.576Z')
[hls @ 0000025a4512d400] Skip ('#EXT-X-PROGRAM-DATE-TIME:2026-06-15T09:39:22.568Z')
[hls @ 0000025a4512d400] Skip ('#EXT-X-PROGRAM-DATE-TIME:2026-06-15T09:39:25.558Z')
[hls @ 0000025a4512d400] Skip ('#EXT-X-PROGRAM-DATE-TIME:2026-06-15T09:39:28.576Z')
[hls @ 0000025a4512d400] Skip ('#EXT-X-PROGRAM-DATE-TIME:2026-06-15T09:39:31.563Z')
[hls @ 0000025a4512d400] Skip ('#EXT-X-PROGRAM-DATE-TIME:2026-06-15T09:39:34.571Z')
[hls @ 0000025a4512d400] Skip ('#EXT-X-PROGRAM-DATE-TIME:2026-06-15T09:39:37.579Z')
[hls @ 0000025a4512d400] Skip ('#EXT-X-PROGRAM-DATE-TIME:2026-06-15T09:39:40.567Z')
[hls @ 0000025a4512d400] Skip ('#EXT-X-PROGRAM-DATE-TIME:2026-06-15T09:39:43.573Z')
[hls @ 0000025a4512d400] Skip ('#EXT-X-PROGRAM-DATE-TIME:2026-06-15T09:39:46.580Z')
[hls @ 0000025a4512d400] Skip ('#EXT-X-PROGRAM-DATE-TIME:2026-06-15T09:39:49.569Z')
[hls @ 0000025a4512d400] Skip ('#EXT-X-PROGRAM-DATE-TIME:2026-06-15T09:39:52.578Z')
[hls @ 0000025a4512d400] Skip ('#EXT-X-PROGRAM-DATE-TIME:2026-06-15T09:39:55.565Z')
[hls @ 0000025a4512d400] Skip ('#EXT-X-PROGRAM-DATE-TIME:2026-06-15T09:39:58.572Z')
[hls @ 0000025a4512d400] Skip ('#EXT-X-PROGRAM-DATE-TIME:2026-06-15T09:40:01.579Z')
[hls @ 0000025a4512d400] Skip ('#EXT-X-PROGRAM-DATE-TIME:2026-06-15T09:40:04.566Z')
[hls @ 0000025a4512d400] Skip ('#EXT-X-PROGRAM-DATE-TIME:2026-06-15T09:40:07.575Z')
[hls @ 0000025a4512d400] Skip ('#EXT-X-PROGRAM-DATE-TIME:2026-06-15T09:40:10.580Z')
[hls @ 0000025a4512d400] Skip ('#EXT-X-PROGRAM-DATE-TIME:2026-06-15T09:40:14.766Z')
[hls @ 0000025a4512d400] Skip ('#EXT-X-PROGRAM-DATE-TIME:2026-06-15T09:40:17.771Z')
[hls @ 0000025a4512d400] Skip ('#EXT-X-PROGRAM-DATE-TIME:2026-06-15T09:40:20.780Z')
[hls @ 0000025a4512d400] Skip ('#EXT-X-PROGRAM-DATE-TIME:2026-06-15T09:40:23.767Z')
[hls @ 0000025a4512d400] Skip ('#EXT-X-PROGRAM-DATE-TIME:2026-06-15T09:40:26.775Z')
[hls @ 0000025a4512d400] Skip ('#EXT-X-PROGRAM-DATE-TIME:2026-06-15T09:40:31.147Z')
[hls @ 0000025a4512d400] Skip ('#EXT-X-PROGRAM-DATE-TIME:2026-06-15T09:40:34.432Z')
[hls @ 0000025a4512d400] Skip ('#EXT-X-PROGRAM-DATE-TIME:2026-06-15T09:40:37.442Z')
[hls @ 0000025a4512d400] Skip ('#EXT-X-PROGRAM-DATE-TIME:2026-06-15T09:40:40.447Z')
[hls @ 0000025a4512d400] Skip ('#EXT-X-PROGRAM-DATE-TIME:2026-06-15T09:40:43.437Z')
[hls @ 0000025a4512d400] Skip ('#EXT-X-PROGRAM-DATE-TIME:2026-06-15T09:40:46.443Z')
[hls @ 0000025a4512d400] Skip ('#EXT-X-PROGRAM-DATE-TIME:2026-06-15T09:40:49.432Z')
[hls @ 0000025a4512d400] Skip ('#EXT-X-PROGRAM-DATE-TIME:2026-06-15T09:40:52.630Z')
[hls @ 0000025a4512d400] Skip ('#EXT-X-PROGRAM-DATE-TIME:2026-06-15T09:40:55.380Z')
[hls @ 0000025a4512d400] Opening 'https://prod-fastly-us-west-2.video.pscp.tv/Transcoding/v1/hls/YVo47bfH3y8tlE2DgToQG9XRLgYPeGslzjoAYQiS85sh5FBflh6bEB8ELSPDS9S2HD-0H_QZ0KJ0wqrd22keRw/transcode/us-west-2/periscope-replay-direct-prod-us-west-2-public/eyJhbGciOiJIUzI1NiIsInR5cCI6IkpXVCIsInZlcnNpb24iOiIyIn0.eyJFbmNvZGVyU2V0dGluZyI6ImVuY29kZXJfc2V0dGluZ18xMDgwcDMwXzEwIiwiSGVpZ2h0IjoxMDgwLCJLYnBzIjo1NTAwLCJXaWR0aCI6MTkyMH0.OImMZabKYJ0cs9CnIapU-4aBk6KNBiJxi1hh-6l4BZ4/chunk_1781515930391075988_965_a.ts' for reading
[hls @ 0000025a4512d400] Opening 'https://prod-fastly-us-west-2.video.pscp.tv/Transcoding/v1/hls/YVo47bfH3y8tlE2DgToQG9XRLgYPeGslzjoAYQiS85sh5FBflh6bEB8ELSPDS9S2HD-0H_QZ0KJ0wqrd22keRw/transcode/us-west-2/periscope-replay-direct-prod-us-west-2-public/eyJhbGciOiJIUzI1NiIsInR5cCI6IkpXVCIsInZlcnNpb24iOiIyIn0.eyJFbmNvZGVyU2V0dGluZyI6ImVuY29kZXJfc2V0dGluZ18xMDgwcDMwXzEwIiwiSGVpZ2h0IjoxMDgwLCJLYnBzIjo1NTAwLCJXaWR0aCI6MTkyMH0.OImMZabKYJ0cs9CnIapU-4aBk6KNBiJxi1hh-6l4BZ4/chunk_1781515934812456046_966_a.ts' for reading
Input #0, hls, from 'https://prod-fastly-us-west-2.video.pscp.tv/Transcoding/v1/hls/YVo47bfH3y8tlE2DgToQG9XRLgYPeGslzjoAYQiS85sh5FBflh6bEB8ELSPDS9S2HD-0H_QZ0KJ0wqrd22keRw/transcode/us-west-2/periscope-replay-direct-prod-us-west-2-public/eyJhbGciOiJIUzI1NiIsInR5cCI6IkpXVCIsInZlcnNpb24iOiIyIn0.eyJFbmNvZGVyU2V0dGluZyI6ImVuY29kZXJfc2V0dGluZ18xMDgwcDMwXzEwIiwiSGVpZ2h0IjoxMDgwLCJLYnBzIjo1NTAwLCJXaWR0aCI6MTkyMH0.OImMZabKYJ0cs9CnIapU-4aBk6KNBiJxi1hh-6l4BZ4/playlist_16665227602535066264.m3u8?type=replay':
  Duration: 00:08:37.83, start: 2919.033000, bitrate: 0 kb/s
  Program 0 
    Metadata:
      variant_bitrate : 0
  Stream #0:0: Data: timed_id3 (ID3  / 0x20334449)
    Metadata:
      variant_bitrate : 0
  Stream #0:1: Video: h264 (High) ([27][0][0][0] / 0x001B), yuv420p, 1920x1080, 30 tbr, 90k tbn
    Metadata:
      variant_bitrate : 0
  Stream #0:2: Audio: aac (LC) ([15][0][0][0] / 0x000F), 48000 Hz, stereo, fltp
    Metadata:
      variant_bitrate : 0
Output #0, mp4, to 'pipe:1':
  Metadata:
    encoder         : Lavf60.16.100
  Stream #0:0: Video: h264 (High) (avc1 / 0x31637661), yuv420p, 1920x1080, q=2-31, 30 tbr, 90k tbn
    Metadata:
      variant_bitrate : 0
  Stream #0:1: Audio: aac (LC) (mp4a / 0x6134706D), 48000 Hz, stereo, fltp
    Metadata:
      variant_bitrate : 0
Stream mapping:
  Stream #0:1 -> #0:0 (copy)
  Stream #0:2 -> #0:1 (copy)
Press [q] to stop, [?] for help
size=       0kB time=00:00:00.00 bitrate=N/A speed=N/A    [mp4 @ 0000025a459c7b80] Malformed AAC bitstream detected: use the audio bitstream filter 'aac_adtstoasc' to fix it ('-bsf:a aac_adtstoasc' option with ffmpeg)
[vost#0:0/copy @ 0000025a457266c0] Error submitting a packet to the muxer: Operation not permitted
[out#0/mp4 @ 0000025a4597fc80] Error muxing a packet
[mp4 @ 0000025a459c7b80] Malformed AAC bitstream detected: use the audio bitstream filter 'aac_adtstoasc' to fix it ('-bsf:a aac_adtstoasc' option with ffmpeg)
[mp4 @ 0000025a459c7b80] Estimating the duration of the last packet in a fragment, consider setting the duration field in AVPacket instead.
[out#0/mp4 @ 0000025a4597fc80] Error writing trailer: Operation not permitted
[out#0/mp4 @ 0000025a4597fc80] video:45kB audio:1kB subtitle:0kB other streams:0kB global headers:0kB muxing overhead: 0.157881%
size=      46kB time=00:00:00.19 bitrate=1982.5kbits/s speed= 173x    
Conversion failed!

2026-06-23 21:07:56 [info]: Firebase Admin SDK initialized for project: video-downloader-fd8ef
2026-06-23 21:07:57 [info]: Admin user arjitdaga@example.com already exists in Firebase Auth.
2026-06-23 21:07:57 [info]: [yt-dlp] Binary found and ready.
2026-06-23 21:07:57 [info]: ✅ yt-dlp found: vtrue
2026-06-23 21:07:57 [info]: [yt-dlp] Running auto-update...
2026-06-23 21:07:57 [info]: ✅ FFmpeg found: ffmpeg version 6.1.1-essentials_build-www.gyan.dev Copyright (c) 2000-2023 the FFmpeg developers
2026-06-23 21:07:57 [info]: 
🚀 Video Downloader API running at http://localhost:3000
2026-06-23 21:07:57 [info]:    Environment: development
2026-06-23 21:07:57 [info]:    Open http://localhost:3000 in your browser

2026-06-23 21:07:57 [info]: User VxlLrNpocffZ6GxookNgFXT6bC83 upgraded to premium (Razorpay Order: admin-seed)
2026-06-23 21:07:59 [info]: [yt-dlp] Update check complete.
2026-06-23 21:08:50 [debug]: GET / 200 14ms — ::1
2026-06-23 21:08:50 [debug]: GET /css/styles.css 200 4ms — ::1
2026-06-23 21:08:50 [debug]: GET /js/api.js 200 10ms — ::1
2026-06-23 21:08:50 [debug]: GET /js/auth.js 200 10ms — ::1
2026-06-23 21:08:50 [debug]: GET /js/ui.js 200 10ms — ::1
2026-06-23 21:08:50 [debug]: GET /js/app.js 200 9ms — ::1
2026-06-23 21:08:50 [debug]: GET /api/config 200 5ms — ::1
2026-06-23 21:08:51 [debug]: GET /favicon.ico 200 10ms — ::1
2026-06-23 21:08:52 [info]: Firestore user record created/updated for uid VxlLrNpocffZ6GxookNgFXT6bC83
2026-06-23 21:08:52 [debug]: Auth: uid=VxlLrNpocffZ6GxookNgFXT6bC83 tier=premium
2026-06-23 21:08:52 [info]: [extract] Starting for: https://x.com/i/broadcasts/1oJMvvqzngYxQ?s=20
2026-06-23 21:08:52 [info]: [yt-dlp] Running extraction for: https://x.com/i/broadcasts/1oJMvvqzngYxQ?s=20
2026-06-23 21:08:54 [debug]: [Auth] Token verified: uid=VxlLrNpocffZ6GxookNgFXT6bC83 tier=premium
2026-06-23 21:08:54 [debug]: POST /verify 200 2497ms — ::1
2026-06-23 21:08:58 [debug]: POST / 200 5330ms — ::1
2026-06-23 21:08:58 [debug]: GET /api/thumbnail 200 94ms — ::1
2026-06-23 21:09:11 [info]: [extractFormatUrl] Using cached extraction for: https://x.com/i/broadcasts/1oJMvvqzngYxQ?s=20
2026-06-23 21:09:11 [debug]: POST / 200 14ms — ::1
2026-06-23 21:09:11 [info]: [Stream] Starting: Addressing the joint press meet with PM Robert Fico of Slovakia.  @RobertFicoSVK.mp4 | merge=false | video=true | audio=false
2026-06-23 21:09:20 [error]: [Stream] FFmpeg (m3u8) exited code=null. Stderr: ffmpeg version 6.1.1-essentials_build-www.gyan.dev Copyright (c) 2000-2023 the FFmpeg developers
  built with gcc 12.2.0 (Rev10, Built by MSYS2 project)
  configuration: --enable-gpl --enable-version3 --enable-static --pkg-config=pkgconf --disable-w32threads --disable-autodetect --enable-fontconfig --enable-iconv --enable-gnutls --enable-libxml2 --enable-gmp --enable-bzlib --enable-lzma --enable-zlib --enable-libsrt --enable-libssh --enable-libzmq --enable-avisynth --enable-sdl2 --enable-libwebp --enable-libx264 --enable-libx265 --enable-libxvid --enable-libaom --enable-libopenjpeg --enable-libvpx --enable-mediafoundation --enable-libass --enable-libfreetype --enable-libfribidi --enable-libharfbuzz --enable-libvidstab --enable-libvmaf --enable-libzimg --enable-amf --enable-cuda-llvm --enable-cuvid --enable-ffnvcodec --enable-nvdec --enable-nvenc --enable-dxva2 --enable-d3d11va --enable-libvpl --enable-libgme --enable-libopenmpt --enable-libopencore-amrwb --enable-libmp3lame --enable-libtheora --enable-libvo-amrwbenc --enable-libgsm --enable-libopencore-amrnb --enable-libopus --enable-libspeex --enable-libvorbis --enable-librubberband
  libavutil      58. 29.100 / 58. 29.100
  libavcodec     60. 31.102 / 60. 31.102
  libavformat    60. 16.100 / 60. 16.100
  libavdevice    60.  3.100 / 60.  3.100
  libavfilter     9. 12.100 /  9. 12.100
  libswscale      7.  5.100 /  7.  5.100
  libswresample   4. 12.100 /  4. 12.100
  libpostproc    57.  3.100 / 57.  3.100
mime type is not rfc8216 compliant
[hls @ 00000255cfc2d480] Skip ('#EXT-X-VERSION:6')
[hls @ 00000255cfc2d480] Skip ('#EXT-X-INDEPENDENT-SEGMENTS')
[hls @ 00000255cfc2d480] Skip ('#EXT-X-PROGRAM-DATE-TIME:2026-06-15T09:32:17.771Z')
[hls @ 00000255cfc2d480] Skip ('#EXT-X-PROGRAM-DATE-TIME:2026-06-15T09:32:20.779Z')
[hls @ 00000255cfc2d480] Skip ('#EXT-X-PROGRAM-DATE-TIME:2026-06-15T09:32:23.764Z')
[hls @ 00000255cfc2d480] Skip ('#EXT-X-PROGRAM-DATE-TIME:2026-06-15T09:32:26.774Z')
[hls @ 00000255cfc2d480] Skip ('#EXT-X-PROGRAM-DATE-TIME:2026-06-15T09:32:29.778Z')
[hls @ 00000255cfc2d480] Skip ('#EXT-X-PROGRAM-DATE-TIME:2026-06-15T09:32:32.767Z')
[hls @ 00000255cfc2d480] Skip ('#EXT-X-PROGRAM-DATE-TIME:2026-06-15T09:32:35.776Z')
[hls @ 00000255cfc2d480] Skip ('#EXT-X-PROGRAM-DATE-TIME:2026-06-15T09:32:38.761Z')
[hls @ 00000255cfc2d480] Skip ('#EXT-X-PROGRAM-DATE-TIME:2026-06-15T09:32:40.745Z')
[hls @ 00000255cfc2d480] Skip ('#EXT-X-PROGRAM-DATE-TIME:2026-06-15T09:32:43.734Z')
[hls @ 00000255cfc2d480] Skip ('#EXT-X-PROGRAM-DATE-TIME:2026-06-15T09:32:46.740Z')
[hls @ 00000255cfc2d480] Skip ('#EXT-X-PROGRAM-DATE-TIME:2026-06-15T09:32:49.745Z')
[hls @ 00000255cfc2d480] Skip ('#EXT-X-PROGRAM-DATE-TIME:2026-06-15T09:32:52.735Z')
[hls @ 00000255cfc2d480] Skip ('#EXT-X-PROGRAM-DATE-TIME:2026-06-15T09:32:55.742Z')
[hls @ 00000255cfc2d480] Skip ('#EXT-X-PROGRAM-DATE-TIME:2026-06-15T09:32:58.729Z')
[hls @ 00000255cfc2d480] Skip ('#EXT-X-PROGRAM-DATE-TIME:2026-06-15T09:33:01.738Z')
[hls @ 00000255cfc2d480] Skip ('#EXT-X-PROGRAM-DATE-TIME:2026-06-15T09:33:04.745Z')
[hls @ 00000255cfc2d480] Skip ('#EXT-X-PROGRAM-DATE-TIME:2026-06-15T09:33:07.732Z')
[hls @ 00000255cfc2d480] Skip ('#EXT-X-PROGRAM-DATE-TIME:2026-06-15T09:33:10.740Z')
[hls @ 00000255cfc2d480] Skip ('#EXT-X-PROGRAM-DATE-TIME:2026-06-15T09:33:13.745Z')
[hls @ 00000255cfc2d480] Skip ('#EXT-X-PROGRAM-DATE-TIME:2026-06-15T09:33:16.735Z')
[hls @ 00000255cfc2d480] Skip ('#EXT-X-PROGRAM-DATE-TIME:2026-06-15T09:33:19.744Z')
[hls @ 00000255cfc2d480] Skip ('#EXT-X-PROGRAM-DATE-TIME:2026-06-15T09:33:22.731Z')
[hls @ 00000255cfc2d480] Skip ('#EXT-X-PROGRAM-DATE-TIME:2026-06-15T09:33:25.737Z')
[hls @ 00000255cfc2d480] Skip ('#EXT-X-PROGRAM-DATE-TIME:2026-06-15T09:33:28.746Z')
[hls @ 00000255cfc2d480] Skip ('#EXT-X-PROGRAM-DATE-TIME:2026-06-15T09:33:31.733Z')
[hls @ 00000255cfc2d480] Skip ('#EXT-X-PROGRAM-DATE-TIME:2026-06-15T09:33:34.740Z')
[hls @ 00000255cfc2d480] Skip ('#EXT-X-PROGRAM-DATE-TIME:2026-06-15T09:33:37.745Z')
[hls @ 00000255cfc2d480] Skip ('#EXT-X-PROGRAM-DATE-TIME:2026-06-15T09:33:40.735Z')
[hls @ 00000255cfc2d480] Skip ('#EXT-X-PROGRAM-DATE-TIME:2026-06-15T09:33:43.743Z')
[hls @ 00000255cfc2d480] Skip ('#EXT-X-PROGRAM-DATE-TIME:2026-06-15T09:33:46.731Z')
[hls @ 00000255cfc2d480] Skip ('#EXT-X-PROGRAM-DATE-TIME:2026-06-15T09:33:49.741Z')
[hls @ 00000255cfc2d480] Skip ('#EXT-X-PROGRAM-DATE-TIME:2026-06-15T09:33:52.745Z')
[hls @ 00000255cfc2d480] Skip ('#EXT-X-PROGRAM-DATE-TIME:2026-06-15T09:33:55.734Z')
[hls @ 00000255cfc2d480] Skip ('#EXT-X-PROGRAM-DATE-TIME:2026-06-15T09:33:58.998Z')
[hls @ 00000255cfc2d480] Skip ('#EXT-X-PROGRAM-DATE-TIME:2026-06-15T09:34:02.005Z')
[hls @ 00000255cfc2d480] Skip ('#EXT-X-PROGRAM-DATE-TIME:2026-06-15T09:34:05.012Z')
[hls @ 00000255cfc2d480] Skip ('#EXT-X-PROGRAM-DATE-TIME:2026-06-15T09:34:08.001Z')
[hls @ 00000255cfc2d480] Skip ('#EXT-X-PROGRAM-DATE-TIME:2026-06-15T09:34:11.008Z')
[hls @ 00000255cfc2d480] Skip ('#EXT-X-PROGRAM-DATE-TIME:2026-06-15T09:34:14.012Z')
[hls @ 00000255cfc2d480] Skip ('#EXT-X-PROGRAM-DATE-TIME:2026-06-15T09:34:17.002Z')
[hls @ 00000255cfc2d480] Skip ('#EXT-X-PROGRAM-DATE-TIME:2026-06-15T09:34:20.018Z')
[hls @ 00000255cfc2d480] Skip ('#EXT-X-PROGRAM-DATE-TIME:2026-06-15T09:34:22.165Z')
[hls @ 00000255cfc2d480] Skip ('#EXT-X-PROGRAM-DATE-TIME:2026-06-15T09:34:25.173Z')
[hls @ 00000255cfc2d480] Skip ('#EXT-X-PROGRAM-DATE-TIME:2026-06-15T09:34:28.801Z')
[hls @ 00000255cfc2d480] Skip ('#EXT-X-PROGRAM-DATE-TIME:2026-06-15T09:34:31.807Z')
[hls @ 00000255cfc2d480] Skip ('#EXT-X-PROGRAM-DATE-TIME:2026-06-15T09:34:34.812Z')
[hls @ 00000255cfc2d480] Skip ('#EXT-X-PROGRAM-DATE-TIME:2026-06-15T09:34:37.803Z')
[hls @ 00000255cfc2d480] Skip ('#EXT-X-PROGRAM-DATE-TIME:2026-06-15T09:34:40.823Z')
[hls @ 00000255cfc2d480] Skip ('#EXT-X-PROGRAM-DATE-TIME:2026-06-15T09:34:43.798Z')
[hls @ 00000255cfc2d480] Skip ('#EXT-X-PROGRAM-DATE-TIME:2026-06-15T09:34:46.805Z')
[hls @ 00000255cfc2d480] Skip ('#EXT-X-PROGRAM-DATE-TIME:2026-06-15T09:34:49.813Z')
[hls @ 00000255cfc2d480] Skip ('#EXT-X-PROGRAM-DATE-TIME:2026-06-15T09:34:53.479Z')
[hls @ 00000255cfc2d480] Skip ('#EXT-X-PROGRAM-DATE-TIME:2026-06-15T09:34:56.470Z')
[hls @ 00000255cfc2d480] Skip ('#EXT-X-PROGRAM-DATE-TIME:2026-06-15T09:34:59.478Z')
[hls @ 00000255cfc2d480] Skip ('#EXT-X-PROGRAM-DATE-TIME:2026-06-15T09:35:02.465Z')
[hls @ 00000255cfc2d480] Skip ('#EXT-X-PROGRAM-DATE-TIME:2026-06-15T09:35:05.473Z')
[hls @ 00000255cfc2d480] Skip ('#EXT-X-PROGRAM-DATE-TIME:2026-06-15T09:35:08.479Z')
[hls @ 00000255cfc2d480] Skip ('#EXT-X-PROGRAM-DATE-TIME:2026-06-15T09:35:11.470Z')
[hls @ 00000255cfc2d480] Skip ('#EXT-X-PROGRAM-DATE-TIME:2026-06-15T09:35:14.475Z')
[hls @ 00000255cfc2d480] Skip ('#EXT-X-PROGRAM-DATE-TIME:2026-06-15T09:35:17.481Z')
[hls @ 00000255cfc2d480] Skip ('#EXT-X-PROGRAM-DATE-TIME:2026-06-15T09:35:20.469Z')
[hls @ 00000255cfc2d480] Skip ('#EXT-X-PROGRAM-DATE-TIME:2026-06-15T09:35:24.972Z')
[hls @ 00000255cfc2d480] Skip ('#EXT-X-PROGRAM-DATE-TIME:2026-06-15T09:35:27.979Z')
[hls @ 00000255cfc2d480] Skip ('#EXT-X-PROGRAM-DATE-TIME:2026-06-15T09:35:30.965Z')
[hls @ 00000255cfc2d480] Skip ('#EXT-X-PROGRAM-DATE-TIME:2026-06-15T09:35:33.974Z')
[hls @ 00000255cfc2d480] Skip ('#EXT-X-PROGRAM-DATE-TIME:2026-06-15T09:35:36.979Z')
[hls @ 00000255cfc2d480] Skip ('#EXT-X-PROGRAM-DATE-TIME:2026-06-15T09:35:39.955Z')
[hls @ 00000255cfc2d480] Skip ('#EXT-X-PROGRAM-DATE-TIME:2026-06-15T09:35:42.964Z')
[hls @ 00000255cfc2d480] Skip ('#EXT-X-PROGRAM-DATE-TIME:2026-06-15T09:35:46.879Z')
[hls @ 00000255cfc2d480] Skip ('#EXT-X-PROGRAM-DATE-TIME:2026-06-15T09:35:49.866Z')
[hls @ 00000255cfc2d480] Skip ('#EXT-X-PROGRAM-DATE-TIME:2026-06-15T09:35:52.875Z')
[hls @ 00000255cfc2d480] Skip ('#EXT-X-PROGRAM-DATE-TIME:2026-06-15T09:35:55.879Z')
[hls @ 00000255cfc2d480] Skip ('#EXT-X-PROGRAM-DATE-TIME:2026-06-15T09:35:58.856Z')
[hls @ 00000255cfc2d480] Skip ('#EXT-X-PROGRAM-DATE-TIME:2026-06-15T09:36:01.865Z')
[hls @ 00000255cfc2d480] Skip ('#EXT-X-PROGRAM-DATE-TIME:2026-06-15T09:36:04.851Z')
[hls @ 00000255cfc2d480] Skip ('#EXT-X-PROGRAM-DATE-TIME:2026-06-15T09:36:07.874Z')
[hls @ 00000255cfc2d480] Skip ('#EXT-X-PROGRAM-DATE-TIME:2026-06-15T09:36:10.879Z')
[hls @ 00000255cfc2d480] Skip ('#EXT-X-PROGRAM-DATE-TIME:2026-06-15T09:36:13.866Z')
[hls @ 00000255cfc2d480] Skip ('#EXT-X-PROGRAM-DATE-TIME:2026-06-15T09:36:16.874Z')
[hls @ 00000255cfc2d480] Skip ('#EXT-X-PROGRAM-DATE-TIME:2026-06-15T09:36:20.439Z')
[hls @ 00000255cfc2d480] Skip ('#EXT-X-PROGRAM-DATE-TIME:2026-06-15T09:36:23.446Z')
[hls @ 00000255cfc2d480] Skip ('#EXT-X-PROGRAM-DATE-TIME:2026-06-15T09:36:26.433Z')
[hls @ 00000255cfc2d480] Skip ('#EXT-X-PROGRAM-DATE-TIME:2026-06-15T09:36:29.441Z')
[hls @ 00000255cfc2d480] Skip ('#EXT-X-PROGRAM-DATE-TIME:2026-06-15T09:36:32.446Z')
[hls @ 00000255cfc2d480] Skip ('#EXT-X-PROGRAM-DATE-TIME:2026-06-15T09:36:34.837Z')
[hls @ 00000255cfc2d480] Skip ('#EXT-X-PROGRAM-DATE-TIME:2026-06-15T09:36:37.845Z')
[hls @ 00000255cfc2d480] Skip ('#EXT-X-PROGRAM-DATE-TIME:2026-06-15T09:36:39.979Z')
[hls @ 00000255cfc2d480] Skip ('#EXT-X-PROGRAM-DATE-TIME:2026-06-15T09:36:42.965Z')
[hls @ 00000255cfc2d480] Skip ('#EXT-X-PROGRAM-DATE-TIME:2026-06-15T09:36:45.973Z')
[hls @ 00000255cfc2d480] Skip ('#EXT-X-PROGRAM-DATE-TIME:2026-06-15T09:36:48.980Z')
[hls @ 00000255cfc2d480] Skip ('#EXT-X-PROGRAM-DATE-TIME:2026-06-15T09:36:51.969Z')
[hls @ 00000255cfc2d480] Skip ('#EXT-X-PROGRAM-DATE-TIME:2026-06-15T09:36:54.976Z')
[hls @ 00000255cfc2d480] Skip ('#EXT-X-PROGRAM-DATE-TIME:2026-06-15T09:36:57.964Z')
[hls @ 00000255cfc2d480] Skip ('#EXT-X-PROGRAM-DATE-TIME:2026-06-15T09:37:00.971Z')
[hls @ 00000255cfc2d480] Skip ('#EXT-X-PROGRAM-DATE-TIME:2026-06-15T09:37:03.979Z')
[hls @ 00000255cfc2d480] Skip ('#EXT-X-PROGRAM-DATE-TIME:2026-06-15T09:37:06.967Z')
[hls @ 00000255cfc2d480] Skip ('#EXT-X-PROGRAM-DATE-TIME:2026-06-15T09:37:09.974Z')
[hls @ 00000255cfc2d480] Skip ('#EXT-X-PROGRAM-DATE-TIME:2026-06-15T09:37:12.640Z')
[hls @ 00000255cfc2d480] Skip ('#EXT-X-PROGRAM-DATE-TIME:2026-06-15T09:37:15.646Z')
[hls @ 00000255cfc2d480] Skip ('#EXT-X-PROGRAM-DATE-TIME:2026-06-15T09:37:18.935Z')
[hls @ 00000255cfc2d480] Skip ('#EXT-X-PROGRAM-DATE-TIME:2026-06-15T09:37:21.943Z')
[hls @ 00000255cfc2d480] Skip ('#EXT-X-PROGRAM-DATE-TIME:2026-06-15T09:37:24.947Z')
[hls @ 00000255cfc2d480] Skip ('#EXT-X-PROGRAM-DATE-TIME:2026-06-15T09:37:27.937Z')
[hls @ 00000255cfc2d480] Skip ('#EXT-X-PROGRAM-DATE-TIME:2026-06-15T09:37:30.945Z')
[hls @ 00000255cfc2d480] Skip ('#EXT-X-PROGRAM-DATE-TIME:2026-06-15T09:37:33.932Z')
[hls @ 00000255cfc2d480] Skip ('#EXT-X-PROGRAM-DATE-TIME:2026-06-15T09:37:36.942Z')
[hls @ 00000255cfc2d480] Skip ('#EXT-X-PROGRAM-DATE-TIME:2026-06-15T09:37:39.946Z')
[hls @ 00000255cfc2d480] Skip ('#EXT-X-PROGRAM-DATE-TIME:2026-06-15T09:37:42.935Z')
[hls @ 00000255cfc2d480] Skip ('#EXT-X-PROGRAM-DATE-TIME:2026-06-15T09:37:45.944Z')
[hls @ 00000255cfc2d480] Skip ('#EXT-X-PROGRAM-DATE-TIME:2026-06-15T09:37:48.946Z')
[hls @ 00000255cfc2d480] Skip ('#EXT-X-PROGRAM-DATE-TIME:2026-06-15T09:37:51.937Z')
[hls @ 00000255cfc2d480] Skip ('#EXT-X-PROGRAM-DATE-TIME:2026-06-15T09:37:54.944Z')
[hls @ 00000255cfc2d480] Skip ('#EXT-X-PROGRAM-DATE-TIME:2026-06-15T09:37:57.932Z')
[hls @ 00000255cfc2d480] Skip ('#EXT-X-PROGRAM-DATE-TIME:2026-06-15T09:38:00.939Z')
[hls @ 00000255cfc2d480] Skip ('#EXT-X-PROGRAM-DATE-TIME:2026-06-15T09:38:03.947Z')
[hls @ 00000255cfc2d480] Skip ('#EXT-X-PROGRAM-DATE-TIME:2026-06-15T09:38:06.935Z')
[hls @ 00000255cfc2d480] Skip ('#EXT-X-PROGRAM-DATE-TIME:2026-06-15T09:38:09.943Z')
[hls @ 00000255cfc2d480] Skip ('#EXT-X-PROGRAM-DATE-TIME:2026-06-15T09:38:13.397Z')
[hls @ 00000255cfc2d480] Skip ('#EXT-X-PROGRAM-DATE-TIME:2026-06-15T09:38:17.004Z')
[hls @ 00000255cfc2d480] Skip ('#EXT-X-PROGRAM-DATE-TIME:2026-06-15T09:38:20.012Z')
[hls @ 00000255cfc2d480] Skip ('#EXT-X-PROGRAM-DATE-TIME:2026-06-15T09:38:24.896Z')
[hls @ 00000255cfc2d480] Skip ('#EXT-X-PROGRAM-DATE-TIME:2026-06-15T09:38:28.971Z')
[hls @ 00000255cfc2d480] Skip ('#EXT-X-PROGRAM-DATE-TIME:2026-06-15T09:38:31.979Z')
[hls @ 00000255cfc2d480] Skip ('#EXT-X-PROGRAM-DATE-TIME:2026-06-15T09:38:34.966Z')
[hls @ 00000255cfc2d480] Skip ('#EXT-X-PROGRAM-DATE-TIME:2026-06-15T09:38:37.975Z')
[hls @ 00000255cfc2d480] Skip ('#EXT-X-PROGRAM-DATE-TIME:2026-06-15T09:38:40.979Z')
[hls @ 00000255cfc2d480] Skip ('#EXT-X-PROGRAM-DATE-TIME:2026-06-15T09:38:43.970Z')
[hls @ 00000255cfc2d480] Skip ('#EXT-X-PROGRAM-DATE-TIME:2026-06-15T09:38:46.978Z')
[hls @ 00000255cfc2d480] Skip ('#EXT-X-PROGRAM-DATE-TIME:2026-06-15T09:38:49.963Z')
[hls @ 00000255cfc2d480] Skip ('#EXT-X-PROGRAM-DATE-TIME:2026-06-15T09:38:52.972Z')
[hls @ 00000255cfc2d480] Skip ('#EXT-X-PROGRAM-DATE-TIME:2026-06-15T09:38:55.680Z')
[hls @ 00000255cfc2d480] Skip ('#EXT-X-PROGRAM-DATE-TIME:2026-06-15T09:38:58.580Z')
[hls @ 00000255cfc2d480] Skip ('#EXT-X-PROGRAM-DATE-TIME:2026-06-15T09:39:01.568Z')
[hls @ 00000255cfc2d480] Skip ('#EXT-X-PROGRAM-DATE-TIME:2026-06-15T09:39:04.577Z')
[hls @ 00000255cfc2d480] Skip ('#EXT-X-PROGRAM-DATE-TIME:2026-06-15T09:39:07.564Z')
[hls @ 00000255cfc2d480] Skip ('#EXT-X-PROGRAM-DATE-TIME:2026-06-15T09:39:10.572Z')
[hls @ 00000255cfc2d480] Skip ('#EXT-X-PROGRAM-DATE-TIME:2026-06-15T09:39:13.579Z')
[hls @ 00000255cfc2d480] Skip ('#EXT-X-PROGRAM-DATE-TIME:2026-06-15T09:39:16.567Z')
[hls @ 00000255cfc2d480] Skip ('#EXT-X-PROGRAM-DATE-TIME:2026-06-15T09:39:19.576Z')
[hls @ 00000255cfc2d480] Skip ('#EXT-X-PROGRAM-DATE-TIME:2026-06-15T09:39:22.568Z')
[hls @ 00000255cfc2d480] Skip ('#EXT-X-PROGRAM-DATE-TIME:2026-06-15T09:39:25.558Z')
[hls @ 00000255cfc2d480] Skip ('#EXT-X-PROGRAM-DATE-TIME:2026-06-15T09:39:28.576Z')
[hls @ 00000255cfc2d480] Skip ('#EXT-X-PROGRAM-DATE-TIME:2026-06-15T09:39:31.563Z')
[hls @ 00000255cfc2d480] Skip ('#EXT-X-PROGRAM-DATE-TIME:2026-06-15T09:39:34.571Z')
[hls @ 00000255cfc2d480] Skip ('#EXT-X-PROGRAM-DATE-TIME:2026-06-15T09:39:37.579Z')
[hls @ 00000255cfc2d480] Skip ('#EXT-X-PROGRAM-DATE-TIME:2026-06-15T09:39:40.567Z')
[hls @ 00000255cfc2d480] Skip ('#EXT-X-PROGRAM-DATE-TIME:2026-06-15T09:39:43.573Z')
[hls @ 00000255cfc2d480] Skip ('#EXT-X-PROGRAM-DATE-TIME:2026-06-15T09:39:46.580Z')
[hls @ 00000255cfc2d480] Skip ('#EXT-X-PROGRAM-DATE-TIME:2026-06-15T09:39:49.569Z')
[hls @ 00000255cfc2d480] Skip ('#EXT-X-PROGRAM-DATE-TIME:2026-06-15T09:39:52.578Z')
[hls @ 00000255cfc2d480] Skip ('#EXT-X-PROGRAM-DATE-TIME:2026-06-15T09:39:55.565Z')
[hls @ 00000255cfc2d480] Skip ('#EXT-X-PROGRAM-DATE-TIME:2026-06-15T09:39:58.572Z')
[hls @ 00000255cfc2d480] Skip ('#EXT-X-PROGRAM-DATE-TIME:2026-06-15T09:40:01.579Z')
[hls @ 00000255cfc2d480] Skip ('#EXT-X-PROGRAM-DATE-TIME:2026-06-15T09:40:04.566Z')
[hls @ 00000255cfc2d480] Skip ('#EXT-X-PROGRAM-DATE-TIME:2026-06-15T09:40:07.575Z')
[hls @ 00000255cfc2d480] Skip ('#EXT-X-PROGRAM-DATE-TIME:2026-06-15T09:40:10.580Z')
[hls @ 00000255cfc2d480] Skip ('#EXT-X-PROGRAM-DATE-TIME:2026-06-15T09:40:14.766Z')
[hls @ 00000255cfc2d480] Skip ('#EXT-X-PROGRAM-DATE-TIME:2026-06-15T09:40:17.771Z')
[hls @ 00000255cfc2d480] Skip ('#EXT-X-PROGRAM-DATE-TIME:2026-06-15T09:40:20.780Z')
[hls @ 00000255cfc2d480] Skip ('#EXT-X-PROGRAM-DATE-TIME:2026-06-15T09:40:23.767Z')
[hls @ 00000255cfc2d480] Skip ('#EXT-X-PROGRAM-DATE-TIME:2026-06-15T09:40:26.775Z')
[hls @ 00000255cfc2d480] Skip ('#EXT-X-PROGRAM-DATE-TIME:2026-06-15T09:40:31.147Z')
[hls @ 00000255cfc2d480] Skip ('#EXT-X-PROGRAM-DATE-TIME:2026-06-15T09:40:34.432Z')
[hls @ 00000255cfc2d480] Skip ('#EXT-X-PROGRAM-DATE-TIME:2026-06-15T09:40:37.442Z')
[hls @ 00000255cfc2d480] Skip ('#EXT-X-PROGRAM-DATE-TIME:2026-06-15T09:40:40.447Z')
[hls @ 00000255cfc2d480] Skip ('#EXT-X-PROGRAM-DATE-TIME:2026-06-15T09:40:43.437Z')
[hls @ 00000255cfc2d480] Skip ('#EXT-X-PROGRAM-DATE-TIME:2026-06-15T09:40:46.443Z')
[hls @ 00000255cfc2d480] Skip ('#EXT-X-PROGRAM-DATE-TIME:2026-06-15T09:40:49.432Z')
[hls @ 00000255cfc2d480] Skip ('#EXT-X-PROGRAM-DATE-TIME:2026-06-15T09:40:52.630Z')
[hls @ 00000255cfc2d480] Skip ('#EXT-X-PROGRAM-DATE-TIME:2026-06-15T09:40:55.380Z')
[hls @ 00000255cfc2d480] Opening 'https://prod-fastly-us-west-2.video.pscp.tv/Transcoding/v1/hls/YVo47bfH3y8tlE2DgToQG9XRLgYPeGslzjoAYQiS85sh5FBflh6bEB8ELSPDS9S2HD-0H_QZ0KJ0wqrd22keRw/transcode/us-west-2/periscope-replay-direct-prod-us-west-2-public/eyJhbGciOiJIUzI1NiIsInR5cCI6IkpXVCIsInZlcnNpb24iOiIyIn0.eyJFbmNvZGVyU2V0dGluZyI6ImVuY29kZXJfc2V0dGluZ18xMDgwcDMwXzEwIiwiSGVpZ2h0IjoxMDgwLCJLYnBzIjo1NTAwLCJXaWR0aCI6MTkyMH0.OImMZabKYJ0cs9CnIapU-4aBk6KNBiJxi1hh-6l4BZ4/chunk_1781515930391075988_965_a.ts' for reading
[hls @ 00000255cfc2d480] Opening 'https://prod-fastly-us-west-2.video.pscp.tv/Transcoding/v1/hls/YVo47bfH3y8tlE2DgToQG9XRLgYPeGslzjoAYQiS85sh5FBflh6bEB8ELSPDS9S2HD-0H_QZ0KJ0wqrd22keRw/transcode/us-west-2/periscope-replay-direct-prod-us-west-2-public/eyJhbGciOiJIUzI1NiIsInR5cCI6IkpXVCIsInZlcnNpb24iOiIyIn0.eyJFbmNvZGVyU2V0dGluZyI6ImVuY29kZXJfc2V0dGluZ18xMDgwcDMwXzEwIiwiSGVpZ2h0IjoxMDgwLCJLYnBzIjo1NTAwLCJXaWR0aCI6MTkyMH0.OImMZabKYJ0cs9CnIapU-4aBk6KNBiJxi1hh-6l4BZ4/chunk_1781515934812456046_966_a.ts' for reading
Input #0, hls, from 'https://prod-fastly-us-west-2.video.pscp.tv/Transcoding/v1/hls/YVo47bfH3y8tlE2DgToQG9XRLgYPeGslzjoAYQiS85sh5FBflh6bEB8ELSPDS9S2HD-0H_QZ0KJ0wqrd22keRw/transcode/us-west-2/periscope-replay-direct-prod-us-west-2-public/eyJhbGciOiJIUzI1NiIsInR5cCI6IkpXVCIsInZlcnNpb24iOiIyIn0.eyJFbmNvZGVyU2V0dGluZyI6ImVuY29kZXJfc2V0dGluZ18xMDgwcDMwXzEwIiwiSGVpZ2h0IjoxMDgwLCJLYnBzIjo1NTAwLCJXaWR0aCI6MTkyMH0.OImMZabKYJ0cs9CnIapU-4aBk6KNBiJxi1hh-6l4BZ4/playlist_16665227602535066264.m3u8?type=replay':
  Duration: 00:08:37.83, start: 2919.033000, bitrate: 0 kb/s
  Program 0 
    Metadata:
      variant_bitrate : 0
  Stream #0:0: Data: timed_id3 (ID3  / 0x20334449)
    Metadata:
      variant_bitrate : 0
  Stream #0:1: Video: h264 (High) ([27][0][0][0] / 0x001B), yuv420p, 1920x1080, 30 tbr, 90k tbn
    Metadata:
      variant_bitrate : 0
  Stream #0:2: Audio: aac (LC) ([15][0][0][0] / 0x000F), 48000 Hz, stereo, fltp
    Metadata:
      variant_bitrate : 0
Output #0, mp4, to 'pipe:1':
  Metadata:
    encoder         : Lavf60.16.100
  Stream #0:0: Video: h264 (High) (avc1 / 0x31637661), yuv420p, 1920x1080, q=2-31, 30 tbr, 90k tbn
    Metadata:
      variant_bitrate : 0
  Stream #0:1: Audio: aac (LC) (mp4a / 0x6134706D), 48000 Hz, stereo, fltp
    Metadata:
      variant_bitrate : 0
Stream mapping:
  Stream #0:1 -> #0:0 (copy)
  Stream #0:2 -> #0:1 (copy)
Press [q] to stop, [?] for help
size=       0kB time=00:00:00.00 bitrate=N/A speed=N/A    [https @ 00000255d0156bc0] Opening 'https://prod-fastly-us-west-2.video.pscp.tv/Transcoding/v1/hls/YVo47bfH3y8tlE2DgToQG9XRLgYPeGslzjoAYQiS85sh5FBflh6bEB8ELSPDS9S2HD-0H_QZ0KJ0wqrd22keRw/transcode/us-west-2/periscope-replay-direct-prod-us-west-2-public/eyJhbGciOiJIUzI1NiIsInR5cCI6IkpXVCIsInZlcnNpb24iOiIyIn0.eyJFbmNvZGVyU2V0dGluZyI6ImVuY29kZXJfc2V0dGluZ18xMDgwcDMwXzEwIiwiSGVpZ2h0IjoxMDgwLCJLYnBzIjo1NTAwLCJXaWR0aCI6MTkyMH0.OImMZabKYJ0cs9CnIapU-4aBk6KNBiJxi1hh-6l4BZ4/chunk_1781515937833592346_967_a.ts' for reading
[https @ 00000255d0235180] Opening 'https://prod-fastly-us-west-2.video.pscp.tv/Transcoding/v1/hls/YVo47bfH3y8tlE2DgToQG9XRLgYPeGslzjoAYQiS85sh5FBflh6bEB8ELSPDS9S2HD-0H_QZ0KJ0wqrd22keRw/transcode/us-west-2/periscope-replay-direct-prod-us-west-2-public/eyJhbGciOiJIUzI1NiIsInR5cCI6IkpXVCIsInZlcnNpb24iOiIyIn0.eyJFbmNvZGVyU2V0dGluZyI6ImVuY29kZXJfc2V0dGluZ18xMDgwcDMwXzEwIiwiSGVpZ2h0IjoxMDgwLCJLYnBzIjo1NTAwLCJXaWR0aCI6MTkyMH0.OImMZabKYJ0cs9CnIapU-4aBk6KNBiJxi1hh-6l4BZ4/chunk_1781515940816955042_968_a.ts' for reading
[https @ 00000255d0156bc0] Opening 'https://prod-fastly-us-west-2.video.pscp.tv/Transcoding/v1/hls/YVo47bfH3y8tlE2DgToQG9XRLgYPeGslzjoAYQiS85sh5FBflh6bEB8ELSPDS9S2HD-0H_QZ0KJ0wqrd22keRw/transcode/us-west-2/periscope-replay-direct-prod-us-west-2-public/eyJhbGciOiJIUzI1NiIsInR5cCI6IkpXVCIsInZlcnNpb24iOiIyIn0.eyJFbmNvZGVyU2V0dGluZyI6ImVuY29kZXJfc2V0dGluZ18xMDgwcDMwXzEwIiwiSGVpZ2h0IjoxMDgwLCJLYnBzIjo1NTAwLCJXaWR0aCI6MTkyMH0.OImMZabKYJ0cs9CnIapU-4aBk6KNBiJxi1hh-6l4BZ4/chunk_1781515943787067530_969_a.ts' for reading
[https @ 00000255d0235180] Opening 'https://prod-fastly-us-west-2.video.pscp.tv/Transcoding/v1/hls/YVo47bfH3y8tlE2DgToQG9XRLgYPeGslzjoAYQiS85sh5FBflh6bEB8ELSPDS9S2HD-0H_QZ0KJ0wqrd22keRw/transcode/us-west-2/periscope-replay-direct-prod-us-west-2-public/eyJhbGciOiJIUzI1NiIsInR5cCI6IkpXVCIsInZlcnNpb24iOiIyIn0.eyJFbmNvZGVyU2V0dGluZyI6ImVuY29kZXJfc2V0dGluZ18xMDgwcDMwXzEwIiwiSGVpZ2h0IjoxMDgwLCJLYnBzIjo1NTAwLCJXaWR0aCI6MTkyMH0.OImMZabKYJ0cs9CnIapU-4aBk6KNBiJxi1hh-6l4BZ4/chunk_1781515946825577946_970_a.ts' for reading
size=    1226kB time=00:00:11.98 bitrate= 837.4kbits/s speed=23.1x    [https @ 00000255d0156bc0] Opening 'https://prod-fastly-us-west-2.video.pscp.tv/Transcoding/v1/hls/YVo47bfH3y8tlE2DgToQG9XRLgYPeGslzjoAYQiS85sh5FBflh6bEB8ELSPDS9S2HD-0H_QZ0KJ0wqrd22keRw/transcode/us-west-2/periscope-replay-direct-prod-us-west-2-public/eyJhbGciOiJIUzI1NiIsInR5cCI6IkpXVCIsInZlcnNpb24iOiIyIn0.eyJFbmNvZGVyU2V0dGluZyI6ImVuY29kZXJfc2V0dGluZ18xMDgwcDMwXzEwIiwiSGVpZ2h0IjoxMDgwLCJLYnBzIjo1NTAwLCJXaWR0aCI6MTkyMH0.OImMZabKYJ0cs9CnIapU-4aBk6KNBiJxi1hh-6l4BZ4/chunk_1781515949843579014_971_a.ts' for reading
[https @ 00000255d0235180] Opening 'https://prod-fastly-us-west-2.video.pscp.tv/Transcoding/v1/hls/YVo47bfH3y8tlE2DgToQG9XRLgYPeGslzjoAYQiS85sh5FBflh6bEB8ELSPDS9S2HD-0H_QZ0KJ0wqrd22keRw/transcode/us-west-2/periscope-replay-direct-prod-us-west-2-public/eyJhbGciOiJIUzI1NiIsInR5cCI6IkpXVCIsInZlcnNpb24iOiIyIn0.eyJFbmNvZGVyU2V0dGluZyI6ImVuY29kZXJfc2V0dGluZ18xMDgwcDMwXzEwIiwiSGVpZ2h0IjoxMDgwLCJLYnBzIjo1NTAwLCJXaWR0aCI6MTkyMH0.OImMZabKYJ0cs9CnIapU-4aBk6KNBiJxi1hh-6l4BZ4/chunk_1781515952825846271_972_a.ts' for reading
[https @ 00000255d0156bc0] Opening 'https://prod-fastly-us-west-2.video.pscp.tv/Transcoding/v1/hls/YVo47bfH3y8tlE2DgToQG9XRLgYPeGslzjoAYQiS85sh5FBflh6bEB8ELSPDS9S2HD-0H_QZ0KJ0wqrd22keRw/transcode/us-west-2/periscope-replay-direct-prod-us-west-2-public/eyJhbGciOiJIUzI1NiIsInR5cCI6IkpXVCIsInZlcnNpb24iOiIyIn0.eyJFbmNvZGVyU2V0dGluZyI6ImVuY29kZXJfc2V0dGluZ18xMDgwcDMwXzEwIiwiSGVpZ2h0IjoxMDgwLCJLYnBzIjo1NTAwLCJXaWR0aCI6MTkyMH0.OImMZabKYJ0cs9CnIapU-4aBk6KNBiJxi1hh-6l4BZ4/chunk_1781515955795748702_973_a.ts' for reading
[https @ 00000255d0235180] Opening 'https://prod-fastly-us-west-2.video.pscp.tv/Transcoding/v1/hls/YVo47bfH3y8tlE2DgToQG9XRLgYPeGslzjoAYQiS85sh5FBflh6bEB8ELSPDS9S2HD-0H_QZ0KJ0wqrd22keRw/transcode/us-west-2/periscope-replay-direct-prod-us-west-2-public/eyJhbGciOiJIUzI1NiIsInR5cCI6IkpXVCIsInZlcnNpb24iOiIyIn0.eyJFbmNvZGVyU2V0dGluZyI6ImVuY29kZXJfc2V0dGluZ18xMDgwcDMwXzEwIiwiSGVpZ2h0IjoxMDgwLCJLYnBzIjo1NTAwLCJXaWR0aCI6MTkyMH0.OImMZabKYJ0cs9CnIapU-4aBk6KNBiJxi1hh-6l4BZ4/chunk_1781515958812536481_974_a.ts' for reading
size=    2974kB time=00:00:25.47 bitrate= 956.5kbits/s speed=24.9x    [https @ 00000255d0156bc0] Opening 'https://prod-fastly-us-west-2.video.pscp.tv/Transcoding/v1/hls/YVo47bfH3y8tlE2DgToQG9XRLgYPeGslzjoAYQiS85sh5FBflh6bEB8ELSPDS9S2HD-0H_QZ0KJ0wqrd22keRw/transcode/us-west-2/periscope-replay-direct-prod-us-west-2-public/eyJhbGciOiJIUzI1NiIsInR5cCI6IkpXVCIsInZlcnNpb24iOiIyIn0.eyJFbmNvZGVyU2V0dGluZyI6ImVuY29kZXJfc2V0dGluZ18xMDgwcDMwXzEwIiwiSGVpZ2h0IjoxMDgwLCJLYnBzIjo1NTAwLCJXaWR0aCI6MTkyMH0.OImMZabKYJ0cs9CnIapU-4aBk6KNBiJxi1hh-6l4BZ4/chunk_1781515960810606477_975_a.ts' for reading
[https @ 00000255d0235180] Opening 'https://prod-fastly-us-west-2.video.pscp.tv/Transcoding/v1/hls/YVo47bfH3y8tlE2DgToQG9XRLgYPeGslzjoAYQiS85sh5FBflh6bEB8ELSPDS9S2HD-0H_QZ0KJ0wqrd22keRw/transcode/us-west-2/periscope-replay-direct-prod-us-west-2-public/eyJhbGciOiJIUzI1NiIsInR5cCI6IkpXVCIsInZlcnNpb24iOiIyIn0.eyJFbmNvZGVyU2V0dGluZyI6ImVuY29kZXJfc2V0dGluZ18xMDgwcDMwXzEwIiwiSGVpZ2h0IjoxMDgwLCJLYnBzIjo1NTAwLCJXaWR0aCI6MTkyMH0.OImMZabKYJ0cs9CnIapU-4aBk6KNBiJxi1hh-6l4BZ4/chunk_1781515963794969812_976_a.ts' for reading
[https @ 00000255d0156bc0] Opening 'https://prod-fastly-us-west-2.video.pscp.tv/Transcoding/v1/hls/YVo47bfH3y8tlE2DgToQG9XRLgYPeGslzjoAYQiS85sh5FBflh6bEB8ELSPDS9S2HD-0H_QZ0KJ0wqrd22keRw/transcode/us-west-2/periscope-replay-direct-prod-us-west-2-public/eyJhbGciOiJIUzI1NiIsInR5cCI6IkpXVCIsInZlcnNpb24iOiIyIn0.eyJFbmNvZGVyU2V0dGluZyI6ImVuY29kZXJfc2V0dGluZ18xMDgwcDMwXzEwIiwiSGVpZ2h0IjoxMDgwLCJLYnBzIjo1NTAwLCJXaWR0aCI6MTkyMH0.OImMZabKYJ0cs9CnIapU-4aBk6KNBiJxi1hh-6l4BZ4/chunk_1781515966756942857_977_a.ts' for reading
[https @ 00000255d0235180] Opening 'https://prod-fastly-us-west-2.video.pscp.tv/Transcoding/v1/hls/YVo47bfH3y8tlE2DgToQG9XRLgYPeGslzjoAYQiS85sh5FBflh6bEB8ELSPDS9S2HD-0H_QZ0KJ0wqrd22keRw/transcode/us-west-2/periscope-replay-direct-prod-us-west-2-public/eyJhbGciOiJIUzI1NiIsInR5cCI6IkpXVCIsInZlcnNpb24iOiIyIn0.eyJFbmNvZGVyU2V0dGluZyI6ImVuY29kZXJfc2V0dGluZ18xMDgwcDMwXzEwIiwiSGVpZ2h0IjoxMDgwLCJLYnBzIjo1NTAwLCJXaWR0aCI6MTkyMH0.OImMZabKYJ0cs9CnIapU-4aBk6KNBiJxi1hh-6l4BZ4/chunk_1781515969773614831_978_a.ts' for reading
size=    4621kB time=00:00:37.01 bitrate=1022.8kbits/s speed=24.2x    [https @ 00000255d0156bc0] Opening 'https://prod-fastly-us-west-2.video.pscp.tv/Transcoding/v1/hls/YVo47bfH3y8tlE2DgToQG9XRLgYPeGslzjoAYQiS85sh5FBflh6bEB8ELSPDS9S2HD-0H_QZ0KJ0wqrd22keRw/transcode/us-west-2/periscope-replay-direct-prod-us-west-2-public/eyJhbGciOiJIUzI1NiIsInR5cCI6IkpXVCIsInZlcnNpb24iOiIyIn0.eyJFbmNvZGVyU2V0dGluZyI6ImVuY29kZXJfc2V0dGluZ18xMDgwcDMwXzEwIiwiSGVpZ2h0IjoxMDgwLCJLYnBzIjo1NTAwLCJXaWR0aCI6MTkyMH0.OImMZabKYJ0cs9CnIapU-4aBk6KNBiJxi1hh-6l4BZ4/chunk_1781515972767181473_979_a.ts' for reading
[https @ 00000255d0235180] Opening 'https://prod-fastly-us-west-2.video.pscp.tv/Transcoding/v1/hls/YVo47bfH3y8tlE2DgToQG9XRLgYPeGslzjoAYQiS85sh5FBflh6bEB8ELSPDS9S2HD-0H_QZ0KJ0wqrd22keRw/transcode/us-west-2/periscope-replay-direct-prod-us-west-2-public/eyJhbGciOiJIUzI1NiIsInR5cCI6IkpXVCIsInZlcnNpb24iOiIyIn0.eyJFbmNvZGVyU2V0dGluZyI6ImVuY29kZXJfc2V0dGluZ18xMDgwcDMwXzEwIiwiSGVpZ2h0IjoxMDgwLCJLYnBzIjo1NTAwLCJXaWR0aCI6MTkyMH0.OImMZabKYJ0cs9CnIapU-4aBk6KNBiJxi1hh-6l4BZ4/chunk_1781515975781762881_980_a.ts' for reading
[https @ 00000255d0156bc0] Opening 'https://prod-fastly-us-west-2.video.pscp.tv/Transcoding/v1/hls/YVo47bfH3y8tlE2DgToQG9XRLgYPeGslzjoAYQiS85sh5FBflh6bEB8ELSPDS9S2HD-0H_QZ0KJ0wqrd22keRw/transcode/us-west-2/periscope-replay-direct-prod-us-west-2-public/eyJhbGciOiJIUzI1NiIsInR5cCI6IkpXVCIsInZlcnNpb24iOiIyIn0.eyJFbmNvZGVyU2V0dGluZyI6ImVuY29kZXJfc2V0dGluZ18xMDgwcDMwXzEwIiwiSGVpZ2h0IjoxMDgwLCJLYnBzIjo1NTAwLCJXaWR0aCI6MTkyMH0.OImMZabKYJ0cs9CnIapU-4aBk6KNBiJxi1hh-6l4BZ4/chunk_1781515978757068384_981_a.ts' for reading
[https @ 00000255d0235180] Opening 'https://prod-fastly-us-west-2.video.pscp.tv/Transcoding/v1/hls/YVo47bfH3y8tlE2DgToQG9XRLgYPeGslzjoAYQiS85sh5FBflh6bEB8ELSPDS9S2HD-0H_QZ0KJ0wqrd22keRw/transcode/us-west-2/periscope-replay-direct-prod-us-west-2-public/eyJhbGciOiJIUzI1NiIsInR5cCI6IkpXVCIsInZlcnNpb24iOiIyIn0.eyJFbmNvZGVyU2V0dGluZyI6ImVuY29kZXJfc2V0dGluZ18xMDgwcDMwXzEwIiwiSGVpZ2h0IjoxMDgwLCJLYnBzIjo1NTAwLCJXaWR0aCI6MTkyMH0.OImMZabKYJ0cs9CnIapU-4aBk6KNBiJxi1hh-6l4BZ4/chunk_1781515981762118889_982_a.ts' for reading
size=    6125kB time=00:00:49.40 bitrate=1015.5kbits/s speed=24.2x    [https @ 00000255d0156bc0] Opening 'https://prod-fastly-us-west-2.video.pscp.tv/Transcoding/v1/hls/YVo47bfH3y8tlE2DgToQG9XRLgYPeGslzjoAYQiS85sh5FBflh6bEB8ELSPDS9S2HD-0H_QZ0KJ0wqrd22keRw/transcode/us-west-2/periscope-replay-direct-prod-us-west-2-public/eyJhbGciOiJIUzI1NiIsInR5cCI6IkpXVCIsInZlcnNpb24iOiIyIn0.eyJFbmNvZGVyU2V0dGluZyI6ImVuY29kZXJfc2V0dGluZ18xMDgwcDMwXzEwIiwiSGVpZ2h0IjoxMDgwLCJLYnBzIjo1NTAwLCJXaWR0aCI6MTkyMH0.OImMZabKYJ0cs9CnIapU-4aBk6KNBiJxi1hh-6l4BZ4/chunk_1781515984809109937_983_a.ts' for reading
[https @ 00000255d0235180] Opening 'https://prod-fastly-us-west-2.video.pscp.tv/Transcoding/v1/hls/YVo47bfH3y8tlE2DgToQG9XRLgYPeGslzjoAYQiS85sh5FBflh6bEB8ELSPDS9S2HD-0H_QZ0KJ0wqrd22keRw/transcode/us-west-2/periscope-replay-direct-prod-us-west-2-public/eyJhbGciOiJIUzI1NiIsInR5cCI6IkpXVCIsInZlcnNpb24iOiIyIn0.eyJFbmNvZGVyU2V0dGluZyI6ImVuY29kZXJfc2V0dGluZ18xMDgwcDMwXzEwIiwiSGVpZ2h0IjoxMDgwLCJLYnBzIjo1NTAwLCJXaWR0aCI6MTkyMH0.OImMZabKYJ0cs9CnIapU-4aBk6KNBiJxi1hh-6l4BZ4/chunk_1781515987783972912_984_a.ts' for reading
[https @ 00000255d0156bc0] Opening 'https://prod-fastly-us-west-2.video.pscp.tv/Transcoding/v1/hls/YVo47bfH3y8tlE2DgToQG9XRLgYPeGslzjoAYQiS85sh5FBflh6bEB8ELSPDS9S2HD-0H_QZ0KJ0wqrd22keRw/transcode/us-west-2/periscope-replay-direct-prod-us-west-2-public/eyJhbGciOiJIUzI1NiIsInR5cCI6IkpXVCIsInZlcnNpb24iOiIyIn0.eyJFbmNvZGVyU2V0dGluZyI6ImVuY29kZXJfc2V0dGluZ18xMDgwcDMwXzEwIiwiSGVpZ2h0IjoxMDgwLCJLYnBzIjo1NTAwLCJXaWR0aCI6MTkyMH0.OImMZabKYJ0cs9CnIapU-4aBk6KNBiJxi1hh-6l4BZ4/chunk_1781515990800355703_985_a.ts' for reading
size=    7325kB time=00:00:58.56 bitrate=1024.7kbits/s speed=  23x    [https @ 00000255d0235180] Opening 'https://prod-fastly-us-west-2.video.pscp.tv/Transcoding/v1/hls/YVo47bfH3y8tlE2DgToQG9XRLgYPeGslzjoAYQiS85sh5FBflh6bEB8ELSPDS9S2HD-0H_QZ0KJ0wqrd22keRw/transcode/us-west-2/periscope-replay-direct-prod-us-west-2-public/eyJhbGciOiJIUzI1NiIsInR5cCI6IkpXVCIsInZlcnNpb24iOiIyIn0.eyJFbmNvZGVyU2V0dGluZyI6ImVuY29kZXJfc2V0dGluZ18xMDgwcDMwXzEwIiwiSGVpZ2h0IjoxMDgwLCJLYnBzIjo1NTAwLCJXaWR0aCI6MTkyMH0.OImMZabKYJ0cs9CnIapU-4aBk6KNBiJxi1hh-6l4BZ4/chunk_1781515993810549991_986_a.ts' for reading
[https @ 00000255d0156bc0] Opening 'https://prod-fastly-us-west-2.video.pscp.tv/Transcoding/v1/hls/YVo47bfH3y8tlE2DgToQG9XRLgYPeGslzjoAYQiS85sh5FBflh6bEB8ELSPDS9S2HD-0H_QZ0KJ0wqrd22keRw/transcode/us-west-2/periscope-replay-direct-prod-us-west-2-public/eyJhbGciOiJIUzI1NiIsInR5cCI6IkpXVCIsInZlcnNpb24iOiIyIn0.eyJFbmNvZGVyU2V0dGluZyI6ImVuY29kZXJfc2V0dGluZ18xMDgwcDMwXzEwIiwiSGVpZ2h0IjoxMDgwLCJLYnBzIjo1NTAwLCJXaWR0aCI6MTkyMH0.OImMZabKYJ0cs9CnIapU-4aBk6KNBiJxi1hh-6l4BZ4/chunk_1781515996776382943_987_a.ts' for reading
size=    7739kB time=00:01:01.95 bitrate=1023.3kbits/s speed=19.3x    [https @ 00000255d0235180] Opening 'https://prod-fastly-us-west-2.video.pscp.tv/Transcoding/v1/hls/YVo47bfH3y8tlE2DgToQG9XRLgYPeGslzjoAYQiS85sh5FBflh6bEB8ELSPDS9S2HD-0H_QZ0KJ0wqrd22keRw/transcode/us-west-2/periscope-replay-direct-prod-us-west-2-public/eyJhbGciOiJIUzI1NiIsInR5cCI6IkpXVCIsInZlcnNpb24iOiIyIn0.eyJFbmNvZGVyU2V0dGluZyI6ImVuY29kZXJfc2V0dGluZ18xMDgwcDMwXzEwIiwiSGVpZ2h0IjoxMDgwLCJLYnBzIjo1NTAwLCJXaWR0aCI6MTkyMH0.OImMZabKYJ0cs9CnIapU-4aBk6KNBiJxi1hh-6l4BZ4/chunk_1781515999789848517_988_a.ts' for reading
[https @ 00000255d0156bc0] Opening 'https://prod-fastly-us-west-2.video.pscp.tv/Transcoding/v1/hls/YVo47bfH3y8tlE2DgToQG9XRLgYPeGslzjoAYQiS85sh5FBflh6bEB8ELSPDS9S2HD-0H_QZ0KJ0wqrd22keRw/transcode/us-west-2/periscope-replay-direct-prod-us-west-2-public/eyJhbGciOiJIUzI1NiIsInR5cCI6IkpXVCIsInZlcnNpb24iOiIyIn0.eyJFbmNvZGVyU2V0dGluZyI6ImVuY29kZXJfc2V0dGluZ18xMDgwcDMwXzEwIiwiSGVpZ2h0IjoxMDgwLCJLYnBzIjo1NTAwLCJXaWR0aCI6MTkyMH0.OImMZabKYJ0cs9CnIapU-4aBk6KNBiJxi1hh-6l4BZ4/chunk_1781516002786208271_989_a.ts' for reading
size=    8793kB time=00:01:07.94 bitrate=1060.1kbits/s speed=17.2x    [https @ 00000255d0235180] Opening 'https://prod-fastly-us-west-2.video.pscp.tv/Transcoding/v1/hls/YVo47bfH3y8tlE2DgToQG9XRLgYPeGslzjoAYQiS85sh5FBflh6bEB8ELSPDS9S2HD-0H_QZ0KJ0wqrd22keRw/transcode/us-west-2/periscope-replay-direct-prod-us-west-2-public/eyJhbGciOiJIUzI1NiIsInR5cCI6IkpXVCIsInZlcnNpb24iOiIyIn0.eyJFbmNvZGVyU2V0dGluZyI6ImVuY29kZXJfc2V0dGluZ18xMDgwcDMwXzEwIiwiSGVpZ2h0IjoxMDgwLCJLYnBzIjo1NTAwLCJXaWR0aCI6MTkyMH0.OImMZabKYJ0cs9CnIapU-4aBk6KNBiJxi1hh-6l4BZ4/chunk_1781516005803536561_990_a.ts' for reading
size=    9714kB time=00:01:12.76 bitrate=1093.6kbits/s speed=16.2x    [https @ 00000255d0156bc0] Opening 'https://prod-fastly-us-west-2.video.pscp.tv/Transcoding/v1/hls/YVo47bfH3y8tlE2DgToQG9XRLgYPeGslzjoAYQiS85sh5FBflh6bEB8ELSPDS9S2HD-0H_QZ0KJ0wqrd22keRw/transcode/us-west-2/periscope-replay-direct-prod-us-west-2-public/eyJhbGciOiJIUzI1NiIsInR5cCI6IkpXVCIsInZlcnNpb24iOiIyIn0.eyJFbmNvZGVyU2V0dGluZyI6ImVuY29kZXJfc2V0dGluZ18xMDgwcDMwXzEwIiwiSGVpZ2h0IjoxMDgwLCJLYnBzIjo1NTAwLCJXaWR0aCI6MTkyMH0.OImMZabKYJ0cs9CnIapU-4aBk6KNBiJxi1hh-6l4BZ4/chunk_1781516008781966052_991_a.ts' for reading
[https @ 00000255d0235180] Opening 'https://prod-fastly-us-west-2.video.pscp.tv/Transcoding/v1/hls/YVo47bfH3y8tlE2DgToQG9XRLgYPeGslzjoAYQiS85sh5FBflh6bEB8ELSPDS9S2HD-0H_QZ0KJ0wqrd22keRw/transcode/us-west-2/periscope-replay-direct-prod-us-west-2-public/eyJhbGciOiJIUzI1NiIsInR5cCI6IkpXVCIsInZlcnNpb24iOiIyIn0.eyJFbmNvZGVyU2V0dGluZyI6ImVuY29kZXJfc2V0dGluZ18xMDgwcDMwXzEwIiwiSGVpZ2h0IjoxMDgwLCJLYnBzIjo1NTAwLCJXaWR0aCI6MTkyMH0.OImMZabKYJ0cs9CnIapU-4aBk6KNBiJxi1hh-6l4BZ4/chunk_1781516011763072432_992_a.ts' for reading
size=   10115kB time=00:01:16.92 bitrate=1077.1kbits/s speed=14.8x    [https @ 00000255d0156bc0] Opening 'https://prod-fastly-us-west-2.video.pscp.tv/Transcoding/v1/hls/YVo47bfH3y8tlE2DgToQG9XRLgYPeGslzjoAYQiS85sh5FBflh6bEB8ELSPDS9S2HD-0H_QZ0KJ0wqrd22keRw/transcode/us-west-2/periscope-replay-direct-prod-us-west-2-public/eyJhbGciOiJIUzI1NiIsInR5cCI6IkpXVCIsInZlcnNpb24iOiIyIn0.eyJFbmNvZGVyU2V0dGluZyI6ImVuY29kZXJfc2V0dGluZ18xMDgwcDMwXzEwIiwiSGVpZ2h0IjoxMDgwLCJLYnBzIjo1NTAwLCJXaWR0aCI6MTkyMH0.OImMZabKYJ0cs9CnIapU-4aBk6KNBiJxi1hh-6l4BZ4/chunk_1781516014794318193_993_a.ts' for reading
[https @ 00000255d0235180] Opening 'https://prod-fastly-us-west-2.video.pscp.tv/Transcoding/v1/hls/YVo47bfH3y8tlE2DgToQG9XRLgYPeGslzjoAYQiS85sh5FBflh6bEB8ELSPDS9S2HD-0H_QZ0KJ0wqrd22keRw/transcode/us-west-2/periscope-replay-direct-prod-us-west-2-public/eyJhbGciOiJIUzI1NiIsInR5cCI6IkpXVCIsInZlcnNpb24iOiIyIn0.eyJFbmNvZGVyU2V0dGluZyI6ImVuY29kZXJfc2V0dGluZ18xMDgwcDMwXzEwIiwiSGVpZ2h0IjoxMDgwLCJLYnBzIjo1NTAwLCJXaWR0aCI6MTkyMH0.OImMZabKYJ0cs9CnIapU-4aBk6KNBiJxi1hh-6l4BZ4/chunk_1781516017807770204_994_a.ts' for reading
size=   10931kB time=00:01:22.94 bitrate=1079.6kbits/s speed=13.9x    [https @ 00000255d0156bc0] Opening 'https://prod-fastly-us-west-2.video.pscp.tv/Transcoding/v1/hls/YVo47bfH3y8tlE2DgToQG9XRLgYPeGslzjoAYQiS85sh5FBflh6bEB8ELSPDS9S2HD-0H_QZ0KJ0wqrd22keRw/transcode/us-west-2/periscope-replay-direct-prod-us-west-2-public/eyJhbGciOiJIUzI1NiIsInR5cCI6IkpXVCIsInZlcnNpb24iOiIyIn0.eyJFbmNvZGVyU2V0dGluZyI6ImVuY29kZXJfc2V0dGluZ18xMDgwcDMwXzEwIiwiSGVpZ2h0IjoxMDgwLCJLYnBzIjo1NTAwLCJXaWR0aCI6MTkyMH0.OImMZabKYJ0cs9CnIapU-4aBk6KNBiJxi1hh-6l4BZ4/chunk_1781516020793872813_995_a.ts' for reading
[https @ 00000255d0235180] Opening 'https://prod-fastly-us-west-2.video.pscp.tv/Transcoding/v1/hls/YVo47bfH3y8tlE2DgToQG9XRLgYPeGslzjoAYQiS85sh5FBflh6bEB8ELSPDS9S2HD-0H_QZ0KJ0wqrd22keRw/transcode/us-west-2/periscope-replay-direct-prod-us-west-2-public/eyJhbGciOiJIUzI1NiIsInR5cCI6IkpXVCIsInZlcnNpb24iOiIyIn0.eyJFbmNvZGVyU2V0dGluZyI6ImVuY29kZXJfc2V0dGluZ18xMDgwcDMwXzEwIiwiSGVpZ2h0IjoxMDgwLCJLYnBzIjo1NTAwLCJXaWR0aCI6MTkyMH0.OImMZabKYJ0cs9CnIapU-4aBk6KNBiJxi1hh-6l4BZ4/chunk_1781516023776096597_996_a.ts' for reading
size=   11729kB time=00:01:28.91 bitrate=1080.6kbits/s speed=13.4x    [https @ 00000255d0156bc0] Opening 'https://prod-fastly-us-west-2.video.pscp.tv/Transcoding/v1/hls/YVo47bfH3y8tlE2DgToQG9XRLgYPeGslzjoAYQiS85sh5FBflh6bEB8ELSPDS9S2HD-0H_QZ0KJ0wqrd22keRw/transcode/us-west-2/periscope-replay-direct-prod-us-west-2-public/eyJhbGciOiJIUzI1NiIsInR5cCI6IkpXVCIsInZlcnNpb24iOiIyIn0.eyJFbmNvZGVyU2V0dGluZyI6ImVuY29kZXJfc2V0dGluZ18xMDgwcDMwXzEwIiwiSGVpZ2h0IjoxMDgwLCJLYnBzIjo1NTAwLCJXaWR0aCI6MTkyMH0.OImMZabKYJ0cs9CnIapU-4aBk6KNBiJxi1hh-6l4BZ4/chunk_1781516026784861677_997_a.ts' for reading
[https @ 00000255d0235180] Opening 'https://prod-fastly-us-west-2.video.pscp.tv/Transcoding/v1/hls/YVo47bfH3y8tlE2DgToQG9XRLgYPeGslzjoAYQiS85sh5FBflh6bEB8ELSPDS9S2HD-0H_QZ0KJ0wqrd22keRw/transcode/us-west-2/periscope-replay-direct-prod-us-west-2-public/eyJhbGciOiJIUzI1NiIsInR5cCI6IkpXVCIsInZlcnNpb24iOiIyIn0.eyJFbmNvZGVyU2V0dGluZyI6ImVuY29kZXJfc2V0dGluZ18xMDgwcDMwXzEwIiwiSGVpZ2h0IjoxMDgwLCJLYnBzIjo1NTAwLCJXaWR0aCI6MTkyMH0.OImMZabKYJ0cs9CnIapU-4aBk6KNBiJxi1hh-6l4BZ4/chunk_1781516029792297838_998_a.ts' for reading
size=   12502kB time=00:01:34.95 bitrate=1078.6kbits/s speed=12.9x    [https @ 00000255d0156bc0] Opening 'https://prod-fastly-us-west-2.video.pscp.tv/Transcoding/v1/hls/YVo47bfH3y8tlE2DgToQG9XRLgYPeGslzjoAYQiS85sh5FBflh6bEB8ELSPDS9S2HD-0H_QZ0KJ0wqrd22keRw/transcode/us-west-2/periscope-replay-direct-prod-us-west-2-public/eyJhbGciOiJIUzI1NiIsInR5cCI6IkpXVCIsInZlcnNpb24iOiIyIn0.eyJFbmNvZGVyU2V0dGluZyI6ImVuY29kZXJfc2V0dGluZ18xMDgwcDMwXzEwIiwiSGVpZ2h0IjoxMDgwLCJLYnBzIjo1NTAwLCJXaWR0aCI6MTkyMH0.OImMZabKYJ0cs9CnIapU-4aBk6KNBiJxi1hh-6l4BZ4/chunk_1781516032805521488_999_a.ts' for reading
[https @ 00000255d0235180] Opening 'https://prod-fastly-us-west-2.video.pscp.tv/Transcoding/v1/hls/YVo47bfH3y8tlE2DgToQG9XRLgYPeGslzjoAYQiS85sh5FBflh6bEB8ELSPDS9S2HD-0H_QZ0KJ0wqrd22keRw/transcode/us-west-2/periscope-replay-direct-prod-us-west-2-public/eyJhbGciOiJIUzI1NiIsInR5cCI6IkpXVCIsInZlcnNpb24iOiIyIn0.eyJFbmNvZGVyU2V0dGluZyI6ImVuY29kZXJfc2V0dGluZ18xMDgwcDMwXzEwIiwiSGVpZ2h0IjoxMDgwLCJLYnBzIjo1NTAwLCJXaWR0aCI6MTkyMH0.OImMZabKYJ0cs9CnIapU-4aBk6KNBiJxi1hh-6l4BZ4/chunk_1781516035769386094_1000_a.ts' for reading
size=   13365kB time=00:01:41.20 bitrate=1081.9kbits/s speed=12.6x    
2026-06-23 21:09:25 [info]: [extractFormatUrl] Using cached extraction for: https://x.com/i/broadcasts/1oJMvvqzngYxQ?s=20
2026-06-23 21:09:25 [debug]: POST / 200 3ms — ::1
2026-06-23 21:09:25 [info]: [Stream] Starting: Addressing the joint press meet with PM Robert Fico of Slovakia.  @RobertFicoSVK.mp4 | merge=false | video=true | audio=false
2026-06-23 21:09:36 [error]: [Stream] FFmpeg (m3u8) exited code=null. Stderr: ffmpeg version 6.1.1-essentials_build-www.gyan.dev Copyright (c) 2000-2023 the FFmpeg developers
  built with gcc 12.2.0 (Rev10, Built by MSYS2 project)
  configuration: --enable-gpl --enable-version3 --enable-static --pkg-config=pkgconf --disable-w32threads --disable-autodetect --enable-fontconfig --enable-iconv --enable-gnutls --enable-libxml2 --enable-gmp --enable-bzlib --enable-lzma --enable-zlib --enable-libsrt --enable-libssh --enable-libzmq --enable-avisynth --enable-sdl2 --enable-libwebp --enable-libx264 --enable-libx265 --enable-libxvid --enable-libaom --enable-libopenjpeg --enable-libvpx --enable-mediafoundation --enable-libass --enable-libfreetype --enable-libfribidi --enable-libharfbuzz --enable-libvidstab --enable-libvmaf --enable-libzimg --enable-amf --enable-cuda-llvm --enable-cuvid --enable-ffnvcodec --enable-nvdec --enable-nvenc --enable-dxva2 --enable-d3d11va --enable-libvpl --enable-libgme --enable-libopenmpt --enable-libopencore-amrwb --enable-libmp3lame --enable-libtheora --enable-libvo-amrwbenc --enable-libgsm --enable-libopencore-amrnb --enable-libopus --enable-libspeex --enable-libvorbis --enable-librubberband
  libavutil      58. 29.100 / 58. 29.100
  libavcodec     60. 31.102 / 60. 31.102
  libavformat    60. 16.100 / 60. 16.100
  libavdevice    60.  3.100 / 60.  3.100
  libavfilter     9. 12.100 /  9. 12.100
  libswscale      7.  5.100 /  7.  5.100
  libswresample   4. 12.100 /  4. 12.100
  libpostproc    57.  3.100 / 57.  3.100
mime type is not rfc8216 compliant
[hls @ 000002fedd17d480] Skip ('#EXT-X-VERSION:6')
[hls @ 000002fedd17d480] Skip ('#EXT-X-INDEPENDENT-SEGMENTS')
[hls @ 000002fedd17d480] Skip ('#EXT-X-PROGRAM-DATE-TIME:2026-06-15T09:32:17.771Z')
[hls @ 000002fedd17d480] Skip ('#EXT-X-PROGRAM-DATE-TIME:2026-06-15T09:32:20.779Z')
[hls @ 000002fedd17d480] Skip ('#EXT-X-PROGRAM-DATE-TIME:2026-06-15T09:32:23.764Z')
[hls @ 000002fedd17d480] Skip ('#EXT-X-PROGRAM-DATE-TIME:2026-06-15T09:32:26.774Z')
[hls @ 000002fedd17d480] Skip ('#EXT-X-PROGRAM-DATE-TIME:2026-06-15T09:32:29.778Z')
[hls @ 000002fedd17d480] Skip ('#EXT-X-PROGRAM-DATE-TIME:2026-06-15T09:32:32.767Z')
[hls @ 000002fedd17d480] Skip ('#EXT-X-PROGRAM-DATE-TIME:2026-06-15T09:32:35.776Z')
[hls @ 000002fedd17d480] Skip ('#EXT-X-PROGRAM-DATE-TIME:2026-06-15T09:32:38.761Z')
[hls @ 000002fedd17d480] Skip ('#EXT-X-PROGRAM-DATE-TIME:2026-06-15T09:32:40.745Z')
[hls @ 000002fedd17d480] Skip ('#EXT-X-PROGRAM-DATE-TIME:2026-06-15T09:32:43.734Z')
[hls @ 000002fedd17d480] Skip ('#EXT-X-PROGRAM-DATE-TIME:2026-06-15T09:32:46.740Z')
[hls @ 000002fedd17d480] Skip ('#EXT-X-PROGRAM-DATE-TIME:2026-06-15T09:32:49.745Z')
[hls @ 000002fedd17d480] Skip ('#EXT-X-PROGRAM-DATE-TIME:2026-06-15T09:32:52.735Z')
[hls @ 000002fedd17d480] Skip ('#EXT-X-PROGRAM-DATE-TIME:2026-06-15T09:32:55.742Z')
[hls @ 000002fedd17d480] Skip ('#EXT-X-PROGRAM-DATE-TIME:2026-06-15T09:32:58.729Z')
[hls @ 000002fedd17d480] Skip ('#EXT-X-PROGRAM-DATE-TIME:2026-06-15T09:33:01.738Z')
[hls @ 000002fedd17d480] Skip ('#EXT-X-PROGRAM-DATE-TIME:2026-06-15T09:33:04.745Z')
[hls @ 000002fedd17d480] Skip ('#EXT-X-PROGRAM-DATE-TIME:2026-06-15T09:33:07.732Z')
[hls @ 000002fedd17d480] Skip ('#EXT-X-PROGRAM-DATE-TIME:2026-06-15T09:33:10.740Z')
[hls @ 000002fedd17d480] Skip ('#EXT-X-PROGRAM-DATE-TIME:2026-06-15T09:33:13.745Z')
[hls @ 000002fedd17d480] Skip ('#EXT-X-PROGRAM-DATE-TIME:2026-06-15T09:33:16.735Z')
[hls @ 000002fedd17d480] Skip ('#EXT-X-PROGRAM-DATE-TIME:2026-06-15T09:33:19.744Z')
[hls @ 000002fedd17d480] Skip ('#EXT-X-PROGRAM-DATE-TIME:2026-06-15T09:33:22.731Z')
[hls @ 000002fedd17d480] Skip ('#EXT-X-PROGRAM-DATE-TIME:2026-06-15T09:33:25.737Z')
[hls @ 000002fedd17d480] Skip ('#EXT-X-PROGRAM-DATE-TIME:2026-06-15T09:33:28.746Z')
[hls @ 000002fedd17d480] Skip ('#EXT-X-PROGRAM-DATE-TIME:2026-06-15T09:33:31.733Z')
[hls @ 000002fedd17d480] Skip ('#EXT-X-PROGRAM-DATE-TIME:2026-06-15T09:33:34.740Z')
[hls @ 000002fedd17d480] Skip ('#EXT-X-PROGRAM-DATE-TIME:2026-06-15T09:33:37.745Z')
[hls @ 000002fedd17d480] Skip ('#EXT-X-PROGRAM-DATE-TIME:2026-06-15T09:33:40.735Z')
[hls @ 000002fedd17d480] Skip ('#EXT-X-PROGRAM-DATE-TIME:2026-06-15T09:33:43.743Z')
[hls @ 000002fedd17d480] Skip ('#EXT-X-PROGRAM-DATE-TIME:2026-06-15T09:33:46.731Z')
[hls @ 000002fedd17d480] Skip ('#EXT-X-PROGRAM-DATE-TIME:2026-06-15T09:33:49.741Z')
[hls @ 000002fedd17d480] Skip ('#EXT-X-PROGRAM-DATE-TIME:2026-06-15T09:33:52.745Z')
[hls @ 000002fedd17d480] Skip ('#EXT-X-PROGRAM-DATE-TIME:2026-06-15T09:33:55.734Z')
[hls @ 000002fedd17d480] Skip ('#EXT-X-PROGRAM-DATE-TIME:2026-06-15T09:33:58.998Z')
[hls @ 000002fedd17d480] Skip ('#EXT-X-PROGRAM-DATE-TIME:2026-06-15T09:34:02.005Z')
[hls @ 000002fedd17d480] Skip ('#EXT-X-PROGRAM-DATE-TIME:2026-06-15T09:34:05.012Z')
[hls @ 000002fedd17d480] Skip ('#EXT-X-PROGRAM-DATE-TIME:2026-06-15T09:34:08.001Z')
[hls @ 000002fedd17d480] Skip ('#EXT-X-PROGRAM-DATE-TIME:2026-06-15T09:34:11.008Z')
[hls @ 000002fedd17d480] Skip ('#EXT-X-PROGRAM-DATE-TIME:2026-06-15T09:34:14.012Z')
[hls @ 000002fedd17d480] Skip ('#EXT-X-PROGRAM-DATE-TIME:2026-06-15T09:34:17.002Z')
[hls @ 000002fedd17d480] Skip ('#EXT-X-PROGRAM-DATE-TIME:2026-06-15T09:34:20.018Z')
[hls @ 000002fedd17d480] Skip ('#EXT-X-PROGRAM-DATE-TIME:2026-06-15T09:34:22.165Z')
[hls @ 000002fedd17d480] Skip ('#EXT-X-PROGRAM-DATE-TIME:2026-06-15T09:34:25.173Z')
[hls @ 000002fedd17d480] Skip ('#EXT-X-PROGRAM-DATE-TIME:2026-06-15T09:34:28.801Z')
[hls @ 000002fedd17d480] Skip ('#EXT-X-PROGRAM-DATE-TIME:2026-06-15T09:34:31.807Z')
[hls @ 000002fedd17d480] Skip ('#EXT-X-PROGRAM-DATE-TIME:2026-06-15T09:34:34.812Z')
[hls @ 000002fedd17d480] Skip ('#EXT-X-PROGRAM-DATE-TIME:2026-06-15T09:34:37.803Z')
[hls @ 000002fedd17d480] Skip ('#EXT-X-PROGRAM-DATE-TIME:2026-06-15T09:34:40.823Z')
[hls @ 000002fedd17d480] Skip ('#EXT-X-PROGRAM-DATE-TIME:2026-06-15T09:34:43.798Z')
[hls @ 000002fedd17d480] Skip ('#EXT-X-PROGRAM-DATE-TIME:2026-06-15T09:34:46.805Z')
[hls @ 000002fedd17d480] Skip ('#EXT-X-PROGRAM-DATE-TIME:2026-06-15T09:34:49.813Z')
[hls @ 000002fedd17d480] Skip ('#EXT-X-PROGRAM-DATE-TIME:2026-06-15T09:34:53.479Z')
[hls @ 000002fedd17d480] Skip ('#EXT-X-PROGRAM-DATE-TIME:2026-06-15T09:34:56.470Z')
[hls @ 000002fedd17d480] Skip ('#EXT-X-PROGRAM-DATE-TIME:2026-06-15T09:34:59.478Z')
[hls @ 000002fedd17d480] Skip ('#EXT-X-PROGRAM-DATE-TIME:2026-06-15T09:35:02.465Z')
[hls @ 000002fedd17d480] Skip ('#EXT-X-PROGRAM-DATE-TIME:2026-06-15T09:35:05.473Z')
[hls @ 000002fedd17d480] Skip ('#EXT-X-PROGRAM-DATE-TIME:2026-06-15T09:35:08.479Z')
[hls @ 000002fedd17d480] Skip ('#EXT-X-PROGRAM-DATE-TIME:2026-06-15T09:35:11.470Z')
[hls @ 000002fedd17d480] Skip ('#EXT-X-PROGRAM-DATE-TIME:2026-06-15T09:35:14.475Z')
[hls @ 000002fedd17d480] Skip ('#EXT-X-PROGRAM-DATE-TIME:2026-06-15T09:35:17.481Z')
[hls @ 000002fedd17d480] Skip ('#EXT-X-PROGRAM-DATE-TIME:2026-06-15T09:35:20.469Z')
[hls @ 000002fedd17d480] Skip ('#EXT-X-PROGRAM-DATE-TIME:2026-06-15T09:35:24.972Z')
[hls @ 000002fedd17d480] Skip ('#EXT-X-PROGRAM-DATE-TIME:2026-06-15T09:35:27.979Z')
[hls @ 000002fedd17d480] Skip ('#EXT-X-PROGRAM-DATE-TIME:2026-06-15T09:35:30.965Z')
[hls @ 000002fedd17d480] Skip ('#EXT-X-PROGRAM-DATE-TIME:2026-06-15T09:35:33.974Z')
[hls @ 000002fedd17d480] Skip ('#EXT-X-PROGRAM-DATE-TIME:2026-06-15T09:35:36.979Z')
[hls @ 000002fedd17d480] Skip ('#EXT-X-PROGRAM-DATE-TIME:2026-06-15T09:35:39.955Z')
[hls @ 000002fedd17d480] Skip ('#EXT-X-PROGRAM-DATE-TIME:2026-06-15T09:35:42.964Z')
[hls @ 000002fedd17d480] Skip ('#EXT-X-PROGRAM-DATE-TIME:2026-06-15T09:35:46.879Z')
[hls @ 000002fedd17d480] Skip ('#EXT-X-PROGRAM-DATE-TIME:2026-06-15T09:35:49.866Z')
[hls @ 000002fedd17d480] Skip ('#EXT-X-PROGRAM-DATE-TIME:2026-06-15T09:35:52.875Z')
[hls @ 000002fedd17d480] Skip ('#EXT-X-PROGRAM-DATE-TIME:2026-06-15T09:35:55.879Z')
[hls @ 000002fedd17d480] Skip ('#EXT-X-PROGRAM-DATE-TIME:2026-06-15T09:35:58.856Z')
[hls @ 000002fedd17d480] Skip ('#EXT-X-PROGRAM-DATE-TIME:2026-06-15T09:36:01.865Z')
[hls @ 000002fedd17d480] Skip ('#EXT-X-PROGRAM-DATE-TIME:2026-06-15T09:36:04.851Z')
[hls @ 000002fedd17d480] Skip ('#EXT-X-PROGRAM-DATE-TIME:2026-06-15T09:36:07.874Z')
[hls @ 000002fedd17d480] Skip ('#EXT-X-PROGRAM-DATE-TIME:2026-06-15T09:36:10.879Z')
[hls @ 000002fedd17d480] Skip ('#EXT-X-PROGRAM-DATE-TIME:2026-06-15T09:36:13.866Z')
[hls @ 000002fedd17d480] Skip ('#EXT-X-PROGRAM-DATE-TIME:2026-06-15T09:36:16.874Z')
[hls @ 000002fedd17d480] Skip ('#EXT-X-PROGRAM-DATE-TIME:2026-06-15T09:36:20.439Z')
[hls @ 000002fedd17d480] Skip ('#EXT-X-PROGRAM-DATE-TIME:2026-06-15T09:36:23.446Z')
[hls @ 000002fedd17d480] Skip ('#EXT-X-PROGRAM-DATE-TIME:2026-06-15T09:36:26.433Z')
[hls @ 000002fedd17d480] Skip ('#EXT-X-PROGRAM-DATE-TIME:2026-06-15T09:36:29.441Z')
[hls @ 000002fedd17d480] Skip ('#EXT-X-PROGRAM-DATE-TIME:2026-06-15T09:36:32.446Z')
[hls @ 000002fedd17d480] Skip ('#EXT-X-PROGRAM-DATE-TIME:2026-06-15T09:36:34.837Z')
[hls @ 000002fedd17d480] Skip ('#EXT-X-PROGRAM-DATE-TIME:2026-06-15T09:36:37.845Z')
[hls @ 000002fedd17d480] Skip ('#EXT-X-PROGRAM-DATE-TIME:2026-06-15T09:36:39.979Z')
[hls @ 000002fedd17d480] Skip ('#EXT-X-PROGRAM-DATE-TIME:2026-06-15T09:36:42.965Z')
[hls @ 000002fedd17d480] Skip ('#EXT-X-PROGRAM-DATE-TIME:2026-06-15T09:36:45.973Z')
[hls @ 000002fedd17d480] Skip ('#EXT-X-PROGRAM-DATE-TIME:2026-06-15T09:36:48.980Z')
[hls @ 000002fedd17d480] Skip ('#EXT-X-PROGRAM-DATE-TIME:2026-06-15T09:36:51.969Z')
[hls @ 000002fedd17d480] Skip ('#EXT-X-PROGRAM-DATE-TIME:2026-06-15T09:36:54.976Z')
[hls @ 000002fedd17d480] Skip ('#EXT-X-PROGRAM-DATE-TIME:2026-06-15T09:36:57.964Z')
[hls @ 000002fedd17d480] Skip ('#EXT-X-PROGRAM-DATE-TIME:2026-06-15T09:37:00.971Z')
[hls @ 000002fedd17d480] Skip ('#EXT-X-PROGRAM-DATE-TIME:2026-06-15T09:37:03.979Z')
[hls @ 000002fedd17d480] Skip ('#EXT-X-PROGRAM-DATE-TIME:2026-06-15T09:37:06.967Z')
[hls @ 000002fedd17d480] Skip ('#EXT-X-PROGRAM-DATE-TIME:2026-06-15T09:37:09.974Z')
[hls @ 000002fedd17d480] Skip ('#EXT-X-PROGRAM-DATE-TIME:2026-06-15T09:37:12.640Z')
[hls @ 000002fedd17d480] Skip ('#EXT-X-PROGRAM-DATE-TIME:2026-06-15T09:37:15.646Z')
[hls @ 000002fedd17d480] Skip ('#EXT-X-PROGRAM-DATE-TIME:2026-06-15T09:37:18.935Z')
[hls @ 000002fedd17d480] Skip ('#EXT-X-PROGRAM-DATE-TIME:2026-06-15T09:37:21.943Z')
[hls @ 000002fedd17d480] Skip ('#EXT-X-PROGRAM-DATE-TIME:2026-06-15T09:37:24.947Z')
[hls @ 000002fedd17d480] Skip ('#EXT-X-PROGRAM-DATE-TIME:2026-06-15T09:37:27.937Z')
[hls @ 000002fedd17d480] Skip ('#EXT-X-PROGRAM-DATE-TIME:2026-06-15T09:37:30.945Z')
[hls @ 000002fedd17d480] Skip ('#EXT-X-PROGRAM-DATE-TIME:2026-06-15T09:37:33.932Z')
[hls @ 000002fedd17d480] Skip ('#EXT-X-PROGRAM-DATE-TIME:2026-06-15T09:37:36.942Z')
[hls @ 000002fedd17d480] Skip ('#EXT-X-PROGRAM-DATE-TIME:2026-06-15T09:37:39.946Z')
[hls @ 000002fedd17d480] Skip ('#EXT-X-PROGRAM-DATE-TIME:2026-06-15T09:37:42.935Z')
[hls @ 000002fedd17d480] Skip ('#EXT-X-PROGRAM-DATE-TIME:2026-06-15T09:37:45.944Z')
[hls @ 000002fedd17d480] Skip ('#EXT-X-PROGRAM-DATE-TIME:2026-06-15T09:37:48.946Z')
[hls @ 000002fedd17d480] Skip ('#EXT-X-PROGRAM-DATE-TIME:2026-06-15T09:37:51.937Z')
[hls @ 000002fedd17d480] Skip ('#EXT-X-PROGRAM-DATE-TIME:2026-06-15T09:37:54.944Z')
[hls @ 000002fedd17d480] Skip ('#EXT-X-PROGRAM-DATE-TIME:2026-06-15T09:37:57.932Z')
[hls @ 000002fedd17d480] Skip ('#EXT-X-PROGRAM-DATE-TIME:2026-06-15T09:38:00.939Z')
[hls @ 000002fedd17d480] Skip ('#EXT-X-PROGRAM-DATE-TIME:2026-06-15T09:38:03.947Z')
[hls @ 000002fedd17d480] Skip ('#EXT-X-PROGRAM-DATE-TIME:2026-06-15T09:38:06.935Z')
[hls @ 000002fedd17d480] Skip ('#EXT-X-PROGRAM-DATE-TIME:2026-06-15T09:38:09.943Z')
[hls @ 000002fedd17d480] Skip ('#EXT-X-PROGRAM-DATE-TIME:2026-06-15T09:38:13.397Z')
[hls @ 000002fedd17d480] Skip ('#EXT-X-PROGRAM-DATE-TIME:2026-06-15T09:38:17.004Z')
[hls @ 000002fedd17d480] Skip ('#EXT-X-PROGRAM-DATE-TIME:2026-06-15T09:38:20.012Z')
[hls @ 000002fedd17d480] Skip ('#EXT-X-PROGRAM-DATE-TIME:2026-06-15T09:38:24.896Z')
[hls @ 000002fedd17d480] Skip ('#EXT-X-PROGRAM-DATE-TIME:2026-06-15T09:38:28.971Z')
[hls @ 000002fedd17d480] Skip ('#EXT-X-PROGRAM-DATE-TIME:2026-06-15T09:38:31.979Z')
[hls @ 000002fedd17d480] Skip ('#EXT-X-PROGRAM-DATE-TIME:2026-06-15T09:38:34.966Z')
[hls @ 000002fedd17d480] Skip ('#EXT-X-PROGRAM-DATE-TIME:2026-06-15T09:38:37.975Z')
[hls @ 000002fedd17d480] Skip ('#EXT-X-PROGRAM-DATE-TIME:2026-06-15T09:38:40.979Z')
[hls @ 000002fedd17d480] Skip ('#EXT-X-PROGRAM-DATE-TIME:2026-06-15T09:38:43.970Z')
[hls @ 000002fedd17d480] Skip ('#EXT-X-PROGRAM-DATE-TIME:2026-06-15T09:38:46.978Z')
[hls @ 000002fedd17d480] Skip ('#EXT-X-PROGRAM-DATE-TIME:2026-06-15T09:38:49.963Z')
[hls @ 000002fedd17d480] Skip ('#EXT-X-PROGRAM-DATE-TIME:2026-06-15T09:38:52.972Z')
[hls @ 000002fedd17d480] Skip ('#EXT-X-PROGRAM-DATE-TIME:2026-06-15T09:38:55.680Z')
[hls @ 000002fedd17d480] Skip ('#EXT-X-PROGRAM-DATE-TIME:2026-06-15T09:38:58.580Z')
[hls @ 000002fedd17d480] Skip ('#EXT-X-PROGRAM-DATE-TIME:2026-06-15T09:39:01.568Z')
[hls @ 000002fedd17d480] Skip ('#EXT-X-PROGRAM-DATE-TIME:2026-06-15T09:39:04.577Z')
[hls @ 000002fedd17d480] Skip ('#EXT-X-PROGRAM-DATE-TIME:2026-06-15T09:39:07.564Z')
[hls @ 000002fedd17d480] Skip ('#EXT-X-PROGRAM-DATE-TIME:2026-06-15T09:39:10.572Z')
[hls @ 000002fedd17d480] Skip ('#EXT-X-PROGRAM-DATE-TIME:2026-06-15T09:39:13.579Z')
[hls @ 000002fedd17d480] Skip ('#EXT-X-PROGRAM-DATE-TIME:2026-06-15T09:39:16.567Z')
[hls @ 000002fedd17d480] Skip ('#EXT-X-PROGRAM-DATE-TIME:2026-06-15T09:39:19.576Z')
[hls @ 000002fedd17d480] Skip ('#EXT-X-PROGRAM-DATE-TIME:2026-06-15T09:39:22.568Z')
[hls @ 000002fedd17d480] Skip ('#EXT-X-PROGRAM-DATE-TIME:2026-06-15T09:39:25.558Z')
[hls @ 000002fedd17d480] Skip ('#EXT-X-PROGRAM-DATE-TIME:2026-06-15T09:39:28.576Z')
[hls @ 000002fedd17d480] Skip ('#EXT-X-PROGRAM-DATE-TIME:2026-06-15T09:39:31.563Z')
[hls @ 000002fedd17d480] Skip ('#EXT-X-PROGRAM-DATE-TIME:2026-06-15T09:39:34.571Z')
[hls @ 000002fedd17d480] Skip ('#EXT-X-PROGRAM-DATE-TIME:2026-06-15T09:39:37.579Z')
[hls @ 000002fedd17d480] Skip ('#EXT-X-PROGRAM-DATE-TIME:2026-06-15T09:39:40.567Z')
[hls @ 000002fedd17d480] Skip ('#EXT-X-PROGRAM-DATE-TIME:2026-06-15T09:39:43.573Z')
[hls @ 000002fedd17d480] Skip ('#EXT-X-PROGRAM-DATE-TIME:2026-06-15T09:39:46.580Z')
[hls @ 000002fedd17d480] Skip ('#EXT-X-PROGRAM-DATE-TIME:2026-06-15T09:39:49.569Z')
[hls @ 000002fedd17d480] Skip ('#EXT-X-PROGRAM-DATE-TIME:2026-06-15T09:39:52.578Z')
[hls @ 000002fedd17d480] Skip ('#EXT-X-PROGRAM-DATE-TIME:2026-06-15T09:39:55.565Z')
[hls @ 000002fedd17d480] Skip ('#EXT-X-PROGRAM-DATE-TIME:2026-06-15T09:39:58.572Z')
[hls @ 000002fedd17d480] Skip ('#EXT-X-PROGRAM-DATE-TIME:2026-06-15T09:40:01.579Z')
[hls @ 000002fedd17d480] Skip ('#EXT-X-PROGRAM-DATE-TIME:2026-06-15T09:40:04.566Z')
[hls @ 000002fedd17d480] Skip ('#EXT-X-PROGRAM-DATE-TIME:2026-06-15T09:40:07.575Z')
[hls @ 000002fedd17d480] Skip ('#EXT-X-PROGRAM-DATE-TIME:2026-06-15T09:40:10.580Z')
[hls @ 000002fedd17d480] Skip ('#EXT-X-PROGRAM-DATE-TIME:2026-06-15T09:40:14.766Z')
[hls @ 000002fedd17d480] Skip ('#EXT-X-PROGRAM-DATE-TIME:2026-06-15T09:40:17.771Z')
[hls @ 000002fedd17d480] Skip ('#EXT-X-PROGRAM-DATE-TIME:2026-06-15T09:40:20.780Z')
[hls @ 000002fedd17d480] Skip ('#EXT-X-PROGRAM-DATE-TIME:2026-06-15T09:40:23.767Z')
[hls @ 000002fedd17d480] Skip ('#EXT-X-PROGRAM-DATE-TIME:2026-06-15T09:40:26.775Z')
[hls @ 000002fedd17d480] Skip ('#EXT-X-PROGRAM-DATE-TIME:2026-06-15T09:40:31.147Z')
[hls @ 000002fedd17d480] Skip ('#EXT-X-PROGRAM-DATE-TIME:2026-06-15T09:40:34.432Z')
[hls @ 000002fedd17d480] Skip ('#EXT-X-PROGRAM-DATE-TIME:2026-06-15T09:40:37.442Z')
[hls @ 000002fedd17d480] Skip ('#EXT-X-PROGRAM-DATE-TIME:2026-06-15T09:40:40.447Z')
[hls @ 000002fedd17d480] Skip ('#EXT-X-PROGRAM-DATE-TIME:2026-06-15T09:40:43.437Z')
[hls @ 000002fedd17d480] Skip ('#EXT-X-PROGRAM-DATE-TIME:2026-06-15T09:40:46.443Z')
[hls @ 000002fedd17d480] Skip ('#EXT-X-PROGRAM-DATE-TIME:2026-06-15T09:40:49.432Z')
[hls @ 000002fedd17d480] Skip ('#EXT-X-PROGRAM-DATE-TIME:2026-06-15T09:40:52.630Z')
[hls @ 000002fedd17d480] Skip ('#EXT-X-PROGRAM-DATE-TIME:2026-06-15T09:40:55.380Z')
[hls @ 000002fedd17d480] Opening 'https://prod-fastly-us-west-2.video.pscp.tv/Transcoding/v1/hls/YVo47bfH3y8tlE2DgToQG9XRLgYPeGslzjoAYQiS85sh5FBflh6bEB8ELSPDS9S2HD-0H_QZ0KJ0wqrd22keRw/transcode/us-west-2/periscope-replay-direct-prod-us-west-2-public/eyJhbGciOiJIUzI1NiIsInR5cCI6IkpXVCIsInZlcnNpb24iOiIyIn0.eyJFbmNvZGVyU2V0dGluZyI6ImVuY29kZXJfc2V0dGluZ180ODBwMzBfMTAiLCJIZWlnaHQiOjQ4MCwiS2JwcyI6MTIwMCwiV2lkdGgiOjg0OH0.0LJi1usWbiPqp0QIcpq7Md5g1WxvJcPqVWNqsKw5nhA/chunk_1781515930391075988_965_a.ts' for reading
[hls @ 000002fedd17d480] Opening 'https://prod-fastly-us-west-2.video.pscp.tv/Transcoding/v1/hls/YVo47bfH3y8tlE2DgToQG9XRLgYPeGslzjoAYQiS85sh5FBflh6bEB8ELSPDS9S2HD-0H_QZ0KJ0wqrd22keRw/transcode/us-west-2/periscope-replay-direct-prod-us-west-2-public/eyJhbGciOiJIUzI1NiIsInR5cCI6IkpXVCIsInZlcnNpb24iOiIyIn0.eyJFbmNvZGVyU2V0dGluZyI6ImVuY29kZXJfc2V0dGluZ180ODBwMzBfMTAiLCJIZWlnaHQiOjQ4MCwiS2JwcyI6MTIwMCwiV2lkdGgiOjg0OH0.0LJi1usWbiPqp0QIcpq7Md5g1WxvJcPqVWNqsKw5nhA/chunk_1781515934812456046_966_a.ts' for reading
Input #0, hls, from 'https://prod-fastly-us-west-2.video.pscp.tv/Transcoding/v1/hls/YVo47bfH3y8tlE2DgToQG9XRLgYPeGslzjoAYQiS85sh5FBflh6bEB8ELSPDS9S2HD-0H_QZ0KJ0wqrd22keRw/transcode/us-west-2/periscope-replay-direct-prod-us-west-2-public/eyJhbGciOiJIUzI1NiIsInR5cCI6IkpXVCIsInZlcnNpb24iOiIyIn0.eyJFbmNvZGVyU2V0dGluZyI6ImVuY29kZXJfc2V0dGluZ180ODBwMzBfMTAiLCJIZWlnaHQiOjQ4MCwiS2JwcyI6MTIwMCwiV2lkdGgiOjg0OH0.0LJi1usWbiPqp0QIcpq7Md5g1WxvJcPqVWNqsKw5nhA/playlist_16665227602535066264.m3u8?type=replay':
  Duration: 00:08:37.83, start: 2919.033000, bitrate: N/A
  Program 0 
    Metadata:
      variant_bitrate : 0
  Stream #0:0: Data: timed_id3 (ID3  / 0x20334449)
    Metadata:
      variant_bitrate : 0
  Stream #0:1: Video: h264 (High) ([27][0][0][0] / 0x001B), yuv420p, 848x480, 30 tbr, 90k tbn
    Metadata:
      variant_bitrate : 0
  Stream #0:2: Audio: aac (LC) ([15][0][0][0] / 0x000F), 48000 Hz, stereo, fltp
    Metadata:
      variant_bitrate : 0
Output #0, mp4, to 'pipe:1':
  Metadata:
    encoder         : Lavf60.16.100
  Stream #0:0: Video: h264 (High) (avc1 / 0x31637661), yuv420p, 848x480, q=2-31, 30 tbr, 90k tbn
    Metadata:
      variant_bitrate : 0
  Stream #0:1: Audio: aac (LC) (mp4a / 0x6134706D), 48000 Hz, stereo, fltp
    Metadata:
      variant_bitrate : 0
Stream mapping:
  Stream #0:1 -> #0:0 (copy)
  Stream #0:2 -> #0:1 (copy)
Press [q] to stop, [?] for help
size=       0kB time=00:00:00.00 bitrate=N/A speed=N/A    [https @ 000002fedd6440c0] Opening 'https://prod-fastly-us-west-2.video.pscp.tv/Transcoding/v1/hls/YVo47bfH3y8tlE2DgToQG9XRLgYPeGslzjoAYQiS85sh5FBflh6bEB8ELSPDS9S2HD-0H_QZ0KJ0wqrd22keRw/transcode/us-west-2/periscope-replay-direct-prod-us-west-2-public/eyJhbGciOiJIUzI1NiIsInR5cCI6IkpXVCIsInZlcnNpb24iOiIyIn0.eyJFbmNvZGVyU2V0dGluZyI6ImVuY29kZXJfc2V0dGluZ180ODBwMzBfMTAiLCJIZWlnaHQiOjQ4MCwiS2JwcyI6MTIwMCwiV2lkdGgiOjg0OH0.0LJi1usWbiPqp0QIcpq7Md5g1WxvJcPqVWNqsKw5nhA/chunk_1781515937833592346_967_a.ts' for reading
[https @ 000002fedd1f2040] Opening 'https://prod-fastly-us-west-2.video.pscp.tv/Transcoding/v1/hls/YVo47bfH3y8tlE2DgToQG9XRLgYPeGslzjoAYQiS85sh5FBflh6bEB8ELSPDS9S2HD-0H_QZ0KJ0wqrd22keRw/transcode/us-west-2/periscope-replay-direct-prod-us-west-2-public/eyJhbGciOiJIUzI1NiIsInR5cCI6IkpXVCIsInZlcnNpb24iOiIyIn0.eyJFbmNvZGVyU2V0dGluZyI6ImVuY29kZXJfc2V0dGluZ180ODBwMzBfMTAiLCJIZWlnaHQiOjQ4MCwiS2JwcyI6MTIwMCwiV2lkdGgiOjg0OH0.0LJi1usWbiPqp0QIcpq7Md5g1WxvJcPqVWNqsKw5nhA/chunk_1781515940816955042_968_a.ts' for reading
[https @ 000002fedd6440c0] Opening 'https://prod-fastly-us-west-2.video.pscp.tv/Transcoding/v1/hls/YVo47bfH3y8tlE2DgToQG9XRLgYPeGslzjoAYQiS85sh5FBflh6bEB8ELSPDS9S2HD-0H_QZ0KJ0wqrd22keRw/transcode/us-west-2/periscope-replay-direct-prod-us-west-2-public/eyJhbGciOiJIUzI1NiIsInR5cCI6IkpXVCIsInZlcnNpb24iOiIyIn0.eyJFbmNvZGVyU2V0dGluZyI6ImVuY29kZXJfc2V0dGluZ180ODBwMzBfMTAiLCJIZWlnaHQiOjQ4MCwiS2JwcyI6MTIwMCwiV2lkdGgiOjg0OH0.0LJi1usWbiPqp0QIcpq7Md5g1WxvJcPqVWNqsKw5nhA/chunk_1781515943787067530_969_a.ts' for reading
size=     369kB time=00:00:08.96 bitrate= 337.7kbits/s speed=13.4x    [https @ 000002fedd1f2040] Opening 'https://prod-fastly-us-west-2.video.pscp.tv/Transcoding/v1/hls/YVo47bfH3y8tlE2DgToQG9XRLgYPeGslzjoAYQiS85sh5FBflh6bEB8ELSPDS9S2HD-0H_QZ0KJ0wqrd22keRw/transcode/us-west-2/periscope-replay-direct-prod-us-west-2-public/eyJhbGciOiJIUzI1NiIsInR5cCI6IkpXVCIsInZlcnNpb24iOiIyIn0.eyJFbmNvZGVyU2V0dGluZyI6ImVuY29kZXJfc2V0dGluZ180ODBwMzBfMTAiLCJIZWlnaHQiOjQ4MCwiS2JwcyI6MTIwMCwiV2lkdGgiOjg0OH0.0LJi1usWbiPqp0QIcpq7Md5g1WxvJcPqVWNqsKw5nhA/chunk_1781515946825577946_970_a.ts' for reading
[https @ 000002fedd6440c0] Opening 'https://prod-fastly-us-west-2.video.pscp.tv/Transcoding/v1/hls/YVo47bfH3y8tlE2DgToQG9XRLgYPeGslzjoAYQiS85sh5FBflh6bEB8ELSPDS9S2HD-0H_QZ0KJ0wqrd22keRw/transcode/us-west-2/periscope-replay-direct-prod-us-west-2-public/eyJhbGciOiJIUzI1NiIsInR5cCI6IkpXVCIsInZlcnNpb24iOiIyIn0.eyJFbmNvZGVyU2V0dGluZyI6ImVuY29kZXJfc2V0dGluZ180ODBwMzBfMTAiLCJIZWlnaHQiOjQ4MCwiS2JwcyI6MTIwMCwiV2lkdGgiOjg0OH0.0LJi1usWbiPqp0QIcpq7Md5g1WxvJcPqVWNqsKw5nhA/chunk_1781515949843579014_971_a.ts' for reading
size=     732kB time=00:00:14.99 bitrate= 400.0kbits/s speed=11.9x    [https @ 000002fedd1f2040] Opening 'https://prod-fastly-us-west-2.video.pscp.tv/Transcoding/v1/hls/YVo47bfH3y8tlE2DgToQG9XRLgYPeGslzjoAYQiS85sh5FBflh6bEB8ELSPDS9S2HD-0H_QZ0KJ0wqrd22keRw/transcode/us-west-2/periscope-replay-direct-prod-us-west-2-public/eyJhbGciOiJIUzI1NiIsInR5cCI6IkpXVCIsInZlcnNpb24iOiIyIn0.eyJFbmNvZGVyU2V0dGluZyI6ImVuY29kZXJfc2V0dGluZ180ODBwMzBfMTAiLCJIZWlnaHQiOjQ4MCwiS2JwcyI6MTIwMCwiV2lkdGgiOjg0OH0.0LJi1usWbiPqp0QIcpq7Md5g1WxvJcPqVWNqsKw5nhA/chunk_1781515952825846271_972_a.ts' for reading
[https @ 000002fedd6440c0] Opening 'https://prod-fastly-us-west-2.video.pscp.tv/Transcoding/v1/hls/YVo47bfH3y8tlE2DgToQG9XRLgYPeGslzjoAYQiS85sh5FBflh6bEB8ELSPDS9S2HD-0H_QZ0KJ0wqrd22keRw/transcode/us-west-2/periscope-replay-direct-prod-us-west-2-public/eyJhbGciOiJIUzI1NiIsInR5cCI6IkpXVCIsInZlcnNpb24iOiIyIn0.eyJFbmNvZGVyU2V0dGluZyI6ImVuY29kZXJfc2V0dGluZ180ODBwMzBfMTAiLCJIZWlnaHQiOjQ4MCwiS2JwcyI6MTIwMCwiV2lkdGgiOjg0OH0.0LJi1usWbiPqp0QIcpq7Md5g1WxvJcPqVWNqsKw5nhA/chunk_1781515955795748702_973_a.ts' for reading
size=    1083kB time=00:00:20.94 bitrate= 423.7kbits/s speed=10.3x    [https @ 000002fedd1f2040] Opening 'https://prod-fastly-us-west-2.video.pscp.tv/Transcoding/v1/hls/YVo47bfH3y8tlE2DgToQG9XRLgYPeGslzjoAYQiS85sh5FBflh6bEB8ELSPDS9S2HD-0H_QZ0KJ0wqrd22keRw/transcode/us-west-2/periscope-replay-direct-prod-us-west-2-public/eyJhbGciOiJIUzI1NiIsInR5cCI6IkpXVCIsInZlcnNpb24iOiIyIn0.eyJFbmNvZGVyU2V0dGluZyI6ImVuY29kZXJfc2V0dGluZ180ODBwMzBfMTAiLCJIZWlnaHQiOjQ4MCwiS2JwcyI6MTIwMCwiV2lkdGgiOjg0OH0.0LJi1usWbiPqp0QIcpq7Md5g1WxvJcPqVWNqsKw5nhA/chunk_1781515958812536481_974_a.ts' for reading
[https @ 000002fedd6440c0] Opening 'https://prod-fastly-us-west-2.video.pscp.tv/Transcoding/v1/hls/YVo47bfH3y8tlE2DgToQG9XRLgYPeGslzjoAYQiS85sh5FBflh6bEB8ELSPDS9S2HD-0H_QZ0KJ0wqrd22keRw/transcode/us-west-2/periscope-replay-direct-prod-us-west-2-public/eyJhbGciOiJIUzI1NiIsInR5cCI6IkpXVCIsInZlcnNpb24iOiIyIn0.eyJFbmNvZGVyU2V0dGluZyI6ImVuY29kZXJfc2V0dGluZ180ODBwMzBfMTAiLCJIZWlnaHQiOjQ4MCwiS2JwcyI6MTIwMCwiV2lkdGgiOjg0OH0.0LJi1usWbiPqp0QIcpq7Md5g1WxvJcPqVWNqsKw5nhA/chunk_1781515960810606477_975_a.ts' for reading
size=    1335kB time=00:00:25.92 bitrate= 421.8kbits/s speed=9.53x    [https @ 000002fedd1f2040] Opening 'https://prod-fastly-us-west-2.video.pscp.tv/Transcoding/v1/hls/YVo47bfH3y8tlE2DgToQG9XRLgYPeGslzjoAYQiS85sh5FBflh6bEB8ELSPDS9S2HD-0H_QZ0KJ0wqrd22keRw/transcode/us-west-2/periscope-replay-direct-prod-us-west-2-public/eyJhbGciOiJIUzI1NiIsInR5cCI6IkpXVCIsInZlcnNpb24iOiIyIn0.eyJFbmNvZGVyU2V0dGluZyI6ImVuY29kZXJfc2V0dGluZ180ODBwMzBfMTAiLCJIZWlnaHQiOjQ4MCwiS2JwcyI6MTIwMCwiV2lkdGgiOjg0OH0.0LJi1usWbiPqp0QIcpq7Md5g1WxvJcPqVWNqsKw5nhA/chunk_1781515963794969812_976_a.ts' for reading
[https @ 000002fedd6440c0] Opening 'https://prod-fastly-us-west-2.video.pscp.tv/Transcoding/v1/hls/YVo47bfH3y8tlE2DgToQG9XRLgYPeGslzjoAYQiS85sh5FBflh6bEB8ELSPDS9S2HD-0H_QZ0KJ0wqrd22keRw/transcode/us-west-2/periscope-replay-direct-prod-us-west-2-public/eyJhbGciOiJIUzI1NiIsInR5cCI6IkpXVCIsInZlcnNpb24iOiIyIn0.eyJFbmNvZGVyU2V0dGluZyI6ImVuY29kZXJfc2V0dGluZ180ODBwMzBfMTAiLCJIZWlnaHQiOjQ4MCwiS2JwcyI6MTIwMCwiV2lkdGgiOjg0OH0.0LJi1usWbiPqp0QIcpq7Md5g1WxvJcPqVWNqsKw5nhA/chunk_1781515966756942857_977_a.ts' for reading
size=    1719kB time=00:00:31.95 bitrate= 440.6kbits/s speed=9.43x    [https @ 000002fedd1f2040] Opening 'https://prod-fastly-us-west-2.video.pscp.tv/Transcoding/v1/hls/YVo47bfH3y8tlE2DgToQG9XRLgYPeGslzjoAYQiS85sh5FBflh6bEB8ELSPDS9S2HD-0H_QZ0KJ0wqrd22keRw/transcode/us-west-2/periscope-replay-direct-prod-us-west-2-public/eyJhbGciOiJIUzI1NiIsInR5cCI6IkpXVCIsInZlcnNpb24iOiIyIn0.eyJFbmNvZGVyU2V0dGluZyI6ImVuY29kZXJfc2V0dGluZ180ODBwMzBfMTAiLCJIZWlnaHQiOjQ4MCwiS2JwcyI6MTIwMCwiV2lkdGgiOjg0OH0.0LJi1usWbiPqp0QIcpq7Md5g1WxvJcPqVWNqsKw5nhA/chunk_1781515969773614831_978_a.ts' for reading
[https @ 000002fedd6440c0] Opening 'https://prod-fastly-us-west-2.video.pscp.tv/Transcoding/v1/hls/YVo47bfH3y8tlE2DgToQG9XRLgYPeGslzjoAYQiS85sh5FBflh6bEB8ELSPDS9S2HD-0H_QZ0KJ0wqrd22keRw/transcode/us-west-2/periscope-replay-direct-prod-us-west-2-public/eyJhbGciOiJIUzI1NiIsInR5cCI6IkpXVCIsInZlcnNpb24iOiIyIn0.eyJFbmNvZGVyU2V0dGluZyI6ImVuY29kZXJfc2V0dGluZ180ODBwMzBfMTAiLCJIZWlnaHQiOjQ4MCwiS2JwcyI6MTIwMCwiV2lkdGgiOjg0OH0.0LJi1usWbiPqp0QIcpq7Md5g1WxvJcPqVWNqsKw5nhA/chunk_1781515972767181473_979_a.ts' for reading
size=    2067kB time=00:00:37.93 bitrate= 446.4kbits/s speed= 9.5x    [https @ 000002fedd1f2040] Opening 'https://prod-fastly-us-west-2.video.pscp.tv/Transcoding/v1/hls/YVo47bfH3y8tlE2DgToQG9XRLgYPeGslzjoAYQiS85sh5FBflh6bEB8ELSPDS9S2HD-0H_QZ0KJ0wqrd22keRw/transcode/us-west-2/periscope-replay-direct-prod-us-west-2-public/eyJhbGciOiJIUzI1NiIsInR5cCI6IkpXVCIsInZlcnNpb24iOiIyIn0.eyJFbmNvZGVyU2V0dGluZyI6ImVuY29kZXJfc2V0dGluZ180ODBwMzBfMTAiLCJIZWlnaHQiOjQ4MCwiS2JwcyI6MTIwMCwiV2lkdGgiOjg0OH0.0LJi1usWbiPqp0QIcpq7Md5g1WxvJcPqVWNqsKw5nhA/chunk_1781515975781762881_980_a.ts' for reading
[https @ 000002fedd6440c0] Opening 'https://prod-fastly-us-west-2.video.pscp.tv/Transcoding/v1/hls/YVo47bfH3y8tlE2DgToQG9XRLgYPeGslzjoAYQiS85sh5FBflh6bEB8ELSPDS9S2HD-0H_QZ0KJ0wqrd22keRw/transcode/us-west-2/periscope-replay-direct-prod-us-west-2-public/eyJhbGciOiJIUzI1NiIsInR5cCI6IkpXVCIsInZlcnNpb24iOiIyIn0.eyJFbmNvZGVyU2V0dGluZyI6ImVuY29kZXJfc2V0dGluZ180ODBwMzBfMTAiLCJIZWlnaHQiOjQ4MCwiS2JwcyI6MTIwMCwiV2lkdGgiOjg0OH0.0LJi1usWbiPqp0QIcpq7Md5g1WxvJcPqVWNqsKw5nhA/chunk_1781515978757068384_981_a.ts' for reading
size=    2417kB time=00:00:43.90 bitrate= 451.0kbits/s speed=9.38x    [https @ 000002fedd1f2040] Opening 'https://prod-fastly-us-west-2.video.pscp.tv/Transcoding/v1/hls/YVo47bfH3y8tlE2DgToQG9XRLgYPeGslzjoAYQiS85sh5FBflh6bEB8ELSPDS9S2HD-0H_QZ0KJ0wqrd22keRw/transcode/us-west-2/periscope-replay-direct-prod-us-west-2-public/eyJhbGciOiJIUzI1NiIsInR5cCI6IkpXVCIsInZlcnNpb24iOiIyIn0.eyJFbmNvZGVyU2V0dGluZyI6ImVuY29kZXJfc2V0dGluZ180ODBwMzBfMTAiLCJIZWlnaHQiOjQ4MCwiS2JwcyI6MTIwMCwiV2lkdGgiOjg0OH0.0LJi1usWbiPqp0QIcpq7Md5g1WxvJcPqVWNqsKw5nhA/chunk_1781515981762118889_982_a.ts' for reading
[https @ 000002fedd6440c0] Opening 'https://prod-fastly-us-west-2.video.pscp.tv/Transcoding/v1/hls/YVo47bfH3y8tlE2DgToQG9XRLgYPeGslzjoAYQiS85sh5FBflh6bEB8ELSPDS9S2HD-0H_QZ0KJ0wqrd22keRw/transcode/us-west-2/periscope-replay-direct-prod-us-west-2-public/eyJhbGciOiJIUzI1NiIsInR5cCI6IkpXVCIsInZlcnNpb24iOiIyIn0.eyJFbmNvZGVyU2V0dGluZyI6ImVuY29kZXJfc2V0dGluZ180ODBwMzBfMTAiLCJIZWlnaHQiOjQ4MCwiS2JwcyI6MTIwMCwiV2lkdGgiOjg0OH0.0LJi1usWbiPqp0QIcpq7Md5g1WxvJcPqVWNqsKw5nhA/chunk_1781515984809109937_983_a.ts' for reading
size=    2746kB time=00:00:49.92 bitrate= 450.6kbits/s speed=9.38x    [https @ 000002fedd1f2040] Opening 'https://prod-fastly-us-west-2.video.pscp.tv/Transcoding/v1/hls/YVo47bfH3y8tlE2DgToQG9XRLgYPeGslzjoAYQiS85sh5FBflh6bEB8ELSPDS9S2HD-0H_QZ0KJ0wqrd22keRw/transcode/us-west-2/periscope-replay-direct-prod-us-west-2-public/eyJhbGciOiJIUzI1NiIsInR5cCI6IkpXVCIsInZlcnNpb24iOiIyIn0.eyJFbmNvZGVyU2V0dGluZyI6ImVuY29kZXJfc2V0dGluZ180ODBwMzBfMTAiLCJIZWlnaHQiOjQ4MCwiS2JwcyI6MTIwMCwiV2lkdGgiOjg0OH0.0LJi1usWbiPqp0QIcpq7Md5g1WxvJcPqVWNqsKw5nhA/chunk_1781515987783972912_984_a.ts' for reading
[https @ 000002fedd6440c0] Opening 'https://prod-fastly-us-west-2.video.pscp.tv/Transcoding/v1/hls/YVo47bfH3y8tlE2DgToQG9XRLgYPeGslzjoAYQiS85sh5FBflh6bEB8ELSPDS9S2HD-0H_QZ0KJ0wqrd22keRw/transcode/us-west-2/periscope-replay-direct-prod-us-west-2-public/eyJhbGciOiJIUzI1NiIsInR5cCI6IkpXVCIsInZlcnNpb24iOiIyIn0.eyJFbmNvZGVyU2V0dGluZyI6ImVuY29kZXJfc2V0dGluZ180ODBwMzBfMTAiLCJIZWlnaHQiOjQ4MCwiS2JwcyI6MTIwMCwiV2lkdGgiOjg0OH0.0LJi1usWbiPqp0QIcpq7Md5g1WxvJcPqVWNqsKw5nhA/chunk_1781515990800355703_985_a.ts' for reading
size=    3089kB time=00:00:55.95 bitrate= 452.1kbits/s speed=9.42x    [https @ 000002fedd1f2040] Opening 'https://prod-fastly-us-west-2.video.pscp.tv/Transcoding/v1/hls/YVo47bfH3y8tlE2DgToQG9XRLgYPeGslzjoAYQiS85sh5FBflh6bEB8ELSPDS9S2HD-0H_QZ0KJ0wqrd22keRw/transcode/us-west-2/periscope-replay-direct-prod-us-west-2-public/eyJhbGciOiJIUzI1NiIsInR5cCI6IkpXVCIsInZlcnNpb24iOiIyIn0.eyJFbmNvZGVyU2V0dGluZyI6ImVuY29kZXJfc2V0dGluZ180ODBwMzBfMTAiLCJIZWlnaHQiOjQ4MCwiS2JwcyI6MTIwMCwiV2lkdGgiOjg0OH0.0LJi1usWbiPqp0QIcpq7Md5g1WxvJcPqVWNqsKw5nhA/chunk_1781515993810549991_986_a.ts' for reading
[https @ 000002fedd6440c0] Opening 'https://prod-fastly-us-west-2.video.pscp.tv/Transcoding/v1/hls/YVo47bfH3y8tlE2DgToQG9XRLgYPeGslzjoAYQiS85sh5FBflh6bEB8ELSPDS9S2HD-0H_QZ0KJ0wqrd22keRw/transcode/us-west-2/periscope-replay-direct-prod-us-west-2-public/eyJhbGciOiJIUzI1NiIsInR5cCI6IkpXVCIsInZlcnNpb24iOiIyIn0.eyJFbmNvZGVyU2V0dGluZyI6ImVuY29kZXJfc2V0dGluZ180ODBwMzBfMTAiLCJIZWlnaHQiOjQ4MCwiS2JwcyI6MTIwMCwiV2lkdGgiOjg0OH0.0LJi1usWbiPqp0QIcpq7Md5g1WxvJcPqVWNqsKw5nhA/chunk_1781515996776382943_987_a.ts' for reading
size=    3461kB time=00:01:01.95 bitrate= 457.6kbits/s speed=9.33x    [https @ 000002fedd1f2040] Opening 'https://prod-fastly-us-west-2.video.pscp.tv/Transcoding/v1/hls/YVo47bfH3y8tlE2DgToQG9XRLgYPeGslzjoAYQiS85sh5FBflh6bEB8ELSPDS9S2HD-0H_QZ0KJ0wqrd22keRw/transcode/us-west-2/periscope-replay-direct-prod-us-west-2-public/eyJhbGciOiJIUzI1NiIsInR5cCI6IkpXVCIsInZlcnNpb24iOiIyIn0.eyJFbmNvZGVyU2V0dGluZyI6ImVuY29kZXJfc2V0dGluZ180ODBwMzBfMTAiLCJIZWlnaHQiOjQ4MCwiS2JwcyI6MTIwMCwiV2lkdGgiOjg0OH0.0LJi1usWbiPqp0QIcpq7Md5g1WxvJcPqVWNqsKw5nhA/chunk_1781515999789848517_988_a.ts' for reading
[https @ 000002fedd6440c0] Opening 'https://prod-fastly-us-west-2.video.pscp.tv/Transcoding/v1/hls/YVo47bfH3y8tlE2DgToQG9XRLgYPeGslzjoAYQiS85sh5FBflh6bEB8ELSPDS9S2HD-0H_QZ0KJ0wqrd22keRw/transcode/us-west-2/periscope-replay-direct-prod-us-west-2-public/eyJhbGciOiJIUzI1NiIsInR5cCI6IkpXVCIsInZlcnNpb24iOiIyIn0.eyJFbmNvZGVyU2V0dGluZyI6ImVuY29kZXJfc2V0dGluZ180ODBwMzBfMTAiLCJIZWlnaHQiOjQ4MCwiS2JwcyI6MTIwMCwiV2lkdGgiOjg0OH0.0LJi1usWbiPqp0QIcpq7Md5g1WxvJcPqVWNqsKw5nhA/chunk_1781516002786208271_989_a.ts' for reading
size=    3890kB time=00:01:07.94 bitrate= 469.0kbits/s speed=9.25x    [https @ 000002fedd1f2040] Opening 'https://prod-fastly-us-west-2.video.pscp.tv/Transcoding/v1/hls/YVo47bfH3y8tlE2DgToQG9XRLgYPeGslzjoAYQiS85sh5FBflh6bEB8ELSPDS9S2HD-0H_QZ0KJ0wqrd22keRw/transcode/us-west-2/periscope-replay-direct-prod-us-west-2-public/eyJhbGciOiJIUzI1NiIsInR5cCI6IkpXVCIsInZlcnNpb24iOiIyIn0.eyJFbmNvZGVyU2V0dGluZyI6ImVuY29kZXJfc2V0dGluZ180ODBwMzBfMTAiLCJIZWlnaHQiOjQ4MCwiS2JwcyI6MTIwMCwiV2lkdGgiOjg0OH0.0LJi1usWbiPqp0QIcpq7Md5g1WxvJcPqVWNqsKw5nhA/chunk_1781516005803536561_990_a.ts' for reading
[https @ 000002fedd6440c0] Opening 'https://prod-fastly-us-west-2.video.pscp.tv/Transcoding/v1/hls/YVo47bfH3y8tlE2DgToQG9XRLgYPeGslzjoAYQiS85sh5FBflh6bEB8ELSPDS9S2HD-0H_QZ0KJ0wqrd22keRw/transcode/us-west-2/periscope-replay-direct-prod-us-west-2-public/eyJhbGciOiJIUzI1NiIsInR5cCI6IkpXVCIsInZlcnNpb24iOiIyIn0.eyJFbmNvZGVyU2V0dGluZyI6ImVuY29kZXJfc2V0dGluZ180ODBwMzBfMTAiLCJIZWlnaHQiOjQ4MCwiS2JwcyI6MTIwMCwiV2lkdGgiOjg0OH0.0LJi1usWbiPqp0QIcpq7Md5g1WxvJcPqVWNqsKw5nhA/chunk_1781516008781966052_991_a.ts' for reading
size=    4288kB time=00:01:13.92 bitrate= 475.3kbits/s speed=9.26x    [https @ 000002fedd1f2040] Opening 'https://prod-fastly-us-west-2.video.pscp.tv/Transcoding/v1/hls/YVo47bfH3y8tlE2DgToQG9XRLgYPeGslzjoAYQiS85sh5FBflh6bEB8ELSPDS9S2HD-0H_QZ0KJ0wqrd22keRw/transcode/us-west-2/periscope-replay-direct-prod-us-west-2-public/eyJhbGciOiJIUzI1NiIsInR5cCI6IkpXVCIsInZlcnNpb24iOiIyIn0.eyJFbmNvZGVyU2V0dGluZyI6ImVuY29kZXJfc2V0dGluZ180ODBwMzBfMTAiLCJIZWlnaHQiOjQ4MCwiS2JwcyI6MTIwMCwiV2lkdGgiOjg0OH0.0LJi1usWbiPqp0QIcpq7Md5g1WxvJcPqVWNqsKw5nhA/chunk_1781516011763072432_992_a.ts' for reading
[https @ 000002fedd6440c0] Opening 'https://prod-fastly-us-west-2.video.pscp.tv/Transcoding/v1/hls/YVo47bfH3y8tlE2DgToQG9XRLgYPeGslzjoAYQiS85sh5FBflh6bEB8ELSPDS9S2HD-0H_QZ0KJ0wqrd22keRw/transcode/us-west-2/periscope-replay-direct-prod-us-west-2-public/eyJhbGciOiJIUzI1NiIsInR5cCI6IkpXVCIsInZlcnNpb24iOiIyIn0.eyJFbmNvZGVyU2V0dGluZyI6ImVuY29kZXJfc2V0dGluZ180ODBwMzBfMTAiLCJIZWlnaHQiOjQ4MCwiS2JwcyI6MTIwMCwiV2lkdGgiOjg0OH0.0LJi1usWbiPqp0QIcpq7Md5g1WxvJcPqVWNqsKw5nhA/chunk_1781516014794318193_993_a.ts' for reading
size=    4644kB time=00:01:19.95 bitrate= 475.8kbits/s speed=9.12x    [https @ 000002fedd1f2040] Opening 'https://prod-fastly-us-west-2.video.pscp.tv/Transcoding/v1/hls/YVo47bfH3y8tlE2DgToQG9XRLgYPeGslzjoAYQiS85sh5FBflh6bEB8ELSPDS9S2HD-0H_QZ0KJ0wqrd22keRw/transcode/us-west-2/periscope-replay-direct-prod-us-west-2-public/eyJhbGciOiJIUzI1NiIsInR5cCI6IkpXVCIsInZlcnNpb24iOiIyIn0.eyJFbmNvZGVyU2V0dGluZyI6ImVuY29kZXJfc2V0dGluZ180ODBwMzBfMTAiLCJIZWlnaHQiOjQ4MCwiS2JwcyI6MTIwMCwiV2lkdGgiOjg0OH0.0LJi1usWbiPqp0QIcpq7Md5g1WxvJcPqVWNqsKw5nhA/chunk_1781516017807770204_994_a.ts' for reading
[https @ 000002fedd6440c0] Opening 'https://prod-fastly-us-west-2.video.pscp.tv/Transcoding/v1/hls/YVo47bfH3y8tlE2DgToQG9XRLgYPeGslzjoAYQiS85sh5FBflh6bEB8ELSPDS9S2HD-0H_QZ0KJ0wqrd22keRw/transcode/us-west-2/periscope-replay-direct-prod-us-west-2-public/eyJhbGciOiJIUzI1NiIsInR5cCI6IkpXVCIsInZlcnNpb24iOiIyIn0.eyJFbmNvZGVyU2V0dGluZyI6ImVuY29kZXJfc2V0dGluZ180ODBwMzBfMTAiLCJIZWlnaHQiOjQ4MCwiS2JwcyI6MTIwMCwiV2lkdGgiOjg0OH0.0LJi1usWbiPqp0QIcpq7Md5g1WxvJcPqVWNqsKw5nhA/chunk_1781516020793872813_995_a.ts' for reading
size=    5024kB time=00:01:25.90 bitrate= 479.1kbits/s speed=9.09x    [https @ 000002fedd1f2040] Opening 'https://prod-fastly-us-west-2.video.pscp.tv/Transcoding/v1/hls/YVo47bfH3y8tlE2DgToQG9XRLgYPeGslzjoAYQiS85sh5FBflh6bEB8ELSPDS9S2HD-0H_QZ0KJ0wqrd22keRw/transcode/us-west-2/periscope-replay-direct-prod-us-west-2-public/eyJhbGciOiJIUzI1NiIsInR5cCI6IkpXVCIsInZlcnNpb24iOiIyIn0.eyJFbmNvZGVyU2V0dGluZyI6ImVuY29kZXJfc2V0dGluZ180ODBwMzBfMTAiLCJIZWlnaHQiOjQ4MCwiS2JwcyI6MTIwMCwiV2lkdGgiOjg0OH0.0LJi1usWbiPqp0QIcpq7Md5g1WxvJcPqVWNqsKw5nhA/chunk_1781516023776096597_996_a.ts' for reading
[https @ 000002fedd6440c0] Opening 'https://prod-fastly-us-west-2.video.pscp.tv/Transcoding/v1/hls/YVo47bfH3y8tlE2DgToQG9XRLgYPeGslzjoAYQiS85sh5FBflh6bEB8ELSPDS9S2HD-0H_QZ0KJ0wqrd22keRw/transcode/us-west-2/periscope-replay-direct-prod-us-west-2-public/eyJhbGciOiJIUzI1NiIsInR5cCI6IkpXVCIsInZlcnNpb24iOiIyIn0.eyJFbmNvZGVyU2V0dGluZyI6ImVuY29kZXJfc2V0dGluZ180ODBwMzBfMTAiLCJIZWlnaHQiOjQ4MCwiS2JwcyI6MTIwMCwiV2lkdGgiOjg0OH0.0LJi1usWbiPqp0QIcpq7Md5g1WxvJcPqVWNqsKw5nhA/chunk_1781516026784861677_997_a.ts' for reading
size=    5368kB time=00:01:31.94 bitrate= 478.2kbits/s speed=9.15x    [https @ 000002fedd1f2040] Opening 'https://prod-fastly-us-west-2.video.pscp.tv/Transcoding/v1/hls/YVo47bfH3y8tlE2DgToQG9XRLgYPeGslzjoAYQiS85sh5FBflh6bEB8ELSPDS9S2HD-0H_QZ0KJ0wqrd22keRw/transcode/us-west-2/periscope-replay-direct-prod-us-west-2-public/eyJhbGciOiJIUzI1NiIsInR5cCI6IkpXVCIsInZlcnNpb24iOiIyIn0.eyJFbmNvZGVyU2V0dGluZyI6ImVuY29kZXJfc2V0dGluZ180ODBwMzBfMTAiLCJIZWlnaHQiOjQ4MCwiS2JwcyI6MTIwMCwiV2lkdGgiOjg0OH0.0LJi1usWbiPqp0QIcpq7Md5g1WxvJcPqVWNqsKw5nhA/chunk_1781516029792297838_998_a.ts' for reading
[https @ 000002fedd6440c0] Opening 'https://prod-fastly-us-west-2.video.pscp.tv/Transcoding/v1/hls/YVo47bfH3y8tlE2DgToQG9XRLgYPeGslzjoAYQiS85sh5FBflh6bEB8ELSPDS9S2HD-0H_QZ0KJ0wqrd22keRw/transcode/us-west-2/periscope-replay-direct-prod-us-west-2-public/eyJhbGciOiJIUzI1NiIsInR5cCI6IkpXVCIsInZlcnNpb24iOiIyIn0.eyJFbmNvZGVyU2V0dGluZyI6ImVuY29kZXJfc2V0dGluZ180ODBwMzBfMTAiLCJIZWlnaHQiOjQ4MCwiS2JwcyI6MTIwMCwiV2lkdGgiOjg0OH0.0LJi1usWbiPqp0QIcpq7Md5g1WxvJcPqVWNqsKw5nhA/chunk_1781516032805521488_999_a.ts' for reading

2026-06-23 21:10:46 [debug]: Auth: uid=VxlLrNpocffZ6GxookNgFXT6bC83 tier=premium
2026-06-23 21:10:46 [info]: [extract] Starting for: https://snapchat.com/t/DkcbZfsX
2026-06-23 21:10:46 [info]: [yt-dlp] Running extraction for: https://snapchat.com/t/DkcbZfsX
2026-06-23 21:10:51 [warn]: [yt-dlp] Failed (code=1): ERROR: [generic] Unable to download webpage: HTTP Error 404: Not Found (caused by <HTTPError 404: Not Found>)

2026-06-23 21:10:51 [error]: [/api/extract] Error for URL "https://snapchat.com/t/DkcbZfsX": Video not found. The link may be broken or the video may have been deleted.
2026-06-23 21:10:51 [warn]: POST / 422 5349ms — ::1
2026-06-23 21:10:57 [debug]: Auth: uid=VxlLrNpocffZ6GxookNgFXT6bC83 tier=premium
2026-06-23 21:10:57 [info]: [extract] Starting for: https://snapchat.com/t/DkcbZfsX
2026-06-23 21:10:57 [info]: [yt-dlp] Running extraction for: https://snapchat.com/t/DkcbZfsX
2026-06-23 21:11:02 [warn]: [yt-dlp] Failed (code=1): ERROR: [generic] Unable to download webpage: HTTP Error 404: Not Found (caused by <HTTPError 404: Not Found>)

2026-06-23 21:11:02 [error]: [/api/extract] Error for URL "https://snapchat.com/t/DkcbZfsX": Video not found. The link may be broken or the video may have been deleted.
2026-06-23 21:11:02 [warn]: POST / 422 5222ms — ::1
2026-06-23 21:11:45 [debug]: Auth: uid=VxlLrNpocffZ6GxookNgFXT6bC83 tier=premium
2026-06-23 21:11:46 [info]: [extract] Starting for: https://www.reddit.com/user/playtombraider/comments/1tw4gm0/unleash_deadly_attacks_with_lara_crofts_iconic/?p=1&impressionid=5383930744898888310&utm_source=share&utm_medium=mweb3x&utm_name=mweb3xcss&utm_term=1&utm_content=share_button
2026-06-23 21:11:46 [info]: [yt-dlp] Running extraction for: https://www.reddit.com/user/playtombraider/comments/1tw4gm0/unleash_deadly_attacks_with_lara_crofts_iconic/?p=1&impressionid=5383930744898888310&utm_source=share&utm_medium=mweb3x&utm_name=mweb3xcss&utm_term=1&utm_content=share_button
2026-06-23 21:11:51 [debug]: POST / 200 5159ms — ::1
2026-06-23 21:11:52 [debug]: GET /api/thumbnail 200 1450ms — ::1
2026-06-23 21:11:58 [info]: [extractFormatUrl] Using cached extraction for: https://www.reddit.com/user/playtombraider/comments/1tw4gm0/unleash_deadly_attacks_with_lara_crofts_iconic/?p=1&impressionid=5383930744898888310&utm_source=share&utm_medium=mweb3x&utm_name=mweb3xcss&utm_term=1&utm_content=share_button
2026-06-23 21:11:58 [debug]: POST / 200 13ms — ::1
2026-06-23 21:11:58 [info]: [Stream] Starting: Unleash deadly attacks with Lara Croft’s iconic dual pistols and othe_..mp4 | merge=true | video=true | audio=true
2026-06-23 21:12:01 [debug]: GET /stream/d23489954da972d6853243cab6a8 200 2371ms — ::1
2026-06-23 21:14:11 [debug]: Auth: uid=VxlLrNpocffZ6GxookNgFXT6bC83 tier=premium
2026-06-23 21:14:11 [info]: [extract] Starting for: https://www.snapchat.com/@snapchat/spotlight/W7_EDlXWTBiXAEEniNoMPwAAYd3NvamxhcXlvAZnzg2FHAZnzg0yfAAAAAQ
2026-06-23 21:14:11 [info]: [yt-dlp] Running extraction for: https://www.snapchat.com/@snapchat/spotlight/W7_EDlXWTBiXAEEniNoMPwAAYd3NvamxhcXlvAZnzg2FHAZnzg0yfAAAAAQ
2026-06-23 21:14:20 [debug]: POST / 200 9595ms — ::1
2026-06-23 21:14:21 [debug]: GET /api/thumbnail 200 204ms — ::1
2026-06-23 21:16:04 [info]: Firebase Admin SDK initialized for project: video-downloader-fd8ef
2026-06-23 21:16:04 [info]: Admin user arjitdaga@example.com already exists in Firebase Auth.
2026-06-23 21:16:05 [info]: [yt-dlp] Binary found and ready.
2026-06-23 21:16:05 [info]: ✅ yt-dlp found: vtrue
2026-06-23 21:16:05 [info]: [yt-dlp] Running auto-update...
2026-06-23 21:16:05 [info]: ✅ FFmpeg found: ffmpeg version 6.1.1-essentials_build-www.gyan.dev Copyright (c) 2000-2023 the FFmpeg developers
2026-06-23 21:16:05 [info]: 
🚀 Video Downloader API running at http://localhost:3000
2026-06-23 21:16:05 [info]:    Environment: development
2026-06-23 21:16:05 [info]:    Open http://localhost:3000 in your browser

2026-06-23 21:16:06 [info]: User VxlLrNpocffZ6GxookNgFXT6bC83 upgraded to premium (Razorpay Order: admin-seed)
2026-06-23 21:16:07 [info]: [yt-dlp] Update check complete.
2026-06-23 21:16:35 [info]: Firebase Admin SDK initialized for project: video-downloader-fd8ef
2026-06-23 21:16:36 [info]: Admin user arjitdaga@example.com already exists in Firebase Auth.
2026-06-23 21:16:36 [info]: [yt-dlp] Binary found and ready.
2026-06-23 21:16:36 [info]: ✅ yt-dlp found: vtrue
2026-06-23 21:16:36 [info]: [yt-dlp] Running auto-update...
2026-06-23 21:16:36 [info]: ✅ FFmpeg found: ffmpeg version 6.1.1-essentials_build-www.gyan.dev Copyright (c) 2000-2023 the FFmpeg developers
2026-06-23 21:16:36 [info]: 
🚀 Video Downloader API running at http://localhost:3000
2026-06-23 21:16:36 [info]:    Environment: development
2026-06-23 21:16:36 [info]:    Open http://localhost:3000 in your browser

2026-06-23 21:16:38 [info]: User VxlLrNpocffZ6GxookNgFXT6bC83 upgraded to premium (Razorpay Order: admin-seed)
2026-06-23 21:16:39 [info]: [yt-dlp] Update check complete.
2026-06-23 21:16:40 [info]: [extract] Starting for: https://www.snapchat.com/@snapchat/spotlight/W7_EDlXWTBiXAEEniNoMPwAAYd3NvamxhcXlvAZnzg2FHAZnzg0yfAAAAAQ
2026-06-23 21:16:40 [info]: [yt-dlp] Running extraction for: https://www.snapchat.com/@snapchat/spotlight/W7_EDlXWTBiXAEEniNoMPwAAYd3NvamxhcXlvAZnzg2FHAZnzg0yfAAAAAQ
2026-06-23 21:17:02 [info]: Firebase Admin SDK initialized for project: video-downloader-fd8ef
2026-06-23 21:17:03 [info]: Admin user arjitdaga@example.com already exists in Firebase Auth.
2026-06-23 21:17:03 [info]: [yt-dlp] Binary found and ready.
2026-06-23 21:17:03 [info]: ✅ yt-dlp found: vtrue
2026-06-23 21:17:04 [info]: [yt-dlp] Running auto-update...
2026-06-23 21:17:04 [info]: ✅ FFmpeg found: ffmpeg version 6.1.1-essentials_build-www.gyan.dev Copyright (c) 2000-2023 the FFmpeg developers
2026-06-23 21:17:04 [info]: 
🚀 Video Downloader API running at http://localhost:3000
2026-06-23 21:17:04 [info]:    Environment: development
2026-06-23 21:17:04 [info]:    Open http://localhost:3000 in your browser

2026-06-23 21:17:04 [info]: User VxlLrNpocffZ6GxookNgFXT6bC83 upgraded to premium (Razorpay Order: admin-seed)
2026-06-23 21:17:06 [info]: [yt-dlp] Update check complete.
2026-06-23 21:17:08 [info]: [extract] Starting for: https://www.snapchat.com/@snapchat/spotlight/W7_EDlXWTBiXAEEniNoMPwAAYd3NvamxhcXlvAZnzg2FHAZnzg0yfAAAAAQ
2026-06-23 21:17:08 [info]: [yt-dlp] Running extraction for: https://www.snapchat.com/@snapchat/spotlight/W7_EDlXWTBiXAEEniNoMPwAAYd3NvamxhcXlvAZnzg2FHAZnzg0yfAAAAAQ
2026-06-23 21:17:30 [info]: Firebase Admin SDK initialized for project: video-downloader-fd8ef
2026-06-23 21:17:31 [info]: Admin user arjitdaga@example.com already exists in Firebase Auth.
2026-06-23 21:17:32 [info]: [yt-dlp] Binary found and ready.
2026-06-23 21:17:32 [info]: ✅ yt-dlp found: vtrue
2026-06-23 21:17:32 [info]: [yt-dlp] Running auto-update...
2026-06-23 21:17:32 [info]: ✅ FFmpeg found: ffmpeg version 6.1.1-essentials_build-www.gyan.dev Copyright (c) 2000-2023 the FFmpeg developers
2026-06-23 21:17:32 [info]: 
🚀 Video Downloader API running at http://localhost:3000
2026-06-23 21:17:32 [info]:    Environment: development
2026-06-23 21:17:32 [info]:    Open http://localhost:3000 in your browser

2026-06-23 21:17:33 [info]: User VxlLrNpocffZ6GxookNgFXT6bC83 upgraded to premium (Razorpay Order: admin-seed)
2026-06-23 21:17:34 [info]: [yt-dlp] Update check complete.
2026-06-23 21:17:48 [info]: Firebase Admin SDK initialized for project: video-downloader-fd8ef
2026-06-23 21:17:49 [info]: Admin user arjitdaga@example.com already exists in Firebase Auth.
2026-06-23 21:17:49 [info]: [yt-dlp] Binary found and ready.
2026-06-23 21:17:49 [info]: ✅ yt-dlp found: vtrue
2026-06-23 21:17:49 [info]: [yt-dlp] Running auto-update...
2026-06-23 21:17:49 [info]: ✅ FFmpeg found: ffmpeg version 6.1.1-essentials_build-www.gyan.dev Copyright (c) 2000-2023 the FFmpeg developers
2026-06-23 21:17:49 [info]: 
🚀 Video Downloader API running at http://localhost:3000
2026-06-23 21:17:49 [info]:    Environment: development
2026-06-23 21:17:49 [info]:    Open http://localhost:3000 in your browser

2026-06-23 21:17:50 [info]: User VxlLrNpocffZ6GxookNgFXT6bC83 upgraded to premium (Razorpay Order: admin-seed)
2026-06-23 21:17:51 [info]: [yt-dlp] Update check complete.
2026-06-23 21:18:37 [info]: Firebase Admin SDK initialized for project: video-downloader-fd8ef
2026-06-23 21:18:38 [info]: Admin user arjitdaga@example.com already exists in Firebase Auth.
2026-06-23 21:18:38 [info]: [yt-dlp] Binary found and ready.
2026-06-23 21:18:38 [info]: ✅ yt-dlp found: vtrue
2026-06-23 21:18:38 [info]: [yt-dlp] Running auto-update...
2026-06-23 21:18:38 [info]: ✅ FFmpeg found: ffmpeg version 6.1.1-essentials_build-www.gyan.dev Copyright (c) 2000-2023 the FFmpeg developers
2026-06-23 21:18:38 [info]: 
🚀 Video Downloader API running at http://localhost:3000
2026-06-23 21:18:38 [info]:    Environment: development
2026-06-23 21:18:38 [info]:    Open http://localhost:3000 in your browser

2026-06-23 21:18:40 [info]: User VxlLrNpocffZ6GxookNgFXT6bC83 upgraded to premium (Razorpay Order: admin-seed)
2026-06-23 21:18:40 [info]: [yt-dlp] Update check complete.
2026-06-23 21:19:30 [debug]: GET / 200 11ms — ::1
2026-06-23 21:19:30 [debug]: GET /css/styles.css 200 5ms — ::1
2026-06-23 21:19:30 [debug]: GET /js/api.js 200 8ms — ::1
2026-06-23 21:19:30 [debug]: GET /js/auth.js 200 7ms — ::1
2026-06-23 21:19:30 [debug]: GET /js/ui.js 200 6ms — ::1
2026-06-23 21:19:30 [debug]: GET /js/app.js 200 8ms — ::1
2026-06-23 21:19:31 [debug]: GET /api/config 200 4ms — ::1
2026-06-23 21:19:32 [debug]: GET /favicon.ico 200 7ms — ::1
2026-06-23 21:19:32 [info]: Firestore user record created/updated for uid VxlLrNpocffZ6GxookNgFXT6bC83
2026-06-23 21:19:34 [debug]: [Auth] Token verified: uid=VxlLrNpocffZ6GxookNgFXT6bC83 tier=premium
2026-06-23 21:19:34 [debug]: POST /verify 200 2302ms — ::1
2026-06-23 21:19:34 [debug]: Auth: uid=VxlLrNpocffZ6GxookNgFXT6bC83 tier=premium
2026-06-23 21:19:34 [warn]: URL validation failed: URL must use http or https protocol. | Input: 【【Reaction】穷人永远接触不到的场景】 https://www.bilibili.com/video/BV1fLjt69ERX/?share_source=copy_web
2026-06-23 21:19:34 [warn]: POST / 400 5ms — ::1
2026-06-23 21:19:36 [debug]: Auth: uid=VxlLrNpocffZ6GxookNgFXT6bC83 tier=premium
2026-06-23 21:19:36 [warn]: URL validation failed: URL must use http or https protocol. | Input: 【【Reaction】穷人永远接触不到的场景】 https://www.bilibili.com/video/BV1fLjt69ERX/?share_source=copy_web
2026-06-23 21:19:36 [warn]: POST / 400 3ms — ::1
2026-06-23 21:19:43 [debug]: Auth: uid=VxlLrNpocffZ6GxookNgFXT6bC83 tier=premium
2026-06-23 21:19:44 [info]: [extract] Starting for: https://www.bilibili.com/video/BV1fLjt69ERX/?share_source=copy_web
2026-06-23 21:19:44 [info]: [yt-dlp] Running extraction for: https://www.bilibili.com/video/BV1fLjt69ERX/?share_source=copy_web
2026-06-23 21:19:50 [warn]: [yt-dlp] Failed (code=1): ERROR: [BiliBili] 1fLjt69ERX: Unable to download JSON metadata: HTTP Error 412: Precondition Failed (caused by <HTTPError 412: Precondition Failed>)

2026-06-23 21:19:50 [error]: [/api/extract] Error for URL "https://www.bilibili.com/video/BV1fLjt69ERX/?share_source=copy_web": Could not extract video information. ERROR: [BiliBili] 1fLjt69ERX: Unable to download JSON metadata: HTTP Error 412: Precondition Failed (caused by <HTTPError 412: Precondition Failed>)

2026-06-23 21:19:50 [warn]: POST / 422 6487ms — ::1
2026-06-23 21:21:12 [info]: Firebase Admin SDK initialized for project: video-downloader-fd8ef
2026-06-23 21:21:13 [info]: [yt-dlp] Binary found and ready.
2026-06-23 21:21:13 [info]: ✅ yt-dlp found: vtrue
2026-06-23 21:21:13 [info]: [yt-dlp] Running auto-update...
2026-06-23 21:21:13 [info]: ✅ FFmpeg found: ffmpeg version 6.1.1-essentials_build-www.gyan.dev Copyright (c) 2000-2023 the FFmpeg developers
2026-06-23 21:21:13 [info]: 
🚀 Video Downloader API running at http://localhost:3000
2026-06-23 21:21:13 [info]:    Environment: development
2026-06-23 21:21:13 [info]:    Open http://localhost:3000 in your browser

2026-06-23 21:21:16 [info]: Admin user arjitdaga@example.com already exists in Firebase Auth.
2026-06-23 21:21:17 [info]: [yt-dlp] Update check complete.
2026-06-23 21:21:17 [info]: User VxlLrNpocffZ6GxookNgFXT6bC83 upgraded to premium (Razorpay Order: admin-seed)
2026-06-23 21:26:17 [info]: Firebase Admin SDK initialized for project: video-downloader-fd8ef
2026-06-23 21:26:18 [info]: Admin user arjitdaga@example.com already exists in Firebase Auth.
2026-06-23 21:26:18 [info]: [yt-dlp] Binary found and ready.
2026-06-23 21:26:18 [info]: ✅ yt-dlp found: vtrue
2026-06-23 21:26:18 [info]: [yt-dlp] Running auto-update...
2026-06-23 21:26:18 [info]: ✅ FFmpeg found: ffmpeg version 6.1.1-essentials_build-www.gyan.dev Copyright (c) 2000-2023 the FFmpeg developers
2026-06-23 21:26:18 [info]: 
🚀 Video Downloader API running at http://localhost:3000
2026-06-23 21:26:18 [info]:    Environment: development
2026-06-23 21:26:18 [info]:    Open http://localhost:3000 in your browser

2026-06-23 21:26:19 [info]: User VxlLrNpocffZ6GxookNgFXT6bC83 upgraded to premium (Razorpay Order: admin-seed)
2026-06-23 21:26:20 [info]: [yt-dlp] Update check complete.
2026-06-23 21:26:39 [info]: Firebase Admin SDK initialized for project: video-downloader-fd8ef
2026-06-23 21:26:40 [info]: Admin user arjitdaga@example.com already exists in Firebase Auth.
2026-06-23 21:26:40 [info]: [yt-dlp] Binary found and ready.
2026-06-23 21:26:40 [info]: ✅ yt-dlp found: vtrue
2026-06-23 21:26:40 [info]: [yt-dlp] Running auto-update...
2026-06-23 21:26:40 [info]: ✅ FFmpeg found: ffmpeg version 6.1.1-essentials_build-www.gyan.dev Copyright (c) 2000-2023 the FFmpeg developers
2026-06-23 21:26:40 [info]: 
🚀 Video Downloader API running at http://localhost:3000
2026-06-23 21:26:40 [info]:    Environment: development
2026-06-23 21:26:40 [info]:    Open http://localhost:3000 in your browser

2026-06-23 21:26:42 [info]: User VxlLrNpocffZ6GxookNgFXT6bC83 upgraded to premium (Razorpay Order: admin-seed)
2026-06-23 21:26:42 [info]: [yt-dlp] Update check complete.
2026-06-23 21:26:49 [info]: Firebase Admin SDK initialized for project: video-downloader-fd8ef
2026-06-23 21:26:50 [info]: Admin user arjitdaga@example.com already exists in Firebase Auth.
2026-06-23 21:26:51 [info]: [yt-dlp] Binary found and ready.
2026-06-23 21:26:51 [info]: ✅ yt-dlp found: vtrue
2026-06-23 21:26:51 [info]: [yt-dlp] Running auto-update...
2026-06-23 21:26:51 [info]: ✅ FFmpeg found: ffmpeg version 6.1.1-essentials_build-www.gyan.dev Copyright (c) 2000-2023 the FFmpeg developers
2026-06-23 21:26:51 [info]: 
🚀 Video Downloader API running at http://localhost:3000
2026-06-23 21:26:51 [info]:    Environment: development
2026-06-23 21:26:51 [info]:    Open http://localhost:3000 in your browser

2026-06-23 21:26:52 [info]: User VxlLrNpocffZ6GxookNgFXT6bC83 upgraded to premium (Razorpay Order: admin-seed)
2026-06-23 21:26:53 [info]: [yt-dlp] Update check complete.
2026-06-23 21:26:59 [info]: Firebase Admin SDK initialized for project: video-downloader-fd8ef
2026-06-23 21:27:00 [info]: Admin user arjitdaga@example.com already exists in Firebase Auth.
2026-06-23 21:27:00 [info]: [yt-dlp] Binary found and ready.
2026-06-23 21:27:00 [info]: ✅ yt-dlp found: vtrue
2026-06-23 21:27:00 [info]: [yt-dlp] Running auto-update...
2026-06-23 21:27:01 [info]: ✅ FFmpeg found: ffmpeg version 6.1.1-essentials_build-www.gyan.dev Copyright (c) 2000-2023 the FFmpeg developers
2026-06-23 21:27:01 [info]: 
🚀 Video Downloader API running at http://localhost:3000
2026-06-23 21:27:01 [info]:    Environment: development
2026-06-23 21:27:01 [info]:    Open http://localhost:3000 in your browser

2026-06-23 21:27:01 [info]: User VxlLrNpocffZ6GxookNgFXT6bC83 upgraded to premium (Razorpay Order: admin-seed)
2026-06-23 21:27:03 [info]: [yt-dlp] Update check complete.
2026-06-23 21:27:27 [info]: Firebase Admin SDK initialized for project: video-downloader-fd8ef
2026-06-23 21:27:28 [info]: Admin user arjitdaga@example.com already exists in Firebase Auth.
2026-06-23 21:27:29 [info]: [yt-dlp] Binary found and ready.
2026-06-23 21:27:29 [info]: ✅ yt-dlp found: vtrue
2026-06-23 21:27:29 [info]: [yt-dlp] Running auto-update...
2026-06-23 21:27:29 [info]: ✅ FFmpeg found: ffmpeg version 6.1.1-essentials_build-www.gyan.dev Copyright (c) 2000-2023 the FFmpeg developers
2026-06-23 21:27:29 [info]: 
🚀 Video Downloader API running at http://localhost:3000
2026-06-23 21:27:29 [info]:    Environment: development
2026-06-23 21:27:29 [info]:    Open http://localhost:3000 in your browser

2026-06-23 21:27:30 [info]: User VxlLrNpocffZ6GxookNgFXT6bC83 upgraded to premium (Razorpay Order: admin-seed)
2026-06-23 21:27:31 [info]: [yt-dlp] Update check complete.
2026-06-23 21:27:41 [info]: Firebase Admin SDK initialized for project: video-downloader-fd8ef
2026-06-23 21:27:41 [info]: Admin user arjitdaga@example.com already exists in Firebase Auth.
2026-06-23 21:27:42 [info]: [yt-dlp] Binary found and ready.
2026-06-23 21:27:42 [info]: ✅ yt-dlp found: vtrue
2026-06-23 21:27:42 [info]: [yt-dlp] Running auto-update...
2026-06-23 21:27:42 [info]: ✅ FFmpeg found: ffmpeg version 6.1.1-essentials_build-www.gyan.dev Copyright (c) 2000-2023 the FFmpeg developers
2026-06-23 21:27:42 [info]: 
🚀 Video Downloader API running at http://localhost:3000
2026-06-23 21:27:42 [info]:    Environment: development
2026-06-23 21:27:42 [info]:    Open http://localhost:3000 in your browser

2026-06-23 21:27:42 [info]: User VxlLrNpocffZ6GxookNgFXT6bC83 upgraded to premium (Razorpay Order: admin-seed)
2026-06-23 21:27:44 [info]: [yt-dlp] Update check complete.
2026-06-23 21:27:52 [info]: Firebase Admin SDK initialized for project: video-downloader-fd8ef
2026-06-23 21:27:53 [info]: Admin user arjitdaga@example.com already exists in Firebase Auth.
2026-06-23 21:27:53 [info]: [yt-dlp] Binary found and ready.
2026-06-23 21:27:53 [info]: ✅ yt-dlp found: vtrue
2026-06-23 21:27:53 [info]: [yt-dlp] Running auto-update...
2026-06-23 21:27:53 [info]: ✅ FFmpeg found: ffmpeg version 6.1.1-essentials_build-www.gyan.dev Copyright (c) 2000-2023 the FFmpeg developers
2026-06-23 21:27:53 [info]: 
🚀 Video Downloader API running at http://localhost:3000
2026-06-23 21:27:53 [info]:    Environment: development
2026-06-23 21:27:53 [info]:    Open http://localhost:3000 in your browser

2026-06-23 21:27:54 [info]: User VxlLrNpocffZ6GxookNgFXT6bC83 upgraded to premium (Razorpay Order: admin-seed)
2026-06-23 21:27:55 [info]: [yt-dlp] Update check complete.
2026-06-23 21:29:48 [info]: Firebase Admin SDK initialized for project: video-downloader-fd8ef
2026-06-23 21:29:49 [info]: Admin user arjitdaga@example.com already exists in Firebase Auth.
2026-06-23 21:29:49 [info]: [yt-dlp] Binary found and ready.
2026-06-23 21:29:49 [info]: ✅ yt-dlp found: vtrue
2026-06-23 21:29:49 [info]: [yt-dlp] Running auto-update...
2026-06-23 21:29:49 [info]: ✅ FFmpeg found: ffmpeg version 6.1.1-essentials_build-www.gyan.dev Copyright (c) 2000-2023 the FFmpeg developers
2026-06-23 21:29:49 [info]: 
🚀 Video Downloader API running at http://localhost:3000
2026-06-23 21:29:49 [info]:    Environment: development
2026-06-23 21:29:49 [info]:    Open http://localhost:3000 in your browser

2026-06-23 21:29:50 [info]: User VxlLrNpocffZ6GxookNgFXT6bC83 upgraded to premium (Razorpay Order: admin-seed)
2026-06-23 21:29:52 [info]: [yt-dlp] Update check complete.
2026-06-23 21:29:53 [info]: [extract] Starting for: https://vimeo.com/22439234
2026-06-23 21:29:53 [info]: [yt-dlp] Running extraction for: https://vimeo.com/22439234
2026-06-23 21:30:25 [info]: [extract] Starting for: https://www.facebook.com/facebook/videos/10153231379946729/
2026-06-23 21:30:25 [info]: [yt-dlp] Running extraction for: https://www.facebook.com/facebook/videos/10153231379946729/
2026-06-23 21:30:29 [info]: [extract] Starting for: https://www.reddit.com/r/videos/comments/16v8f1i/the_history_of_the_world_i_guess/
2026-06-23 21:30:29 [info]: [yt-dlp] Running extraction for: https://www.reddit.com/r/videos/comments/16v8f1i/the_history_of_the_world_i_guess/
2026-06-23 21:30:33 [warn]: [yt-dlp] Failed (code=1): ERROR: [Reddit] 16v8f1i: Unable to download JSON metadata: HTTP Error 404: Not Found (caused by <HTTPError 404: Not Found>)

2026-06-23 21:30:33 [info]: [extract] Starting for: https://www.youtube.com/watch?v=jNQXAC9IVRw
2026-06-23 21:30:33 [info]: [yt-dlp] Running extraction for: https://www.youtube.com/watch?v=jNQXAC9IVRw
2026-06-23 21:31:17 [info]: Firebase Admin SDK initialized for project: video-downloader-fd8ef
2026-06-23 21:31:18 [info]: Admin user arjitdaga@example.com already exists in Firebase Auth.
2026-06-23 21:31:18 [info]: [yt-dlp] Binary found and ready.
2026-06-23 21:31:18 [info]: ✅ yt-dlp found: vtrue
2026-06-23 21:31:18 [info]: [yt-dlp] Running auto-update...
2026-06-23 21:31:18 [info]: ✅ FFmpeg found: ffmpeg version 6.1.1-essentials_build-www.gyan.dev Copyright (c) 2000-2023 the FFmpeg developers
2026-06-23 21:31:18 [info]: 
🚀 Video Downloader API running at http://localhost:3000
2026-06-23 21:31:18 [info]:    Environment: development
2026-06-23 21:31:18 [info]:    Open http://localhost:3000 in your browser

2026-06-23 21:31:20 [info]: User VxlLrNpocffZ6GxookNgFXT6bC83 upgraded to premium (Razorpay Order: admin-seed)
2026-06-23 21:31:20 [info]: [yt-dlp] Update check complete.
2026-06-23 21:31:51 [info]: Firebase Admin SDK initialized for project: video-downloader-fd8ef
2026-06-23 21:31:52 [info]: Admin user arjitdaga@example.com already exists in Firebase Auth.
2026-06-23 21:31:52 [info]: [yt-dlp] Binary found and ready.
2026-06-23 21:31:52 [info]: ✅ yt-dlp found: vtrue
2026-06-23 21:31:52 [info]: [yt-dlp] Running auto-update...
2026-06-23 21:31:52 [info]: ✅ FFmpeg found: ffmpeg version 6.1.1-essentials_build-www.gyan.dev Copyright (c) 2000-2023 the FFmpeg developers
2026-06-23 21:31:52 [info]: 
🚀 Video Downloader API running at http://localhost:3000
2026-06-23 21:31:52 [info]:    Environment: development
2026-06-23 21:31:52 [info]:    Open http://localhost:3000 in your browser

2026-06-23 21:31:53 [info]: User VxlLrNpocffZ6GxookNgFXT6bC83 upgraded to premium (Razorpay Order: admin-seed)
2026-06-23 21:31:54 [info]: [yt-dlp] Update check complete.
2026-06-23 21:32:00 [info]: Firebase Admin SDK initialized for project: video-downloader-fd8ef
2026-06-23 21:32:01 [info]: Admin user arjitdaga@example.com already exists in Firebase Auth.
2026-06-23 21:32:01 [info]: [yt-dlp] Binary found and ready.
2026-06-23 21:32:01 [info]: ✅ yt-dlp found: vtrue
2026-06-23 21:32:01 [info]: [yt-dlp] Running auto-update...
2026-06-23 21:32:01 [info]: ✅ FFmpeg found: ffmpeg version 6.1.1-essentials_build-www.gyan.dev Copyright (c) 2000-2023 the FFmpeg developers
2026-06-23 21:32:01 [info]: 
🚀 Video Downloader API running at http://localhost:3000
2026-06-23 21:32:01 [info]:    Environment: development
2026-06-23 21:32:01 [info]:    Open http://localhost:3000 in your browser

2026-06-23 21:32:02 [info]: User VxlLrNpocffZ6GxookNgFXT6bC83 upgraded to premium (Razorpay Order: admin-seed)
2026-06-23 21:32:03 [info]: [yt-dlp] Update check complete.
2026-06-23 21:32:05 [info]: [extract] Starting for: https://vimeo.com/22439234
2026-06-23 21:32:05 [info]: [yt-dlp] Running extraction for: https://vimeo.com/22439234
2026-06-23 21:32:10 [info]: [extract] Starting for: https://www.facebook.com/facebook/videos/10153231379946729/
2026-06-23 21:32:10 [info]: [yt-dlp] Running extraction for: https://www.facebook.com/facebook/videos/10153231379946729/
2026-06-23 21:32:14 [info]: [extract] Starting for: https://www.reddit.com/r/videos/comments/16v8f1i/the_history_of_the_world_i_guess/
2026-06-23 21:32:14 [info]: [yt-dlp] Running extraction for: https://www.reddit.com/r/videos/comments/16v8f1i/the_history_of_the_world_i_guess/
2026-06-23 21:32:20 [warn]: [yt-dlp] Failed (code=1): ERROR: [Reddit] 16v8f1i: Unable to download JSON metadata: HTTP Error 404: Not Found (caused by <HTTPError 404: Not Found>)

2026-06-23 21:32:20 [info]: [extract] Starting for: https://www.youtube.com/watch?v=jNQXAC9IVRw
2026-06-23 21:32:20 [info]: [yt-dlp] Running extraction for: https://www.youtube.com/watch?v=jNQXAC9IVRw
2026-06-23 21:33:21 [debug]: GET / 200 12ms — ::1
2026-06-23 21:33:21 [debug]: GET /css/styles.css 200 6ms — ::1
2026-06-23 21:33:21 [debug]: GET /js/api.js 200 3ms — ::1
2026-06-23 21:33:21 [debug]: GET /js/auth.js 200 2ms — ::1
2026-06-23 21:33:21 [debug]: GET /js/ui.js 200 4ms — ::1
2026-06-23 21:33:21 [debug]: GET /js/app.js 200 6ms — ::1
2026-06-23 21:33:21 [debug]: GET /api/config 200 4ms — ::1
2026-06-23 21:33:22 [debug]: GET /favicon.ico 200 9ms — ::1
2026-06-23 21:33:23 [info]: Firestore user record created/updated for uid VxlLrNpocffZ6GxookNgFXT6bC83
2026-06-23 21:33:24 [debug]: [Auth] Token verified: uid=VxlLrNpocffZ6GxookNgFXT6bC83 tier=premium
2026-06-23 21:33:24 [debug]: POST /verify 200 2334ms — ::1
2026-06-23 21:33:30 [debug]: Auth: uid=VxlLrNpocffZ6GxookNgFXT6bC83 tier=premium
2026-06-23 21:33:30 [warn]: URL validation failed: URL must use http or https protocol. | Input: 【【Reaction】穷人永远接触不到的场景】 https://www.bilibili.com/video/BV1fLjt69ERX/?share_source=copy_web
2026-06-23 21:33:30 [warn]: POST / 400 11ms — ::1
2026-06-23 21:33:32 [debug]: Auth: uid=VxlLrNpocffZ6GxookNgFXT6bC83 tier=premium
2026-06-23 21:33:32 [warn]: URL validation failed: URL must use http or https protocol. | Input: 【【Reaction】穷人永远接触不到的场景】 https://www.bilibili.com/video/BV1fLjt69ERX/?share_source=copy_web
2026-06-23 21:33:32 [warn]: POST / 400 4ms — ::1
2026-06-23 21:33:40 [debug]: Auth: uid=VxlLrNpocffZ6GxookNgFXT6bC83 tier=premium
2026-06-23 21:33:41 [info]: [extract] Starting for: https://www.bilibili.com/video/BV1fLjt69ERX/?share_source=copy_web
2026-06-23 21:33:41 [info]: [yt-dlp] Running extraction for: https://www.bilibili.com/video/BV1fLjt69ERX/?share_source=copy_web
2026-06-23 21:33:47 [warn]: [yt-dlp] Failed (code=1): ERROR: [BiliBili] 1fLjt69ERX: Unable to download JSON metadata: HTTP Error 412: Precondition Failed (caused by <HTTPError 412: Precondition Failed>)

2026-06-23 21:33:47 [error]: [/api/extract] Error for URL "https://www.bilibili.com/video/BV1fLjt69ERX/?share_source=copy_web": Could not extract video information. ERROR: [BiliBili] 1fLjt69ERX: Unable to download JSON metadata: HTTP Error 412: Precondition Failed (caused by <HTTPError 412: Precondition Failed>)

2026-06-23 21:33:47 [warn]: POST / 422 6831ms — ::1
2026-06-23 21:35:00 [info]: Firebase Admin SDK initialized for project: video-downloader-fd8ef
2026-06-23 21:35:00 [info]: Admin user arjitdaga@example.com already exists in Firebase Auth.
2026-06-23 21:35:01 [info]: [yt-dlp] Binary found and ready.
2026-06-23 21:35:01 [info]: ✅ yt-dlp found: vtrue
2026-06-23 21:35:01 [info]: [yt-dlp] Running auto-update...
2026-06-23 21:35:01 [info]: ✅ FFmpeg found: ffmpeg version 6.1.1-essentials_build-www.gyan.dev Copyright (c) 2000-2023 the FFmpeg developers
2026-06-23 21:35:01 [info]: 
🚀 Video Downloader API running at http://localhost:3000
2026-06-23 21:35:01 [info]:    Environment: development
2026-06-23 21:35:01 [info]:    Open http://localhost:3000 in your browser

2026-06-23 21:35:03 [info]: User VxlLrNpocffZ6GxookNgFXT6bC83 upgraded to premium (Razorpay Order: admin-seed)
2026-06-23 21:35:04 [info]: [yt-dlp] Update check complete.
2026-06-23 21:35:14 [info]: Firebase Admin SDK initialized for project: video-downloader-fd8ef
2026-06-23 21:35:15 [info]: Admin user arjitdaga@example.com already exists in Firebase Auth.
2026-06-23 21:35:15 [info]: [yt-dlp] Binary found and ready.
2026-06-23 21:35:15 [info]: ✅ yt-dlp found: vtrue
2026-06-23 21:35:15 [info]: [yt-dlp] Running auto-update...
2026-06-23 21:35:15 [info]: ✅ FFmpeg found: ffmpeg version 6.1.1-essentials_build-www.gyan.dev Copyright (c) 2000-2023 the FFmpeg developers
2026-06-23 21:35:15 [info]: 
🚀 Video Downloader API running at http://localhost:3000
2026-06-23 21:35:15 [info]:    Environment: development
2026-06-23 21:35:15 [info]:    Open http://localhost:3000 in your browser

2026-06-23 21:35:17 [info]: User VxlLrNpocffZ6GxookNgFXT6bC83 upgraded to premium (Razorpay Order: admin-seed)
2026-06-23 21:35:18 [info]: [yt-dlp] Update check complete.
2026-06-23 21:35:49 [info]: Firebase Admin SDK initialized for project: video-downloader-fd8ef
2026-06-23 21:35:50 [info]: Admin user arjitdaga@example.com already exists in Firebase Auth.
2026-06-23 21:35:50 [info]: [yt-dlp] Binary found and ready.
2026-06-23 21:35:50 [info]: ✅ yt-dlp found: vtrue
2026-06-23 21:35:50 [info]: [yt-dlp] Running auto-update...
2026-06-23 21:35:50 [info]: ✅ FFmpeg found: ffmpeg version 6.1.1-essentials_build-www.gyan.dev Copyright (c) 2000-2023 the FFmpeg developers
2026-06-23 21:35:50 [info]: 
🚀 Video Downloader API running at http://localhost:3000
2026-06-23 21:35:50 [info]:    Environment: development
2026-06-23 21:35:50 [info]:    Open http://localhost:3000 in your browser

2026-06-23 21:35:51 [info]: User VxlLrNpocffZ6GxookNgFXT6bC83 upgraded to premium (Razorpay Order: admin-seed)
2026-06-23 21:35:52 [info]: [yt-dlp] Update check complete.
2026-06-23 21:35:58 [info]: Firebase Admin SDK initialized for project: video-downloader-fd8ef
2026-06-23 21:35:59 [info]: Admin user arjitdaga@example.com already exists in Firebase Auth.
2026-06-23 21:35:59 [info]: [yt-dlp] Binary found and ready.
2026-06-23 21:35:59 [info]: ✅ yt-dlp found: vtrue
2026-06-23 21:35:59 [info]: [yt-dlp] Running auto-update...
2026-06-23 21:35:59 [info]: ✅ FFmpeg found: ffmpeg version 6.1.1-essentials_build-www.gyan.dev Copyright (c) 2000-2023 the FFmpeg developers
2026-06-23 21:35:59 [info]: 
🚀 Video Downloader API running at http://localhost:3000
2026-06-23 21:35:59 [info]:    Environment: development
2026-06-23 21:35:59 [info]:    Open http://localhost:3000 in your browser

2026-06-23 21:36:01 [info]: User VxlLrNpocffZ6GxookNgFXT6bC83 upgraded to premium (Razorpay Order: admin-seed)
2026-06-23 21:36:01 [info]: [yt-dlp] Update check complete.
2026-06-23 21:36:30 [info]: Firebase Admin SDK initialized for project: video-downloader-fd8ef
2026-06-23 21:36:31 [info]: Admin user arjitdaga@example.com already exists in Firebase Auth.
2026-06-23 21:36:31 [info]: [yt-dlp] Binary found and ready.
2026-06-23 21:36:31 [info]: ✅ yt-dlp found: vtrue
2026-06-23 21:36:31 [info]: [yt-dlp] Running auto-update...
2026-06-23 21:36:31 [info]: ✅ FFmpeg found: ffmpeg version 6.1.1-essentials_build-www.gyan.dev Copyright (c) 2000-2023 the FFmpeg developers
2026-06-23 21:36:31 [info]: 
🚀 Video Downloader API running at http://localhost:3000
2026-06-23 21:36:31 [info]:    Environment: development
2026-06-23 21:36:31 [info]:    Open http://localhost:3000 in your browser

2026-06-23 21:36:33 [info]: User VxlLrNpocffZ6GxookNgFXT6bC83 upgraded to premium (Razorpay Order: admin-seed)
2026-06-23 21:36:33 [info]: [yt-dlp] Update check complete.
2026-06-23 21:36:52 [debug]: GET / 200 11ms — ::1
2026-06-23 21:36:52 [debug]: GET /css/styles.css 200 8ms — ::1
2026-06-23 21:36:52 [debug]: GET /js/api.js 200 8ms — ::1
2026-06-23 21:36:52 [debug]: GET /js/auth.js 200 10ms — ::1
2026-06-23 21:36:52 [debug]: GET /js/app.js 200 4ms — ::1
2026-06-23 21:36:52 [debug]: GET /js/ui.js 200 3ms — ::1
2026-06-23 21:36:52 [debug]: GET /api/config 200 4ms — ::1
2026-06-23 21:36:53 [debug]: GET /favicon.ico 200 10ms — ::1
2026-06-23 21:36:54 [info]: Firestore user record created/updated for uid VxlLrNpocffZ6GxookNgFXT6bC83
2026-06-23 21:36:56 [debug]: [Auth] Token verified: uid=VxlLrNpocffZ6GxookNgFXT6bC83 tier=premium
2026-06-23 21:36:56 [debug]: POST /verify 200 2582ms — ::1
2026-06-23 21:36:59 [debug]: Auth: uid=VxlLrNpocffZ6GxookNgFXT6bC83 tier=premium
2026-06-23 21:36:59 [info]: [extract] Starting for: https://www.bilibili.com/video/BV1fLjt69ERX/?share_source=copy_web
2026-06-23 21:36:59 [info]: [yt-dlp] Running extraction for: https://www.bilibili.com/video/BV1fLjt69ERX/?share_source=copy_web
2026-06-23 21:37:05 [warn]: [yt-dlp] Failed (code=1): ERROR: [BiliBili] 1fLjt69ERX: Unable to download JSON metadata: HTTP Error 412: Precondition Failed (caused by <HTTPError 412: Precondition Failed>)

2026-06-23 21:37:05 [error]: [/api/extract] Error for URL "https://www.bilibili.com/video/BV1fLjt69ERX/?share_source=copy_web": Could not extract video information. ERROR: [BiliBili] 1fLjt69ERX: Unable to download JSON metadata: HTTP Error 412: Precondition Failed (caused by <HTTPError 412: Precondition Failed>)

2026-06-23 21:37:05 [warn]: POST / 422 6752ms — ::1
2026-06-23 21:42:04 [debug]: Auth: uid=VxlLrNpocffZ6GxookNgFXT6bC83 tier=premium
2026-06-23 21:42:04 [info]: [extract] Starting for: https://vimeo.com/1201819515
2026-06-23 21:42:04 [info]: [yt-dlp] Running extraction for: https://vimeo.com/1201819515
2026-06-23 21:42:12 [debug]: POST / 200 8372ms — ::1
2026-06-23 21:42:14 [debug]: GET /api/thumbnail 200 1173ms — ::1
2026-06-23 21:42:16 [info]: [extractFormatUrl] Using cached extraction for: https://vimeo.com/1201819515
2026-06-23 21:42:16 [debug]: POST / 200 5ms — ::1
2026-06-23 21:42:16 [info]: [Stream] Starting: Wander to Wonder.mp4 | merge=false | video=true | audio=false
2026-06-23 21:43:19 [debug]: Auth: uid=VxlLrNpocffZ6GxookNgFXT6bC83 tier=premium
2026-06-23 21:43:19 [info]: [extract] Starting for: https://www.facebook.com/watch/?v=1414428130709230
2026-06-23 21:43:19 [info]: [yt-dlp] Running extraction for: https://www.facebook.com/watch/?v=1414428130709230
2026-06-23 21:43:25 [debug]: POST / 200 5950ms — ::1
2026-06-23 21:43:26 [debug]: GET /api/thumbnail 200 466ms — ::1
2026-06-23 21:43:50 [info]: [extractFormatUrl] Using cached extraction for: https://www.facebook.com/watch/?v=1414428130709230
2026-06-23 21:43:50 [debug]: POST / 200 70ms — ::1
2026-06-23 21:43:50 [info]: [Stream] Starting: 901K views · 6.2K reactions _ Just ask 🌺 Gwyneth Yuma needed flowers to make leis, so she knocked on the auntie’s door across the street. _Most people are kind and happy to help if you're kind and re.mp4 | merge=false | video=true | audio=false
2026-06-23 21:43:55 [debug]: GET /stream/3c41f7ad7ccbef027357ca0d3318 200 5325ms — ::1
2026-06-23 21:44:00 [debug]: GET /stream/3ef03e58c43f006fc09f510c45b1 200 104728ms — ::1
2026-06-23 21:58:34 [debug]: GET / 200 10ms — ::1
2026-06-23 21:58:34 [debug]: GET /css/styles.css 200 6ms — ::1
2026-06-23 21:58:34 [debug]: GET /js/api.js 200 5ms — ::1
2026-06-23 21:58:34 [debug]: GET /js/auth.js 200 6ms — ::1
2026-06-23 21:58:34 [debug]: GET /js/ui.js 200 4ms — ::1
2026-06-23 21:58:34 [debug]: GET /js/app.js 200 4ms — ::1
2026-06-23 21:58:34 [debug]: GET /api/config 200 3ms — ::1
2026-06-23 21:58:35 [debug]: GET /favicon.ico 200 10ms — ::1
2026-06-23 21:58:36 [info]: Firestore user record created/updated for uid VxlLrNpocffZ6GxookNgFXT6bC83
2026-06-23 21:58:37 [debug]: [Auth] Token verified: uid=VxlLrNpocffZ6GxookNgFXT6bC83 tier=premium
2026-06-23 21:58:37 [debug]: POST /verify 200 2457ms — ::1
2026-06-23 22:00:23 [debug]: Auth: uid=VxlLrNpocffZ6GxookNgFXT6bC83 tier=premium
2026-06-23 22:00:23 [info]: [extract] Starting for: https://www.reddit.com/user/playtombraider/comments/1tw4gm0/unleash_deadly_attacks_with_lara_crofts_iconic/?p=1&impressionid=5383930744898888310&utm_source=share&utm_medium=mweb3x&utm_name=mweb3xcss&utm_term=1&utm_content=share_button
2026-06-23 22:00:23 [info]: [yt-dlp] Running extraction for: https://www.reddit.com/user/playtombraider/comments/1tw4gm0/unleash_deadly_attacks_with_lara_crofts_iconic/?p=1&impressionid=5383930744898888310&utm_source=share&utm_medium=mweb3x&utm_name=mweb3xcss&utm_term=1&utm_content=share_button
2026-06-23 22:00:29 [debug]: POST / 200 5529ms — ::1
2026-06-24 17:36:14 [info]: [extract] Starting for: https://www.reddit.com/r/india/comments/1tw4gm0/during_his_visit_to_slovakia_prime_minister/
2026-06-24 17:36:14 [info]: [yt-dlp] Running extraction for: https://www.reddit.com/r/india/comments/1tw4gm0/during_his_visit_to_slovakia_prime_minister/
2026-06-24 17:36:20 [warn]: [yt-dlp] Failed (code=1): ERROR: [Reddit] 1tw4gm0: Unable to download JSON metadata: HTTP Error 404: Not Found (caused by <HTTPError 404: Not Found>)

2026-06-24 17:38:16 [info]: [extract] Starting for: https://twitter.com/SpaceX/status/1768270566367584501
2026-06-24 17:38:16 [info]: [yt-dlp] Running extraction for: https://twitter.com/SpaceX/status/1768270566367584501
2026-06-24 17:38:22 [warn]: [yt-dlp] Failed (code=1): ERROR: [twitter] 1768270566367584501: No video could be found in this tweet

2026-06-24 17:39:13 [info]: Firebase Admin SDK initialized for project: video-downloader-fd8ef
2026-06-24 17:39:16 [info]: [yt-dlp] Binary found and ready.
2026-06-24 17:39:16 [info]: ✅ yt-dlp found: vtrue
2026-06-24 17:39:16 [info]: [yt-dlp] Running auto-update...
2026-06-24 17:39:16 [info]: ✅ FFmpeg found: ffmpeg version 6.1.1-essentials_build-www.gyan.dev Copyright (c) 2000-2023 the FFmpeg developers
2026-06-24 17:39:16 [info]: 
🚀 Video Downloader API running at http://localhost:3000
2026-06-24 17:39:16 [info]:    Environment: development
2026-06-24 17:39:16 [info]:    Open http://localhost:3000 in your browser

2026-06-24 17:39:17 [info]: Admin user arjitdaga@example.com already exists in Firebase Auth.
2026-06-24 17:39:19 [info]: [yt-dlp] Update check complete.
2026-06-24 17:39:21 [info]: User VxlLrNpocffZ6GxookNgFXT6bC83 upgraded to premium (Razorpay Order: admin-seed)
2026-06-24 17:40:20 [info]: Firebase Admin SDK initialized for project: video-downloader-fd8ef
2026-06-24 17:40:21 [info]: [yt-dlp] Binary found and ready.
2026-06-24 17:40:21 [info]: ✅ yt-dlp found: vtrue
2026-06-24 17:40:21 [info]: [yt-dlp] Running auto-update...
2026-06-24 17:40:21 [info]: ✅ FFmpeg found: ffmpeg version 6.1.1-essentials_build-www.gyan.dev Copyright (c) 2000-2023 the FFmpeg developers
2026-06-24 17:40:21 [info]: 
🚀 Video Downloader API running at http://localhost:3000
2026-06-24 17:40:21 [info]:    Environment: development
2026-06-24 17:40:21 [info]:    Open http://localhost:3000 in your browser

2026-06-24 17:40:21 [info]: Admin user arjitdaga@example.com already exists in Firebase Auth.
2026-06-24 17:40:23 [info]: [yt-dlp] Update check complete.
2026-06-24 17:40:24 [info]: User VxlLrNpocffZ6GxookNgFXT6bC83 upgraded to premium (Razorpay Order: admin-seed)
2026-06-24 17:40:50 [info]: Firebase Admin SDK initialized for project: video-downloader-fd8ef
2026-06-24 17:40:51 [info]: [yt-dlp] Binary found and ready.
2026-06-24 17:40:51 [info]: ✅ yt-dlp found: vtrue
2026-06-24 17:40:51 [info]: [yt-dlp] Running auto-update...
2026-06-24 17:40:51 [info]: ✅ FFmpeg found: ffmpeg version 6.1.1-essentials_build-www.gyan.dev Copyright (c) 2000-2023 the FFmpeg developers
2026-06-24 17:40:51 [info]: 
🚀 Video Downloader API running at http://localhost:3000
2026-06-24 17:40:51 [info]:    Environment: development
2026-06-24 17:40:51 [info]:    Open http://localhost:3000 in your browser

2026-06-24 17:40:53 [info]: Admin user arjitdaga@example.com already exists in Firebase Auth.
2026-06-24 17:40:54 [info]: [yt-dlp] Update check complete.
2026-06-24 17:40:54 [info]: User VxlLrNpocffZ6GxookNgFXT6bC83 upgraded to premium (Razorpay Order: admin-seed)
2026-06-24 17:52:31 [info]: Firebase Admin SDK initialized for project: video-downloader-fd8ef
2026-06-24 17:52:32 [info]: [yt-dlp] Binary found and ready.
2026-06-24 17:52:32 [info]: ✅ yt-dlp found: vtrue
2026-06-24 17:52:32 [info]: [yt-dlp] Running auto-update...
2026-06-24 17:52:32 [info]: ✅ FFmpeg found: ffmpeg version 6.1.1-essentials_build-www.gyan.dev Copyright (c) 2000-2023 the FFmpeg developers
2026-06-24 17:52:32 [info]: 
🚀 Video Downloader API running at http://localhost:3000
2026-06-24 17:52:32 [info]:    Environment: development
2026-06-24 17:52:32 [info]:    Open http://localhost:3000 in your browser

2026-06-24 17:52:33 [info]: Admin user arjitdaga@example.com already exists in Firebase Auth.
2026-06-24 17:52:34 [info]: User VxlLrNpocffZ6GxookNgFXT6bC83 upgraded to premium (Razorpay Order: admin-seed)
2026-06-24 17:52:35 [info]: [yt-dlp] Update check complete.
2026-06-26 13:08:00 [info]: Firebase Admin SDK initialized for project: video-downloader-fd8ef
2026-06-26 13:08:03 [info]: [yt-dlp] Binary found and ready.
2026-06-26 13:08:03 [info]: ✅ yt-dlp found: vtrue
2026-06-26 13:08:03 [info]: [yt-dlp] Running auto-update...
2026-06-26 13:08:03 [info]: ✅ FFmpeg found: ffmpeg version 6.1.1-essentials_build-www.gyan.dev Copyright (c) 2000-2023 the FFmpeg developers
2026-06-26 13:08:03 [info]: 
🚀 Video Downloader API running at http://localhost:3000
2026-06-26 13:08:03 [info]:    Environment: development
2026-06-26 13:08:03 [info]:    Open http://localhost:3000 in your browser

2026-06-26 13:08:03 [info]: Admin user arjitdaga@example.com already exists in Firebase Auth.
2026-06-26 13:08:05 [info]: [yt-dlp] Update check complete.
2026-06-26 13:08:06 [info]: User VxlLrNpocffZ6GxookNgFXT6bC83 upgraded to premium (Razorpay Order: admin-seed)
2026-06-26 13:08:37 [info]: Firebase Admin SDK initialized for project: video-downloader-fd8ef
2026-06-26 13:08:39 [info]: [yt-dlp] Binary found and ready.
2026-06-26 13:08:39 [info]: ✅ yt-dlp found: vtrue
2026-06-26 13:08:39 [info]: [yt-dlp] Running auto-update...
2026-06-26 13:08:39 [info]: ✅ FFmpeg found: ffmpeg version 6.1.1-essentials_build-www.gyan.dev Copyright (c) 2000-2023 the FFmpeg developers
2026-06-26 13:08:39 [info]: 
🚀 Video Downloader API running at http://localhost:3000
2026-06-26 13:08:39 [info]:    Environment: development
2026-06-26 13:08:39 [info]:    Open http://localhost:3000 in your browser

2026-06-26 13:08:39 [info]: Admin user arjitdaga@example.com already exists in Firebase Auth.
2026-06-26 13:08:41 [info]: User VxlLrNpocffZ6GxookNgFXT6bC83 upgraded to premium (Razorpay Order: admin-seed)
2026-06-26 13:08:41 [info]: [yt-dlp] Update check complete.
2026-06-26 13:23:38 [info]: Firebase Admin SDK initialized for project: video-downloader-fd8ef
2026-06-26 13:23:39 [info]: [yt-dlp] Binary found and ready.
2026-06-26 13:23:39 [info]: ✅ yt-dlp found: vtrue
2026-06-26 13:23:39 [info]: [yt-dlp] Running auto-update...
2026-06-26 13:23:39 [info]: ✅ FFmpeg found: ffmpeg version 6.1.1-essentials_build-www.gyan.dev Copyright (c) 2000-2023 the FFmpeg developers
2026-06-26 13:23:39 [info]: 
🚀 Video Downloader API running at http://localhost:3000
2026-06-26 13:23:39 [info]:    Environment: development
2026-06-26 13:23:39 [info]:    Open http://localhost:3000 in your browser

2026-06-26 13:23:47 [info]: [yt-dlp] Update check complete.
2026-06-26 13:23:52 [info]: Admin user arjitdaga@example.com already exists in Firebase Auth.
2026-06-26 13:23:59 [info]: User VxlLrNpocffZ6GxookNgFXT6bC83 upgraded to premium (Razorpay Order: admin-seed)
2026-06-26 13:24:05 [info]: [extractFormatUrl] Cache miss/expired, re-extracting: https://www.reddit.com/r/videos/comments/1exkj1/what_a_wonderful_world/
2026-06-26 13:24:05 [info]: [yt-dlp] Running extraction for: https://www.reddit.com/r/videos/comments/1exkj1/what_a_wonderful_world/
2026-06-26 13:24:11 [warn]: [yt-dlp] Failed (code=1): ERROR: [Reddit] 1exkj1: Unable to download JSON metadata: HTTP Error 404: Not Found (caused by <HTTPError 404: Not Found>)

2026-06-26 13:24:33 [info]: Firebase Admin SDK initialized for project: video-downloader-fd8ef
2026-06-26 13:24:34 [info]: Admin user arjitdaga@example.com already exists in Firebase Auth.
2026-06-26 13:24:34 [info]: [yt-dlp] Binary found and ready.
2026-06-26 13:24:34 [info]: ✅ yt-dlp found: vtrue
2026-06-26 13:24:34 [info]: [yt-dlp] Running auto-update...
2026-06-26 13:24:34 [info]: ✅ FFmpeg found: ffmpeg version 6.1.1-essentials_build-www.gyan.dev Copyright (c) 2000-2023 the FFmpeg developers
2026-06-26 13:24:34 [info]: 
🚀 Video Downloader API running at http://localhost:3000
2026-06-26 13:24:34 [info]:    Environment: development
2026-06-26 13:24:34 [info]:    Open http://localhost:3000 in your browser

2026-06-26 13:24:35 [info]: User VxlLrNpocffZ6GxookNgFXT6bC83 upgraded to premium (Razorpay Order: admin-seed)
2026-06-26 13:24:37 [info]: [yt-dlp] Update check complete.
2026-06-26 13:29:01 [info]: Firebase Admin SDK initialized for project: video-downloader-fd8ef
2026-06-26 13:29:05 [info]: [yt-dlp] Binary found and ready.
2026-06-26 13:29:05 [info]: ✅ yt-dlp found: vtrue
2026-06-26 13:29:05 [info]: [yt-dlp] Running auto-update...
2026-06-26 13:29:05 [info]: ✅ FFmpeg found: ffmpeg version 6.1.1-essentials_build-www.gyan.dev Copyright (c) 2000-2023 the FFmpeg developers
2026-06-26 13:29:05 [info]: 
🚀 Video Downloader API running at http://localhost:3000
2026-06-26 13:29:05 [info]:    Environment: development
2026-06-26 13:29:05 [info]:    Open http://localhost:3000 in your browser

2026-06-26 13:29:13 [info]: [yt-dlp] Update check complete.
2026-06-26 13:29:42 [info]: Admin user arjitdaga@example.com already exists in Firebase Auth.
2026-06-26 13:29:48 [info]: User VxlLrNpocffZ6GxookNgFXT6bC83 upgraded to premium (Razorpay Order: admin-seed)
2026-06-26 13:31:20 [info]: [extract] Starting for: https://www.reddit.com/r/videos/comments/1iio32r/dude_plays_super_mario_theme_while_the_fire_alarm/
2026-06-26 13:31:20 [info]: [yt-dlp] Running extraction for: https://www.reddit.com/r/videos/comments/1iio32r/dude_plays_super_mario_theme_while_the_fire_alarm/
2026-06-26 13:31:26 [warn]: [yt-dlp] Failed (code=1): ERROR: [Reddit] 1iio32r: Unable to download JSON metadata: HTTP Error 404: Not Found (caused by <HTTPError 404: Not Found>)

2026-06-26 13:32:40 [info]: Firebase Admin SDK initialized for project: video-downloader-fd8ef
2026-06-26 13:32:42 [info]: [yt-dlp] Binary found and ready.
2026-06-26 13:32:42 [info]: ✅ yt-dlp found: vtrue
2026-06-26 13:32:42 [info]: [yt-dlp] Running auto-update...
2026-06-26 13:32:42 [info]: ✅ FFmpeg found: ffmpeg version 6.1.1-essentials_build-www.gyan.dev Copyright (c) 2000-2023 the FFmpeg developers
2026-06-26 13:32:42 [info]: 
🚀 Video Downloader API running at http://localhost:3000
2026-06-26 13:32:42 [info]:    Environment: development
2026-06-26 13:32:42 [info]:    Open http://localhost:3000 in your browser

2026-06-26 13:32:51 [info]: [yt-dlp] Update check complete.
2026-06-26 13:32:51 [info]: Admin user arjitdaga@example.com already exists in Firebase Auth.
2026-06-26 13:32:57 [info]: User VxlLrNpocffZ6GxookNgFXT6bC83 upgraded to premium (Razorpay Order: admin-seed)
2026-06-26 13:37:05 [info]: Firebase Admin SDK initialized for project: video-downloader-fd8ef
2026-06-26 13:37:06 [info]: [yt-dlp] Binary found and ready.
2026-06-26 13:37:06 [info]: ✅ yt-dlp found: vtrue
2026-06-26 13:37:06 [info]: [yt-dlp] Running auto-update...
2026-06-26 13:37:06 [info]: ✅ FFmpeg found: ffmpeg version 6.1.1-essentials_build-www.gyan.dev Copyright (c) 2000-2023 the FFmpeg developers
2026-06-26 13:37:06 [info]: 
🚀 Video Downloader API running at http://localhost:3000
2026-06-26 13:37:06 [info]:    Environment: development
2026-06-26 13:37:06 [info]:    Open http://localhost:3000 in your browser

2026-06-26 13:37:11 [info]: [yt-dlp] Update check complete.
2026-06-26 13:37:12 [info]: Admin user arjitdaga@example.com already exists in Firebase Auth.
2026-06-26 13:37:21 [info]: User VxlLrNpocffZ6GxookNgFXT6bC83 upgraded to premium (Razorpay Order: admin-seed)
2026-06-26 13:37:50 [info]: [extract] Starting for: https://www.reddit.com/r/Damnthatsinteresting/comments/1iino1e/the_way_this_guy_cleans_the_street/
2026-06-26 13:37:50 [info]: [yt-dlp] Running extraction for: https://www.reddit.com/r/Damnthatsinteresting/comments/1iino1e/the_way_this_guy_cleans_the_street/
2026-06-26 13:38:00 [warn]: [yt-dlp] Failed (code=1): ERROR: [Reddit] 1iino1e: Unable to download JSON metadata: HTTP Error 404: Not Found (caused by <HTTPError 404: Not Found>)

2026-06-26 13:39:47 [info]: Firebase Admin SDK initialized for project: video-downloader-fd8ef
2026-06-26 13:39:50 [info]: [yt-dlp] Binary found and ready.
2026-06-26 13:39:50 [info]: ✅ yt-dlp found: vtrue
2026-06-26 13:39:50 [info]: [yt-dlp] Running auto-update...
2026-06-26 13:39:50 [info]: ✅ FFmpeg found: ffmpeg version 6.1.1-essentials_build-www.gyan.dev Copyright (c) 2000-2023 the FFmpeg developers
2026-06-26 13:39:50 [info]: 
🚀 Video Downloader API running at http://localhost:3000
2026-06-26 13:39:50 [info]:    Environment: development
2026-06-26 13:39:50 [info]:    Open http://localhost:3000 in your browser

2026-06-26 13:39:56 [info]: [yt-dlp] Update check complete.
2026-06-26 13:39:57 [info]: Admin user arjitdaga@example.com already exists in Firebase Auth.
2026-06-26 13:40:00 [info]: User VxlLrNpocffZ6GxookNgFXT6bC83 upgraded to premium (Razorpay Order: admin-seed)
2026-06-26 13:41:25 [info]: Firebase Admin SDK initialized for project: video-downloader-fd8ef
2026-06-26 13:41:26 [info]: [yt-dlp] Binary found and ready.
2026-06-26 13:41:26 [info]: ✅ yt-dlp found: vtrue
2026-06-26 13:41:26 [info]: [yt-dlp] Running auto-update...
2026-06-26 13:41:26 [info]: ✅ FFmpeg found: ffmpeg version 6.1.1-essentials_build-www.gyan.dev Copyright (c) 2000-2023 the FFmpeg developers
2026-06-26 13:41:26 [info]: 
🚀 Video Downloader API running at http://localhost:3000
2026-06-26 13:41:26 [info]:    Environment: development
2026-06-26 13:41:26 [info]:    Open http://localhost:3000 in your browser

2026-06-26 13:41:34 [info]: [yt-dlp] Update check complete.
2026-06-26 13:41:34 [info]: Admin user arjitdaga@example.com already exists in Firebase Auth.
2026-06-26 13:41:37 [info]: User VxlLrNpocffZ6GxookNgFXT6bC83 upgraded to premium (Razorpay Order: admin-seed)
2026-06-26 13:42:20 [info]: Firebase Admin SDK initialized for project: video-downloader-fd8ef
2026-06-26 13:42:21 [info]: [yt-dlp] Binary found and ready.
2026-06-26 13:42:21 [info]: ✅ yt-dlp found: vtrue
2026-06-26 13:42:21 [info]: [yt-dlp] Running auto-update...
2026-06-26 13:42:21 [info]: ✅ FFmpeg found: ffmpeg version 6.1.1-essentials_build-www.gyan.dev Copyright (c) 2000-2023 the FFmpeg developers
2026-06-26 13:42:21 [info]: 
🚀 Video Downloader API running at http://localhost:3000
2026-06-26 13:42:21 [info]:    Environment: development
2026-06-26 13:42:21 [info]:    Open http://localhost:3000 in your browser

2026-06-26 13:42:38 [info]: [yt-dlp] Update check complete.
2026-06-26 13:42:38 [info]: Admin user arjitdaga@example.com already exists in Firebase Auth.
2026-06-26 13:42:39 [info]: User VxlLrNpocffZ6GxookNgFXT6bC83 upgraded to premium (Razorpay Order: admin-seed)
2026-06-26 13:43:14 [info]: Firebase Admin SDK initialized for project: video-downloader-fd8ef
2026-06-26 13:43:15 [info]: [yt-dlp] Binary found and ready.
2026-06-26 13:43:15 [info]: ✅ yt-dlp found: vtrue
2026-06-26 13:43:15 [info]: [yt-dlp] Running auto-update...
2026-06-26 13:43:15 [info]: ✅ FFmpeg found: ffmpeg version 6.1.1-essentials_build-www.gyan.dev Copyright (c) 2000-2023 the FFmpeg developers
2026-06-26 13:43:15 [info]: 
🚀 Video Downloader API running at http://localhost:3000
2026-06-26 13:43:15 [info]:    Environment: development
2026-06-26 13:43:15 [info]:    Open http://localhost:3000 in your browser

2026-06-26 13:43:35 [info]: Admin user arjitdaga@example.com already exists in Firebase Auth.
2026-06-26 13:43:36 [info]: [yt-dlp] Update check complete.
2026-06-26 13:43:36 [info]: User VxlLrNpocffZ6GxookNgFXT6bC83 upgraded to premium (Razorpay Order: admin-seed)
2026-06-26 13:43:54 [info]: Firebase Admin SDK initialized for project: video-downloader-fd8ef
2026-06-26 13:43:55 [info]: [yt-dlp] Binary found and ready.
2026-06-26 13:43:55 [info]: ✅ yt-dlp found: vtrue
2026-06-26 13:43:55 [info]: [yt-dlp] Running auto-update...
2026-06-26 13:43:55 [info]: ✅ FFmpeg found: ffmpeg version 6.1.1-essentials_build-www.gyan.dev Copyright (c) 2000-2023 the FFmpeg developers
2026-06-26 13:43:55 [info]: 
🚀 Video Downloader API running at http://localhost:3000
2026-06-26 13:43:55 [info]:    Environment: development
2026-06-26 13:43:55 [info]:    Open http://localhost:3000 in your browser

2026-06-26 13:44:09 [info]: Admin user arjitdaga@example.com already exists in Firebase Auth.
2026-06-26 13:44:10 [info]: [yt-dlp] Update check complete.
2026-06-26 13:44:20 [info]: User VxlLrNpocffZ6GxookNgFXT6bC83 upgraded to premium (Razorpay Order: admin-seed)
2026-06-26 13:45:10 [info]: Firebase Admin SDK initialized for project: video-downloader-fd8ef
2026-06-26 13:45:11 [info]: [yt-dlp] Binary found and ready.
2026-06-26 13:45:11 [info]: ✅ yt-dlp found: vtrue
2026-06-26 13:45:11 [info]: [yt-dlp] Running auto-update...
2026-06-26 13:45:11 [info]: ✅ FFmpeg found: ffmpeg version 6.1.1-essentials_build-www.gyan.dev Copyright (c) 2000-2023 the FFmpeg developers
2026-06-26 13:45:11 [info]: 
🚀 Video Downloader API running at http://localhost:3000
2026-06-26 13:45:11 [info]:    Environment: development
2026-06-26 13:45:11 [info]:    Open http://localhost:3000 in your browser

2026-06-26 13:45:19 [info]: [yt-dlp] Update check complete.
2026-06-26 13:45:24 [info]: Admin user arjitdaga@example.com already exists in Firebase Auth.
2026-06-26 13:45:25 [info]: User VxlLrNpocffZ6GxookNgFXT6bC83 upgraded to premium (Razorpay Order: admin-seed)
2026-06-26 13:45:41 [info]: Firebase Admin SDK initialized for project: video-downloader-fd8ef
2026-06-26 13:45:42 [info]: [yt-dlp] Binary found and ready.
2026-06-26 13:45:42 [info]: ✅ yt-dlp found: vtrue
2026-06-26 13:45:42 [info]: [yt-dlp] Running auto-update...
2026-06-26 13:45:42 [info]: ✅ FFmpeg found: ffmpeg version 6.1.1-essentials_build-www.gyan.dev Copyright (c) 2000-2023 the FFmpeg developers
2026-06-26 13:45:42 [info]: 
🚀 Video Downloader API running at http://localhost:3000
2026-06-26 13:45:42 [info]:    Environment: development
2026-06-26 13:45:42 [info]:    Open http://localhost:3000 in your browser

2026-06-26 13:45:50 [info]: [yt-dlp] Update check complete.
2026-06-26 13:46:36 [info]: Admin user arjitdaga@example.com already exists in Firebase Auth.
2026-06-26 13:46:56 [info]: User VxlLrNpocffZ6GxookNgFXT6bC83 upgraded to premium (Razorpay Order: admin-seed)
2026-06-26 14:01:14 [info]: Firebase Admin SDK initialized for project: video-downloader-fd8ef
2026-06-26 14:01:15 [info]: [yt-dlp] Binary found and ready.
2026-06-26 14:01:15 [info]: ✅ yt-dlp found: vtrue
2026-06-26 14:01:15 [info]: [yt-dlp] Running auto-update...
2026-06-26 14:01:15 [info]: ✅ FFmpeg found: ffmpeg version 6.1.1-essentials_build-www.gyan.dev Copyright (c) 2000-2023 the FFmpeg developers
2026-06-26 14:01:15 [info]: 
🚀 Video Downloader API running at http://localhost:3000
2026-06-26 14:01:15 [info]:    Environment: development
2026-06-26 14:01:15 [info]:    Open http://localhost:3000 in your browser

2026-06-26 14:01:17 [info]: Admin user arjitdaga@example.com already exists in Firebase Auth.
2026-06-26 14:01:18 [info]: User VxlLrNpocffZ6GxookNgFXT6bC83 upgraded to premium (Razorpay Order: admin-seed)
2026-06-26 14:01:18 [info]: [yt-dlp] Update check complete.
2026-06-26 14:01:26 [info]: [extract] Starting for: https://www.reddit.com/r/Damnthatsinteresting/comments/1iino1e/the_way_this_guy_cleans_the_street/
2026-06-26 14:01:26 [info]: [yt-dlp] Running extraction for: https://www.reddit.com/r/Damnthatsinteresting/comments/1iino1e/the_way_this_guy_cleans_the_street/
2026-06-26 14:01:31 [warn]: [yt-dlp] Failed (code=1): ERROR: [Reddit] 1iino1e: Unable to download JSON metadata: HTTP Error 404: Not Found (caused by <HTTPError 404: Not Found>)

2026-06-26 14:01:59 [info]: Firebase Admin SDK initialized for project: video-downloader-fd8ef
2026-06-26 14:02:00 [info]: [yt-dlp] Binary found and ready.
2026-06-26 14:02:00 [info]: ✅ yt-dlp found: vtrue
2026-06-26 14:02:00 [info]: [yt-dlp] Running auto-update...
2026-06-26 14:02:00 [info]: ✅ FFmpeg found: ffmpeg version 6.1.1-essentials_build-www.gyan.dev Copyright (c) 2000-2023 the FFmpeg developers
2026-06-26 14:02:00 [info]: 
🚀 Video Downloader API running at http://localhost:3000
2026-06-26 14:02:00 [info]:    Environment: development
2026-06-26 14:02:00 [info]:    Open http://localhost:3000 in your browser

2026-06-26 14:02:01 [info]: Admin user arjitdaga@example.com already exists in Firebase Auth.
2026-06-26 14:02:02 [info]: User VxlLrNpocffZ6GxookNgFXT6bC83 upgraded to premium (Razorpay Order: admin-seed)
2026-06-26 14:02:03 [info]: [yt-dlp] Update check complete.
2026-06-26 14:07:55 [info]: Firebase Admin SDK initialized for project: video-downloader-fd8ef
2026-06-26 14:07:56 [info]: [yt-dlp] Binary found and ready.
2026-06-26 14:07:56 [info]: ✅ yt-dlp found: vtrue
2026-06-26 14:07:56 [info]: [yt-dlp] Running auto-update...
2026-06-26 14:07:56 [info]: ✅ FFmpeg found: ffmpeg version 6.1.1-essentials_build-www.gyan.dev Copyright (c) 2000-2023 the FFmpeg developers
2026-06-26 14:07:56 [info]: 
🚀 Video Downloader API running at http://localhost:3000
2026-06-26 14:07:56 [info]:    Environment: development
2026-06-26 14:07:56 [info]:    Open http://localhost:3000 in your browser

2026-06-26 14:07:56 [info]: Admin user arjitdaga@example.com already exists in Firebase Auth.
2026-06-26 14:07:58 [info]: User VxlLrNpocffZ6GxookNgFXT6bC83 upgraded to premium (Razorpay Order: admin-seed)
2026-06-26 14:07:59 [info]: [yt-dlp] Update check complete.
2026-06-26 14:08:26 [info]: Firebase Admin SDK initialized for project: video-downloader-fd8ef
2026-06-26 14:08:27 [info]: Admin user arjitdaga@example.com already exists in Firebase Auth.
2026-06-26 14:08:28 [info]: [yt-dlp] Binary found and ready.
2026-06-26 14:08:28 [info]: ✅ yt-dlp found: vtrue
2026-06-26 14:08:28 [info]: [yt-dlp] Running auto-update...
2026-06-26 14:08:28 [info]: ✅ FFmpeg found: ffmpeg version 6.1.1-essentials_build-www.gyan.dev Copyright (c) 2000-2023 the FFmpeg developers
2026-06-26 14:08:28 [info]: 
🚀 Video Downloader API running at http://localhost:3000
2026-06-26 14:08:28 [info]:    Environment: development
2026-06-26 14:08:28 [info]:    Open http://localhost:3000 in your browser

2026-06-26 14:08:29 [info]: User VxlLrNpocffZ6GxookNgFXT6bC83 upgraded to premium (Razorpay Order: admin-seed)
2026-06-26 14:08:30 [info]: [yt-dlp] Update check complete.
2026-06-26 14:08:44 [info]: Firebase Admin SDK initialized for project: video-downloader-fd8ef
2026-06-26 14:08:45 [info]: Admin user arjitdaga@example.com already exists in Firebase Auth.
2026-06-26 14:08:45 [info]: [yt-dlp] Binary found and ready.
2026-06-26 14:08:45 [info]: ✅ yt-dlp found: vtrue
2026-06-26 14:08:45 [info]: [yt-dlp] Running auto-update...
2026-06-26 14:08:45 [info]: ✅ FFmpeg found: ffmpeg version 6.1.1-essentials_build-www.gyan.dev Copyright (c) 2000-2023 the FFmpeg developers
2026-06-26 14:08:45 [info]: 
🚀 Video Downloader API running at http://localhost:3000
2026-06-26 14:08:45 [info]:    Environment: development
2026-06-26 14:08:45 [info]:    Open http://localhost:3000 in your browser

2026-06-26 14:08:46 [info]: User VxlLrNpocffZ6GxookNgFXT6bC83 upgraded to premium (Razorpay Order: admin-seed)
2026-06-26 14:08:47 [info]: [yt-dlp] Update check complete.
2026-06-26 16:03:02 [info]: Firebase Admin SDK initialized for project: video-downloader-fd8ef
2026-06-26 16:03:03 [info]: [yt-dlp] Binary found and ready.
2026-06-26 16:03:03 [info]: ✅ yt-dlp found: vtrue
2026-06-26 16:03:03 [info]: [yt-dlp] Running auto-update...
2026-06-26 16:03:03 [info]: ✅ FFmpeg found: ffmpeg version 6.1.1-essentials_build-www.gyan.dev Copyright (c) 2000-2023 the FFmpeg developers
2026-06-26 16:03:03 [info]: 
🚀 Video Downloader API running at http://localhost:3000
2026-06-26 16:03:03 [info]:    Environment: development
2026-06-26 16:03:03 [info]:    Open http://localhost:3000 in your browser

2026-06-26 16:03:03 [info]: Admin user arjitdaga@example.com already exists in Firebase Auth.
2026-06-26 16:03:06 [info]: User VxlLrNpocffZ6GxookNgFXT6bC83 upgraded to premium (Razorpay Order: admin-seed)
2026-06-26 16:03:06 [info]: [yt-dlp] Update check complete.
2026-06-26 16:25:15 [info]: Firebase Admin SDK initialized for project: video-downloader-fd8ef
2026-06-26 16:25:16 [info]: [yt-dlp] Binary found and ready.
2026-06-26 16:25:16 [info]: ✅ yt-dlp found: vtrue
2026-06-26 16:25:16 [info]: [yt-dlp] Running auto-update...
2026-06-26 16:25:16 [info]: ✅ FFmpeg found: ffmpeg version 6.1.1-essentials_build-www.gyan.dev Copyright (c) 2000-2023 the FFmpeg developers
2026-06-26 16:25:16 [info]: 
🚀 Video Downloader API running at http://localhost:3000
2026-06-26 16:25:16 [info]:    Environment: development
2026-06-26 16:25:16 [info]:    Open http://localhost:3000 in your browser

2026-06-26 16:25:16 [info]: Admin user arjitdaga@example.com already exists in Firebase Auth.
2026-06-26 16:25:19 [info]: [yt-dlp] Update check complete.
2026-06-26 16:25:19 [info]: User VxlLrNpocffZ6GxookNgFXT6bC83 upgraded to premium (Razorpay Order: admin-seed)
2026-06-26 16:34:16 [info]: Firebase Admin SDK initialized for project: video-downloader-fd8ef
2026-06-26 16:34:17 [info]: Admin user arjitdaga@example.com already exists in Firebase Auth.
2026-06-26 16:34:18 [info]: [yt-dlp] Binary found and ready.
2026-06-26 16:34:18 [info]: ✅ yt-dlp found: vtrue
2026-06-26 16:34:18 [info]: [yt-dlp] Running auto-update...
2026-06-26 16:34:18 [info]: ✅ FFmpeg found: ffmpeg version 6.1.1-essentials_build-www.gyan.dev Copyright (c) 2000-2023 the FFmpeg developers
2026-06-26 16:34:18 [info]: 
🚀 Video Downloader API running at http://localhost:3000
2026-06-26 16:34:18 [info]:    Environment: development
2026-06-26 16:34:18 [info]:    Open http://localhost:3000 in your browser

2026-06-26 16:34:20 [info]: User VxlLrNpocffZ6GxookNgFXT6bC83 upgraded to premium (Razorpay Order: admin-seed)
2026-06-26 16:34:20 [info]: [yt-dlp] Update check complete.
2026-06-26 16:45:03 [info]: Firebase Admin SDK initialized for project: video-downloader-fd8ef
2026-06-26 16:45:05 [info]: [yt-dlp] Binary found and ready.
2026-06-26 16:45:05 [info]: ✅ yt-dlp found: vtrue
2026-06-26 16:45:05 [info]: [yt-dlp] Running auto-update...
2026-06-26 16:45:05 [info]: ✅ FFmpeg found: ffmpeg version 6.1.1-essentials_build-www.gyan.dev Copyright (c) 2000-2023 the FFmpeg developers
2026-06-26 16:45:05 [info]: 
🚀 Video Downloader API running at http://localhost:3000
2026-06-26 16:45:05 [info]:    Environment: development
2026-06-26 16:45:05 [info]:    Open http://localhost:3000 in your browser

2026-06-26 16:45:05 [info]: Admin user arjitdaga@example.com already exists in Firebase Auth.
2026-06-26 16:45:07 [info]: User VxlLrNpocffZ6GxookNgFXT6bC83 upgraded to premium (Razorpay Order: admin-seed)
2026-06-26 16:45:08 [info]: [yt-dlp] Update check complete.
2026-06-26 17:01:50 [info]: Firebase Admin SDK initialized for project: video-downloader-fd8ef
2026-06-26 17:01:51 [info]: Admin user arjitdaga@example.com already exists in Firebase Auth.
2026-06-26 17:01:51 [info]: [yt-dlp] Binary found and ready.
2026-06-26 17:01:51 [info]: ✅ yt-dlp found: vtrue
2026-06-26 17:01:51 [info]: [yt-dlp] Running auto-update...
2026-06-26 17:01:51 [info]: ✅ FFmpeg found: ffmpeg version 6.1.1-essentials_build-www.gyan.dev Copyright (c) 2000-2023 the FFmpeg developers
2026-06-26 17:01:51 [info]: 
🚀 Video Downloader API running at http://localhost:3000
2026-06-26 17:01:51 [info]:    Environment: development
2026-06-26 17:01:51 [info]:    Open http://localhost:3000 in your browser

2026-06-26 17:01:53 [info]: User VxlLrNpocffZ6GxookNgFXT6bC83 upgraded to premium (Razorpay Order: admin-seed)
2026-06-26 17:01:54 [info]: [yt-dlp] Update check complete.
2026-06-26 17:02:07 [info]: Firebase Admin SDK initialized for project: video-downloader-fd8ef
2026-06-26 17:02:08 [info]: Admin user arjitdaga@example.com already exists in Firebase Auth.
2026-06-26 17:02:09 [info]: [yt-dlp] Binary found and ready.
2026-06-26 17:02:09 [info]: ✅ yt-dlp found: vtrue
2026-06-26 17:02:09 [info]: [yt-dlp] Running auto-update...
2026-06-26 17:02:09 [info]: ✅ FFmpeg found: ffmpeg version 6.1.1-essentials_build-www.gyan.dev Copyright (c) 2000-2023 the FFmpeg developers
2026-06-26 17:02:09 [info]: 
🚀 Video Downloader API running at http://localhost:3000
2026-06-26 17:02:09 [info]:    Environment: development
2026-06-26 17:02:09 [info]:    Open http://localhost:3000 in your browser

2026-06-26 17:02:09 [info]: User VxlLrNpocffZ6GxookNgFXT6bC83 upgraded to premium (Razorpay Order: admin-seed)
2026-06-26 17:02:11 [info]: [yt-dlp] Update check complete.
2026-06-26 17:02:51 [info]: Firebase Admin SDK initialized for project: video-downloader-fd8ef
2026-06-26 17:02:52 [info]: Admin user arjitdaga@example.com already exists in Firebase Auth.
2026-06-26 17:02:52 [info]: [yt-dlp] Binary found and ready.
2026-06-26 17:02:52 [info]: ✅ yt-dlp found: vtrue
2026-06-26 17:02:52 [info]: [yt-dlp] Running auto-update...
2026-06-26 17:02:52 [info]: ✅ FFmpeg found: ffmpeg version 6.1.1-essentials_build-www.gyan.dev Copyright (c) 2000-2023 the FFmpeg developers
2026-06-26 17:02:52 [info]: 
🚀 Video Downloader API running at http://localhost:3000
2026-06-26 17:02:52 [info]:    Environment: development
2026-06-26 17:02:52 [info]:    Open http://localhost:3000 in your browser

2026-06-26 17:02:53 [info]: User VxlLrNpocffZ6GxookNgFXT6bC83 upgraded to premium (Razorpay Order: admin-seed)
2026-06-26 17:02:54 [info]: [yt-dlp] Update check complete.
